trace_name,alg_name,cache_invalidation_method_compress,cache_invalidation_method_decompress,page_number,compressed_size,uncompressed_size,compression_time,decompression_time
REFERENCE_ollama,lzo,0,0,1,53,4096,83749,4999
REFERENCE_ollama,lzo,0,0,2,406,4096,83774,13911
REFERENCE_ollama,lzo,0,0,3,690,4096,87715,11958
REFERENCE_ollama,lzo,0,0,4,124,4096,77943,11338
REFERENCE_ollama,lzo,0,0,5,1365,4096,97062,17211
REFERENCE_ollama,lzo,0,0,6,746,4096,88170,12931
REFERENCE_ollama,lzo,0,0,7,1096,4096,92810,17049
REFERENCE_ollama,lzo,0,0,8,1015,4096,86873,13178
REFERENCE_ollama,lzo,0,0,9,1142,4096,85139,14689
REFERENCE_ollama,lzo,0,0,10,1612,4096,90944,14405
REFERENCE_ollama,lzo,0,0,11,1729,4096,94692,21682
REFERENCE_ollama,lzo,0,0,12,1541,4096,93601,21617
REFERENCE_ollama,lzo,0,0,13,1593,4096,87931,14302
REFERENCE_ollama,lzo,0,0,14,2384,4096,106809,26484
REFERENCE_ollama,lzo,0,0,15,1243,4096,87664,19340
REFERENCE_ollama,lzo,0,0,16,404,4096,75057,10582
REFERENCE_ollama,lzo,0,0,17,404,4096,74936,12363
REFERENCE_ollama,lzo,0,0,18,690,4096,77514,10422
REFERENCE_ollama,lzo,0,0,19,986,4096,81050,12532
REFERENCE_ollama,lzo,0,0,20,1177,4096,82431,10640
REFERENCE_ollama,lzo,0,0,21,1416,4096,90335,17943
REFERENCE_ollama,lzo,0,0,22,765,4096,78897,10938
REFERENCE_ollama,lzo,0,0,23,1046,4096,86490,16902
REFERENCE_ollama,lzo,0,0,24,561,4096,75918,12769
REFERENCE_ollama,lzo,0,0,25,958,4096,85793,15686
REFERENCE_ollama,lzo,0,0,26,1488,4096,57773,8621
REFERENCE_ollama,lzo,0,0,27,2236,4096,42602,7476
REFERENCE_ollama,lzo,0,0,28,1440,4096,41702,7585
REFERENCE_ollama,lzo,0,0,29,1007,4096,37035,6209
REFERENCE_ollama,lzo,0,0,30,902,4096,38388,6715
REFERENCE_ollama,lzo,0,0,31,284,4096,34304,5010
REFERENCE_ollama,lzo,0,0,32,1535,4096,41253,7475
REFERENCE_ollama,lzo,0,0,33,1678,4096,43620,9268
REFERENCE_ollama,lzo,0,0,34,103,4096,33687,2802
REFERENCE_ollama,lzo,0,0,35,1104,4096,40247,7117
REFERENCE_ollama,lzo,0,0,36,1484,4096,42132,8095
REFERENCE_ollama,lzo,0,0,37,906,4096,37545,5137
REFERENCE_ollama,lzo,0,0,38,786,4096,38385,4876
REFERENCE_ollama,lzo,0,0,39,4116,4096,33564,1602
REFERENCE_ollama,lzo,0,0,40,4116,4096,32593,1450
REFERENCE_ollama,lzo,0,0,41,4116,4096,33211,1453
REFERENCE_ollama,lzo,0,0,42,4116,4096,33418,1451
REFERENCE_ollama,lzo,0,0,43,4116,4096,32534,1451
REFERENCE_ollama,lzo,0,0,44,4116,4096,33569,1461
REFERENCE_ollama,lzo,0,0,45,4116,4096,33551,1455
REFERENCE_ollama,lzo,0,0,46,4116,4096,33543,1449
REFERENCE_ollama,lzo,0,0,47,4116,4096,33155,1455
REFERENCE_ollama,lzo,0,0,48,4116,4096,33681,1455
REFERENCE_ollama,lzo,0,0,49,4116,4096,33627,1452
REFERENCE_ollama,lzo,0,0,50,4116,4096,32707,1452
REFERENCE_ollama,lzo,0,0,51,4116,4096,33123,1451
REFERENCE_ollama,lzo,0,0,52,4116,4096,33750,1450
REFERENCE_ollama,lzo,0,0,53,4116,4096,33223,1450
REFERENCE_ollama,lzo,0,0,54,4116,4096,33191,1455
REFERENCE_ollama,lzo,0,0,55,4116,4096,33691,1452
REFERENCE_ollama,lzo,0,0,56,4116,4096,33950,1448
REFERENCE_ollama,lzo,0,0,57,4116,4096,32445,1455
REFERENCE_ollama,lzo,0,0,58,4116,4096,33338,1451
REFERENCE_ollama,lzo,0,0,59,4116,4096,33812,1550
REFERENCE_ollama,lzo,0,0,60,4116,4096,33792,1450
REFERENCE_ollama,lzo,0,0,61,4116,4096,33032,1453
REFERENCE_ollama,lzo,0,0,62,4116,4096,33237,1454
REFERENCE_ollama,lzo,0,0,63,4116,4096,33700,1451
REFERENCE_ollama,lzo,0,0,64,4116,4096,33696,1450
REFERENCE_ollama,lzo,0,0,65,4116,4096,32874,1449
REFERENCE_ollama,lzo,0,0,66,4116,4096,33447,1451
REFERENCE_ollama,lzo,0,0,67,4116,4096,33696,1451
REFERENCE_ollama,lzo,0,0,68,4116,4096,32777,1452
REFERENCE_ollama,lzo,0,0,69,4116,4096,33672,1454
REFERENCE_ollama,lzo,0,0,70,4116,4096,33750,1466
REFERENCE_ollama,lzo,0,0,71,4116,4096,33664,1462
REFERENCE_ollama,lzo,0,0,72,4116,4096,33203,1469
REFERENCE_ollama,lzo,0,0,73,2116,4096,34279,1869
REFERENCE_ollama,lzo,0,0,74,4116,4096,33481,1455
REFERENCE_ollama,lzo,0,0,75,4116,4096,33390,1457
REFERENCE_ollama,lzo,0,0,76,4116,4096,33859,1464
REFERENCE_ollama,lzo,0,0,77,4116,4096,33694,1447
REFERENCE_ollama,lzo,0,0,78,4116,4096,33899,1489
REFERENCE_ollama,lzo,0,0,79,3782,4096,42422,4989
REFERENCE_ollama,lzo,0,0,80,4116,4096,33947,1620
REFERENCE_ollama,lzo,0,0,81,4116,4096,33143,1607
REFERENCE_ollama,lzo,0,0,82,654,4096,36328,5235
REFERENCE_ollama,lzo,0,0,83,4116,4096,33792,1489
REFERENCE_ollama,lzo,0,0,84,4116,4096,33412,1451
REFERENCE_ollama,lzo,0,0,85,4116,4096,33934,1454
REFERENCE_ollama,lzo,0,0,86,4116,4096,32764,1453
REFERENCE_ollama,lzo,0,0,87,4116,4096,33152,1450
REFERENCE_ollama,lzo,0,0,88,4116,4096,33737,1450
REFERENCE_ollama,lzo,0,0,89,4116,4096,32641,1451
REFERENCE_ollama,lzo,0,0,90,4116,4096,33582,1453
REFERENCE_ollama,lzo,0,0,91,4116,4096,34097,1539
REFERENCE_ollama,lzo,0,0,92,4116,4096,33272,1452
REFERENCE_ollama,lzo,0,0,93,4116,4096,33362,1450
REFERENCE_ollama,lzo,0,0,94,4116,4096,33715,1453
REFERENCE_ollama,lzo,0,0,95,4116,4096,33403,1452
REFERENCE_ollama,lzo,0,0,96,2116,4096,33507,1861
REFERENCE_ollama,lzo,0,0,97,4116,4096,33566,1612
REFERENCE_ollama,lzo,0,0,98,4116,4096,33162,1602
REFERENCE_ollama,lzo,0,0,99,4116,4096,33298,1601
REFERENCE_ollama,lzo,0,0,100,4116,4096,32749,1629
REFERENCE_ollama,lzo,0,0,101,4116,4096,33664,1621
REFERENCE_ollama,lzo,0,0,102,4116,4096,33476,1600
REFERENCE_ollama,lzo,0,0,103,4116,4096,32644,1600
REFERENCE_ollama,lzo,0,0,104,4116,4096,33310,1600
REFERENCE_ollama,lzo,0,0,105,4116,4096,33462,1599
REFERENCE_ollama,lzo,0,0,106,747,4096,36806,5255
REFERENCE_ollama,lzo,0,0,107,4116,4096,33068,1521
REFERENCE_ollama,lzo,0,0,108,2116,4096,33794,1867
REFERENCE_ollama,lzo,0,0,109,4116,4096,33729,1556
REFERENCE_ollama,lzo,0,0,110,4116,4096,33173,1453
REFERENCE_ollama,lzo,0,0,111,4116,4096,33286,1448
REFERENCE_ollama,lzo,0,0,112,4116,4096,33526,1452
REFERENCE_ollama,lzo,0,0,113,4116,4096,33463,1456
REFERENCE_ollama,lzo,0,0,114,4116,4096,33038,1450
REFERENCE_ollama,lzo,0,0,115,4116,4096,33313,1450
REFERENCE_ollama,lzo,0,0,116,4116,4096,33849,1452
REFERENCE_ollama,lzo,0,0,117,3293,4096,32902,1598
REFERENCE_ollama,lzo,0,0,118,4116,4096,33359,1491
REFERENCE_ollama,lzo,0,0,119,4116,4096,33511,1454
REFERENCE_ollama,lzo,0,0,120,4116,4096,33291,1450
REFERENCE_ollama,lzo,0,0,121,4116,4096,33085,1453
REFERENCE_ollama,lzo,0,0,122,4116,4096,33032,1454
REFERENCE_ollama,lzo,0,0,123,4116,4096,33594,1455
REFERENCE_ollama,lzo,0,0,124,4116,4096,33307,1474
REFERENCE_ollama,lzo,0,0,125,4116,4096,33071,1451
REFERENCE_ollama,lzo,0,0,126,4116,4096,33360,1452
REFERENCE_ollama,lzo,0,0,127,4116,4096,33425,1451
REFERENCE_ollama,lzo,0,0,128,3293,4096,32669,1642
REFERENCE_ollama,lzo,0,0,129,4116,4096,33569,1489
REFERENCE_ollama,lzo,0,0,130,4116,4096,33372,1454
REFERENCE_ollama,lzo,0,0,131,4116,4096,33175,1465
REFERENCE_ollama,lzo,0,0,132,4116,4096,32852,1448
REFERENCE_ollama,lzo,0,0,133,4116,4096,33224,1450
REFERENCE_ollama,lzo,0,0,134,4116,4096,33359,1453
REFERENCE_ollama,lzo,0,0,135,4116,4096,32813,1452
REFERENCE_ollama,lzo,0,0,136,4116,4096,33167,1452
REFERENCE_ollama,lzo,0,0,137,4116,4096,33674,1451
REFERENCE_ollama,lzo,0,0,138,4116,4096,33928,1450
REFERENCE_ollama,lzo,0,0,139,4116,4096,32791,1449
REFERENCE_ollama,lzo,0,0,140,4116,4096,33641,1451
REFERENCE_ollama,lzo,0,0,141,4116,4096,33059,1452
REFERENCE_ollama,lzo,0,0,142,4116,4096,32981,1451
REFERENCE_ollama,lzo,0,0,143,4116,4096,33513,1451
REFERENCE_ollama,lzo,0,0,144,4116,4096,33354,1452
REFERENCE_ollama,lzo,0,0,145,4116,4096,33468,1453
REFERENCE_ollama,lzo,0,0,146,4116,4096,32939,1454
REFERENCE_ollama,lzo,0,0,147,4116,4096,33785,1457
REFERENCE_ollama,lzo,0,0,148,4116,4096,33396,1454
REFERENCE_ollama,lzo,0,0,149,4116,4096,32785,1452
REFERENCE_ollama,lzo,0,0,150,4116,4096,33203,1452
REFERENCE_ollama,lzo,0,0,151,4116,4096,33369,1452
REFERENCE_ollama,lzo,0,0,152,4116,4096,33583,1456
REFERENCE_ollama,lzo,0,0,153,4116,4096,33174,1450
REFERENCE_ollama,lzo,0,0,154,1009,4096,38909,6436
REFERENCE_ollama,lzo,0,0,155,4116,4096,33539,1524
REFERENCE_ollama,lzo,0,0,156,4116,4096,32942,1453
REFERENCE_ollama,lzo,0,0,157,4113,4096,33857,1684
REFERENCE_ollama,lzo,0,0,158,4116,4096,33281,1603
REFERENCE_ollama,lzo,0,0,159,4116,4096,33479,1603
REFERENCE_ollama,lzo,0,0,160,4116,4096,33495,1599
REFERENCE_ollama,lzo,0,0,161,4116,4096,32966,1603
REFERENCE_ollama,lzo,0,0,162,623,4096,36644,4247
REFERENCE_ollama,lzo,0,0,163,4116,4096,32717,1523
REFERENCE_ollama,lzo,0,0,164,4116,4096,33391,1489
REFERENCE_ollama,lzo,0,0,165,585,4096,36467,5088
REFERENCE_ollama,lzo,0,0,166,4116,4096,33229,1598
REFERENCE_ollama,lzo,0,0,167,4116,4096,33140,1454
REFERENCE_ollama,lzo,0,0,168,4116,4096,33644,1451
REFERENCE_ollama,lzo,0,0,169,4116,4096,33460,1450
REFERENCE_ollama,lzo,0,0,170,534,4096,34915,4246
REFERENCE_ollama,lzo,0,0,171,4116,4096,33451,1594
REFERENCE_ollama,lzo,0,0,172,4116,4096,33687,1452
REFERENCE_ollama,lzo,0,0,173,4116,4096,33735,1452
REFERENCE_ollama,lzo,0,0,174,4116,4096,32878,1452
REFERENCE_ollama,lzo,0,0,175,4116,4096,33449,1454
REFERENCE_ollama,lzo,0,0,176,4116,4096,38380,1463
REFERENCE_ollama,lzo,0,0,177,4116,4096,39315,1452
REFERENCE_ollama,lzo,0,0,178,4116,4096,40221,1453
REFERENCE_ollama,lzo,0,0,179,4116,4096,40054,1451
REFERENCE_ollama,lzo,0,0,180,4116,4096,37178,1455
REFERENCE_ollama,lzo,0,0,181,4116,4096,41004,1453
REFERENCE_ollama,lzo,0,0,182,4116,4096,41527,1451
REFERENCE_ollama,lzo,0,0,183,546,4096,43497,4139
REFERENCE_ollama,lzo,0,0,184,4116,4096,40389,1516
REFERENCE_ollama,lzo,0,0,185,4116,4096,39407,1452
REFERENCE_ollama,lzo,0,0,186,4116,4096,40576,1452
REFERENCE_ollama,lzo,0,0,187,4116,4096,39119,1453
REFERENCE_ollama,lzo,0,0,188,4116,4096,39606,1451
REFERENCE_ollama,lzo,0,0,189,4116,4096,39919,1451
REFERENCE_ollama,lzo,0,0,190,4116,4096,40326,1780
REFERENCE_ollama,lzo,0,0,191,4116,4096,39045,1453
REFERENCE_ollama,lzo,0,0,192,4116,4096,39904,1449
REFERENCE_ollama,lzo,0,0,193,4116,4096,40498,1452
REFERENCE_ollama,lzo,0,0,194,4116,4096,39221,1453
REFERENCE_ollama,lzo,0,0,195,572,4096,45894,5379
REFERENCE_ollama,lzo,0,0,196,4116,4096,40036,1551
REFERENCE_ollama,lzo,0,0,197,4116,4096,40220,1452
REFERENCE_ollama,lzo,0,0,198,4116,4096,39213,1455
REFERENCE_ollama,lzo,0,0,199,4116,4096,40086,1451
REFERENCE_ollama,lzo,0,0,200,4116,4096,39961,1452
REFERENCE_ollama,lzo,0,0,201,4116,4096,39052,1453
REFERENCE_ollama,lzo,0,0,202,4116,4096,39675,1452
REFERENCE_ollama,lzo,0,0,203,4116,4096,40789,1449
REFERENCE_ollama,lzo,0,0,204,4116,4096,39957,1454
REFERENCE_ollama,lzo,0,0,205,1146,4096,39299,2523
REFERENCE_ollama,lzo,0,0,206,4116,4096,39833,1609
REFERENCE_ollama,lzo,0,0,207,4116,4096,39661,1605
REFERENCE_ollama,lzo,0,0,208,4116,4096,38849,1544
REFERENCE_ollama,lzo,0,0,209,4116,4096,39739,1603
REFERENCE_ollama,lzo,0,0,210,4116,4096,39731,1600
REFERENCE_ollama,lzo,0,0,211,4116,4096,40425,1605
REFERENCE_ollama,lzo,0,0,212,4116,4096,38925,1598
REFERENCE_ollama,lzo,0,0,213,4116,4096,39705,1601
REFERENCE_ollama,lzo,0,0,214,4116,4096,40610,1601
REFERENCE_ollama,lzo,0,0,215,4116,4096,38574,1601
REFERENCE_ollama,lzo,0,0,216,4116,4096,39808,1599
REFERENCE_ollama,lzo,0,0,217,4116,4096,40215,1598
REFERENCE_ollama,lzo,0,0,218,4116,4096,39391,1600
REFERENCE_ollama,lzo,0,0,219,4116,4096,39567,1600
REFERENCE_ollama,lzo,0,0,220,4116,4096,39599,1598
REFERENCE_ollama,lzo,0,0,221,4116,4096,39069,1797
REFERENCE_ollama,lzo,0,0,222,4116,4096,39965,1600
REFERENCE_ollama,lzo,0,0,223,4116,4096,38907,1601
REFERENCE_ollama,lzo,0,0,224,4116,4096,39325,1601
REFERENCE_ollama,lzo,0,0,225,3112,4096,52461,8259
REFERENCE_ollama,lzo,0,0,226,4116,4096,39307,1609
REFERENCE_ollama,lzo,0,0,227,4116,4096,40165,1598
REFERENCE_ollama,lzo,0,0,228,4116,4096,39741,1602
REFERENCE_ollama,lzo,0,0,229,4116,4096,39055,1594
REFERENCE_ollama,lzo,0,0,230,4116,4096,38882,1603
REFERENCE_ollama,lzo,0,0,231,4116,4096,39820,1604
REFERENCE_ollama,lzo,0,0,232,4116,4096,39436,1603
REFERENCE_ollama,lzo,0,0,233,4116,4096,38977,1607
REFERENCE_ollama,lzo,0,0,234,4116,4096,39287,1602
REFERENCE_ollama,lzo,0,0,235,4116,4096,40397,1598
REFERENCE_ollama,lzo,0,0,236,4116,4096,40438,1611
REFERENCE_ollama,lzo,0,0,237,3293,4096,38696,1664
REFERENCE_ollama,lzo,0,0,238,4116,4096,39913,1604
REFERENCE_ollama,lzo,0,0,239,4116,4096,40326,1601
REFERENCE_ollama,lzo,0,0,240,4116,4096,39101,1600
REFERENCE_ollama,lzo,0,0,241,4116,4096,39678,1603
REFERENCE_ollama,lzo,0,0,242,4116,4096,40228,1601
REFERENCE_ollama,lzo,0,0,243,4116,4096,39928,1599
REFERENCE_ollama,lzo,0,0,244,735,4096,43609,5309
REFERENCE_ollama,lzo,0,0,245,4116,4096,40134,1529
REFERENCE_ollama,lzo,0,0,246,4116,4096,40310,1451
REFERENCE_ollama,lzo,0,0,247,4116,4096,39286,1452
REFERENCE_ollama,lzo,0,0,248,4116,4096,40081,1451
REFERENCE_ollama,lzo,0,0,249,4116,4096,39707,1452
REFERENCE_ollama,lzo,0,0,250,4116,4096,40328,1449
REFERENCE_ollama,lzo,0,0,251,611,4096,40973,4241
REFERENCE_ollama,lzo,0,0,252,4116,4096,40652,1531
REFERENCE_ollama,lzo,0,0,253,4116,4096,39662,1449
REFERENCE_ollama,lzo,0,0,254,4116,4096,38487,1453
REFERENCE_ollama,lzo,0,0,255,4116,4096,39524,1454
REFERENCE_ollama,lzo,0,0,256,4116,4096,39434,1450
REFERENCE_ollama,lzo,0,0,257,4116,4096,40768,1452
REFERENCE_ollama,lzo,0,0,258,4116,4096,39116,1503
REFERENCE_ollama,lzo,0,0,259,4116,4096,39589,1455
REFERENCE_ollama,lzo,0,0,260,4116,4096,40093,1453
REFERENCE_ollama,lzo,0,0,261,4116,4096,39565,1455
REFERENCE_ollama,lzo,0,0,262,4116,4096,39888,1451
REFERENCE_ollama,lzo,0,0,263,4116,4096,39498,1450
REFERENCE_ollama,lzo,0,0,264,4116,4096,39793,1455
REFERENCE_ollama,lzo,0,0,265,489,4096,40723,3110
REFERENCE_ollama,lzo,0,0,266,4116,4096,40487,1616
REFERENCE_ollama,lzo,0,0,267,4116,4096,39371,1601
REFERENCE_ollama,lzo,0,0,268,4116,4096,39333,1600
REFERENCE_ollama,lzo,0,0,269,4116,4096,39854,1599
REFERENCE_ollama,lzo,0,0,270,4116,4096,39958,1598
REFERENCE_ollama,lzo,0,0,271,4116,4096,40126,1598
REFERENCE_ollama,lzo,0,0,272,4116,4096,38801,1600
REFERENCE_ollama,lzo,0,0,273,4116,4096,39287,1599
REFERENCE_ollama,lzo,0,0,274,4116,4096,40083,1599
REFERENCE_ollama,lzo,0,0,275,4116,4096,39231,1601
REFERENCE_ollama,lzo,0,0,276,4116,4096,38858,1600
REFERENCE_ollama,lzo,0,0,277,4116,4096,39898,1599
REFERENCE_ollama,lzo,0,0,278,4116,4096,39590,1600
REFERENCE_ollama,lzo,0,0,279,4116,4096,39306,1598
REFERENCE_ollama,lzo,0,0,280,4116,4096,39810,1612
REFERENCE_ollama,lzo,0,0,281,4116,4096,33515,1600
REFERENCE_ollama,lzo,0,0,282,4116,4096,34251,1601
REFERENCE_ollama,lzo,0,0,283,4116,4096,33887,1604
REFERENCE_ollama,lzo,0,0,284,4116,4096,32861,1882
REFERENCE_ollama,lzo,0,0,285,4116,4096,33827,1600
REFERENCE_ollama,lzo,0,0,286,4116,4096,33970,1599
REFERENCE_ollama,lzo,0,0,287,4116,4096,32968,1603
REFERENCE_ollama,lzo,0,0,288,4116,4096,35651,1602
REFERENCE_ollama,lzo,0,0,289,4116,4096,33806,1600
REFERENCE_ollama,lzo,0,0,290,4116,4096,33833,1600
REFERENCE_ollama,lzo,0,0,291,4116,4096,33107,1600
REFERENCE_ollama,lzo,0,0,292,4116,4096,33901,1601
REFERENCE_ollama,lzo,0,0,293,1207,4096,42371,6630
REFERENCE_ollama,lzo,0,0,294,4116,4096,33331,1497
REFERENCE_ollama,lzo,0,0,295,576,4096,36514,4137
REFERENCE_ollama,lzo,0,0,296,4116,4096,35713,1492
REFERENCE_ollama,lzo,0,0,297,4116,4096,34107,1451
REFERENCE_ollama,lzo,0,0,298,4116,4096,33102,1456
REFERENCE_ollama,lzo,0,0,299,834,4096,38561,5804
REFERENCE_ollama,lzo,0,0,300,4116,4096,33667,1530
REFERENCE_ollama,lzo,0,0,301,4116,4096,33170,1450
REFERENCE_ollama,lzo,0,0,302,1173,4096,33083,1948
REFERENCE_ollama,lzo,0,0,303,4116,4096,33706,1615
REFERENCE_ollama,lzo,0,0,304,4116,4096,34098,1604
REFERENCE_ollama,lzo,0,0,305,4116,4096,33091,1605
REFERENCE_ollama,lzo,0,0,306,3228,4096,34642,1696
REFERENCE_ollama,lzo,0,0,307,4116,4096,34145,1608
REFERENCE_ollama,lzo,0,0,308,4116,4096,33780,1625
REFERENCE_ollama,lzo,0,0,309,4116,4096,33067,1601
REFERENCE_ollama,lzo,0,0,310,4116,4096,34465,1602
REFERENCE_ollama,lzo,0,0,311,4116,4096,33544,1600
REFERENCE_ollama,lzo,0,0,312,4116,4096,33086,1603
REFERENCE_ollama,lzo,0,0,313,4116,4096,34148,1602
REFERENCE_ollama,lzo,0,0,314,4116,4096,34181,1604
REFERENCE_ollama,lzo,0,0,315,4116,4096,34236,1605
REFERENCE_ollama,lzo,0,0,316,4116,4096,33126,1602
REFERENCE_ollama,lzo,0,0,317,4116,4096,34053,1602
REFERENCE_ollama,lzo,0,0,318,4116,4096,33864,1601
REFERENCE_ollama,lzo,0,0,319,4116,4096,33237,1603
REFERENCE_ollama,lzo,0,0,320,4116,4096,34969,1603
REFERENCE_ollama,lzo,0,0,321,4116,4096,37365,1602
REFERENCE_ollama,lzo,0,0,322,4116,4096,35316,1602
REFERENCE_ollama,lzo,0,0,323,4116,4096,33368,1604
REFERENCE_ollama,lzo,0,0,324,830,4096,38151,5215
REFERENCE_ollama,lzo,0,0,325,4116,4096,33962,1500
REFERENCE_ollama,lzo,0,0,326,4116,4096,33113,1454
REFERENCE_ollama,lzo,0,0,327,4116,4096,34089,1455
REFERENCE_ollama,lzo,0,0,328,4116,4096,34191,1455
REFERENCE_ollama,lzo,0,0,329,4116,4096,34458,1506
REFERENCE_ollama,lzo,0,0,330,4116,4096,33313,1459
REFERENCE_ollama,lzo,0,0,331,4116,4096,34886,1457
REFERENCE_ollama,lzo,0,0,332,4116,4096,34565,1527
REFERENCE_ollama,lzo,0,0,333,4116,4096,33409,1604
REFERENCE_ollama,lzo,0,0,334,4116,4096,34089,1602
REFERENCE_ollama,lzo,0,0,335,4116,4096,34439,1602
REFERENCE_ollama,lzo,0,0,336,4116,4096,34208,1603
REFERENCE_ollama,lzo,0,0,337,4116,4096,33213,1600
REFERENCE_ollama,lzo,0,0,338,4116,4096,33943,1607
REFERENCE_ollama,lzo,0,0,339,4116,4096,34212,1600
REFERENCE_ollama,lzo,0,0,340,4116,4096,33168,1603
REFERENCE_ollama,lzo,0,0,341,4116,4096,34042,1604
REFERENCE_ollama,lzo,0,0,342,4116,4096,34427,1604
REFERENCE_ollama,lzo,0,0,343,4116,4096,33923,1602
REFERENCE_ollama,lzo,0,0,344,593,4096,35726,4401
REFERENCE_ollama,lzo,0,0,345,4116,4096,34949,1492
REFERENCE_ollama,lzo,0,0,346,4116,4096,35214,1455
REFERENCE_ollama,lzo,0,0,347,4116,4096,33140,1456
REFERENCE_ollama,lzo,0,0,348,4116,4096,34616,1456
REFERENCE_ollama,lzo,0,0,349,4116,4096,35706,1457
REFERENCE_ollama,lzo,0,0,350,4116,4096,35630,1454
REFERENCE_ollama,lzo,0,0,351,4116,4096,33758,1470
REFERENCE_ollama,lzo,0,0,352,4116,4096,34271,1453
REFERENCE_ollama,lzo,0,0,353,4116,4096,35570,1453
REFERENCE_ollama,lzo,0,0,354,4116,4096,33638,1467
REFERENCE_ollama,lzo,0,0,355,4116,4096,34847,1459
REFERENCE_ollama,lzo,0,0,356,4116,4096,33944,1455
REFERENCE_ollama,lzo,0,0,357,4116,4096,33818,1457
REFERENCE_ollama,lzo,0,0,358,4116,4096,32755,1455
REFERENCE_ollama,lzo,0,0,359,4116,4096,34087,1485
REFERENCE_ollama,lzo,0,0,360,4116,4096,34238,1456
REFERENCE_ollama,lzo,0,0,361,4116,4096,32897,1454
REFERENCE_ollama,lzo,0,0,362,4116,4096,34180,1457
REFERENCE_ollama,lzo,0,0,363,4116,4096,33756,1453
REFERENCE_ollama,lzo,0,0,364,4116,4096,34028,1457
REFERENCE_ollama,lzo,0,0,365,4116,4096,33467,1451
REFERENCE_ollama,lzo,0,0,366,4116,4096,34456,1457
REFERENCE_ollama,lzo,0,0,367,4116,4096,34101,1456
REFERENCE_ollama,lzo,0,0,368,569,4096,35361,3971
REFERENCE_ollama,lzo,0,0,369,4116,4096,33497,1594
REFERENCE_ollama,lzo,0,0,370,4116,4096,33859,1455
REFERENCE_ollama,lzo,0,0,371,4116,4096,33666,1457
REFERENCE_ollama,lzo,0,0,372,4116,4096,33083,1453
REFERENCE_ollama,lzo,0,0,373,4116,4096,34730,1334
REFERENCE_ollama,lzo,0,0,374,4116,4096,29789,1251
REFERENCE_ollama,lzo,0,0,375,4116,4096,30357,1253
REFERENCE_ollama,lzo,0,0,376,4116,4096,29230,1253
REFERENCE_ollama,lzo,0,0,377,4116,4096,30013,1251
REFERENCE_ollama,lzo,0,0,378,4116,4096,29921,1250
REFERENCE_ollama,lzo,0,0,379,4116,4096,29587,1252
REFERENCE_ollama,lzo,0,0,380,4116,4096,29812,1261
REFERENCE_ollama,lzo,0,0,381,4116,4096,29957,1252
REFERENCE_ollama,lzo,0,0,382,4116,4096,30229,1251
REFERENCE_ollama,lzo,0,0,383,4116,4096,29602,1250
REFERENCE_ollama,lzo,0,0,384,4116,4096,29997,1252
REFERENCE_ollama,lzo,0,0,385,4116,4096,29730,1251
REFERENCE_ollama,lzo,0,0,386,4116,4096,29389,1267
REFERENCE_ollama,lzo,0,0,387,4116,4096,30443,1251
REFERENCE_ollama,lzo,0,0,388,4116,4096,29949,1252
REFERENCE_ollama,lzo,0,0,389,4116,4096,29661,1251
REFERENCE_ollama,lzo,0,0,390,4116,4096,29211,1252
REFERENCE_ollama,lzo,0,0,391,4116,4096,33397,1454
REFERENCE_ollama,lzo,0,0,392,4116,4096,33501,1454
REFERENCE_ollama,lzo,0,0,393,4116,4096,32805,1454
REFERENCE_ollama,lzo,0,0,394,4116,4096,33581,1454
REFERENCE_ollama,lzo,0,0,395,4116,4096,33427,1457
REFERENCE_ollama,lzo,0,0,396,4116,4096,33266,1458
REFERENCE_ollama,lzo,0,0,397,4116,4096,32864,1458
REFERENCE_ollama,lzo,0,0,398,4116,4096,33749,1471
REFERENCE_ollama,lzo,0,0,399,4116,4096,33441,1456
REFERENCE_ollama,lzo,0,0,400,4116,4096,33139,1456
REFERENCE_ollama,lzo,0,0,401,4116,4096,33334,1453
REFERENCE_ollama,lzo,0,0,402,4116,4096,33343,1456
REFERENCE_ollama,lzo,0,0,403,4116,4096,33808,1454
REFERENCE_ollama,lzo,0,0,404,4116,4096,32503,1453
REFERENCE_ollama,lzo,0,0,405,4116,4096,33695,1456
REFERENCE_ollama,lzo,0,0,406,4116,4096,33445,1457
REFERENCE_ollama,lzo,0,0,407,610,4096,35226,4007
REFERENCE_ollama,lzo,0,0,408,4116,4096,33942,1531
REFERENCE_ollama,lzo,0,0,409,4116,4096,33778,1455
REFERENCE_ollama,lzo,0,0,410,4116,4096,33200,1455
REFERENCE_ollama,lzo,0,0,411,4116,4096,32787,1457
REFERENCE_ollama,lzo,0,0,412,4116,4096,33562,1457
REFERENCE_ollama,lzo,0,0,413,4116,4096,33330,1483
REFERENCE_ollama,lzo,0,0,414,4116,4096,33149,1454
REFERENCE_ollama,lzo,0,0,415,4116,4096,33604,1454
REFERENCE_ollama,lzo,0,0,416,4116,4096,33349,1455
REFERENCE_ollama,lzo,0,0,417,4116,4096,33761,1458
REFERENCE_ollama,lzo,0,0,418,4116,4096,33340,1454
REFERENCE_ollama,lzo,0,0,419,4116,4096,33679,1452
REFERENCE_ollama,lzo,0,0,420,4116,4096,33465,1454
REFERENCE_ollama,lzo,0,0,421,4116,4096,32640,1455
REFERENCE_ollama,lzo,0,0,422,4116,4096,33397,1453
REFERENCE_ollama,lzo,0,0,423,4116,4096,33621,1457
REFERENCE_ollama,lzo,0,0,424,4116,4096,33714,1462
REFERENCE_ollama,lzo,0,0,425,4116,4096,32702,1452
REFERENCE_ollama,lzo,0,0,426,4116,4096,33279,1456
REFERENCE_ollama,lzo,0,0,427,4116,4096,33574,1455
REFERENCE_ollama,lzo,0,0,428,4116,4096,32839,1453
REFERENCE_ollama,lzo,0,0,429,4116,4096,33657,1453
REFERENCE_ollama,lzo,0,0,430,4116,4096,33538,1456
REFERENCE_ollama,lzo,0,0,431,4116,4096,33662,1456
REFERENCE_ollama,lzo,0,0,432,4116,4096,32870,1457
REFERENCE_ollama,lzo,0,0,433,4116,4096,33539,1455
REFERENCE_ollama,lzo,0,0,434,4116,4096,33585,1454
REFERENCE_ollama,lzo,0,0,435,4116,4096,32795,1455
REFERENCE_ollama,lzo,0,0,436,4116,4096,33652,1455
REFERENCE_ollama,lzo,0,0,437,4116,4096,33454,1454
REFERENCE_ollama,lzo,0,0,438,4116,4096,33544,1455
REFERENCE_ollama,lzo,0,0,439,928,4096,37339,4807
REFERENCE_ollama,lzo,0,0,440,4116,4096,33497,1523
REFERENCE_ollama,lzo,0,0,441,4116,4096,33822,1455
REFERENCE_ollama,lzo,0,0,442,4116,4096,33360,1456
REFERENCE_ollama,lzo,0,0,443,4116,4096,32628,1453
REFERENCE_ollama,lzo,0,0,444,4116,4096,34015,1450
REFERENCE_ollama,lzo,0,0,445,4116,4096,33378,1452
REFERENCE_ollama,lzo,0,0,446,4116,4096,33008,1452
REFERENCE_ollama,lzo,0,0,447,4116,4096,33767,1448
REFERENCE_ollama,lzo,0,0,448,4116,4096,33957,1450
REFERENCE_ollama,lzo,0,0,449,4116,4096,33529,1453
REFERENCE_ollama,lzo,0,0,450,4116,4096,32967,1455
REFERENCE_ollama,lzo,0,0,451,4116,4096,33434,1455
REFERENCE_ollama,lzo,0,0,452,4116,4096,33668,1454
REFERENCE_ollama,lzo,0,0,453,4116,4096,33048,1451
REFERENCE_ollama,lzo,0,0,454,4116,4096,33633,1454
REFERENCE_ollama,lzo,0,0,455,527,4096,36530,4423
REFERENCE_ollama,lzo,0,0,456,4116,4096,33357,1485
REFERENCE_ollama,lzo,0,0,457,4116,4096,32816,1452
REFERENCE_ollama,lzo,0,0,458,4116,4096,33545,1453
REFERENCE_ollama,lzo,0,0,459,4116,4096,33370,1456
REFERENCE_ollama,lzo,0,0,460,4116,4096,33209,1453
REFERENCE_ollama,lzo,0,0,461,4116,4096,33407,1449
REFERENCE_ollama,lzo,0,0,462,4116,4096,33493,1450
REFERENCE_ollama,lzo,0,0,463,1230,4096,41139,7000
REFERENCE_ollama,lzo,0,0,464,4116,4096,33177,1495
REFERENCE_ollama,lzo,0,0,465,4116,4096,33231,1457
REFERENCE_ollama,lzo,0,0,466,4116,4096,33291,1451
REFERENCE_ollama,lzo,0,0,467,4116,4096,32703,1452
REFERENCE_ollama,lzo,0,0,468,4116,4096,33411,1452
REFERENCE_ollama,lzo,0,0,469,4116,4096,33332,1453
REFERENCE_ollama,lzo,0,0,470,4116,4096,33618,1450
REFERENCE_ollama,lzo,0,0,471,4116,4096,32975,1448
REFERENCE_ollama,lzo,0,0,472,4116,4096,33578,1450
REFERENCE_ollama,lzo,0,0,473,716,4096,37144,5088
REFERENCE_ollama,lzo,0,0,474,4116,4096,32971,1556
REFERENCE_ollama,lzo,0,0,475,4116,4096,33728,1451
REFERENCE_ollama,lzo,0,0,476,1102,4096,38622,5560
REFERENCE_ollama,lzo,0,0,477,163,4096,33908,2180
REFERENCE_ollama,lzo,0,0,478,4116,4096,32800,1591
REFERENCE_ollama,lzo,0,0,479,4116,4096,33485,1457
REFERENCE_ollama,lzo,0,0,480,4116,4096,33834,1456
REFERENCE_ollama,lzo,0,0,481,4116,4096,32614,1455
REFERENCE_ollama,lzo,0,0,482,4116,4096,33642,1456
REFERENCE_ollama,lzo,0,0,483,4116,4096,33643,1456
REFERENCE_ollama,lzo,0,0,484,4116,4096,33469,1454
REFERENCE_ollama,lzo,0,0,485,4116,4096,33057,1453
REFERENCE_ollama,lzo,0,0,486,4116,4096,33437,1459
REFERENCE_ollama,lzo,0,0,487,4116,4096,33539,1455
REFERENCE_ollama,lzo,0,0,488,818,4096,37140,5334
REFERENCE_ollama,lzo,0,0,489,4116,4096,33303,1526
REFERENCE_ollama,lzo,0,0,490,4116,4096,33796,1453
REFERENCE_ollama,lzo,0,0,491,4116,4096,34048,1452
REFERENCE_ollama,lzo,0,0,492,4116,4096,32644,1454
REFERENCE_ollama,lzo,0,0,493,4116,4096,33612,1457
REFERENCE_ollama,lzo,0,0,494,4116,4096,33517,1454
REFERENCE_ollama,lzo,0,0,495,4116,4096,32627,1456
REFERENCE_ollama,lzo,0,0,496,4116,4096,33779,1451
REFERENCE_ollama,lzo,0,0,497,4116,4096,33727,1457
REFERENCE_ollama,lzo,0,0,498,4116,4096,33958,1457
REFERENCE_ollama,lzo,0,0,499,4116,4096,33007,1456
REFERENCE_ollama,lzo,0,0,500,4116,4096,33493,1455
REFERENCE_ollama,lzo,0,0,501,4116,4096,33913,1456
REFERENCE_ollama,lzo,0,0,502,4116,4096,33229,1453
REFERENCE_ollama,lzo,0,0,503,4116,4096,33489,1456
REFERENCE_ollama,lzo,0,0,504,4116,4096,33947,1451
REFERENCE_ollama,lzo,0,0,505,4116,4096,33812,1456
REFERENCE_ollama,lzo,0,0,506,4116,4096,32761,1450
REFERENCE_ollama,lzo,0,0,507,4116,4096,33401,1451
REFERENCE_ollama,lzo,0,0,508,4116,4096,33400,1452
REFERENCE_ollama,lzo,0,0,509,4116,4096,33565,1454
REFERENCE_ollama,lzo,0,0,510,4116,4096,32770,1454
REFERENCE_ollama,lzo,0,0,511,4116,4096,33598,1452
REFERENCE_ollama,lzo,0,0,512,4116,4096,33432,1453
REFERENCE_ollama,lzo,0,0,513,4116,4096,32757,1450
REFERENCE_ollama,lzo,0,0,514,4116,4096,33544,1454
REFERENCE_ollama,lzo,0,0,515,4116,4096,33691,1453
REFERENCE_ollama,lzo,0,0,516,4116,4096,33932,1452
REFERENCE_ollama,lzo,0,0,517,4116,4096,32942,1449
REFERENCE_ollama,lzo,0,0,518,4116,4096,33514,1450
REFERENCE_ollama,lzo,0,0,519,4116,4096,33125,1452
REFERENCE_ollama,lzo,0,0,520,4116,4096,32711,1451
REFERENCE_ollama,lzo,0,0,521,4116,4096,33687,1388
REFERENCE_ollama,lzo,0,0,522,4116,4096,33528,1456
REFERENCE_ollama,lzo,0,0,523,4116,4096,33497,1453
REFERENCE_ollama,lzo,0,0,524,572,4096,35488,5016
REFERENCE_ollama,lzo,0,0,525,4116,4096,33325,1526
REFERENCE_ollama,lzo,0,0,526,4116,4096,34047,1504
REFERENCE_ollama,lzo,0,0,527,4116,4096,32788,1451
REFERENCE_ollama,lzo,0,0,528,4116,4096,33428,1455
REFERENCE_ollama,lzo,0,0,529,4116,4096,33478,1456
REFERENCE_ollama,lzo,0,0,530,4116,4096,33504,1453
REFERENCE_ollama,lzo,0,0,531,611,4096,35676,4192
REFERENCE_ollama,lzo,0,0,532,4116,4096,33834,1529
REFERENCE_ollama,lzo,0,0,533,4116,4096,33485,1454
REFERENCE_ollama,lzo,0,0,534,4116,4096,33025,1453
REFERENCE_ollama,lzo,0,0,535,4116,4096,33496,1452
REFERENCE_ollama,lzo,0,0,536,4116,4096,33697,1454
REFERENCE_ollama,lzo,0,0,537,4116,4096,33948,1455
REFERENCE_ollama,lzo,0,0,538,4116,4096,32719,1453
REFERENCE_ollama,lzo,0,0,539,4116,4096,33796,1456
REFERENCE_ollama,lzo,0,0,540,737,4096,37024,5274
REFERENCE_ollama,lzo,0,0,541,4116,4096,32714,1600
REFERENCE_ollama,lzo,0,0,542,4116,4096,33637,1455
REFERENCE_ollama,lzo,0,0,543,4116,4096,33579,1453
REFERENCE_ollama,lzo,0,0,544,4116,4096,33316,1452
REFERENCE_ollama,lzo,0,0,545,4116,4096,32785,1451
REFERENCE_ollama,lzo,0,0,546,4116,4096,39737,1454
REFERENCE_ollama,lzo,0,0,547,4116,4096,39122,1453
REFERENCE_ollama,lzo,0,0,548,4116,4096,39721,1454
REFERENCE_ollama,lzo,0,0,549,4116,4096,39947,1452
REFERENCE_ollama,lzo,0,0,550,3293,4096,39177,1686
REFERENCE_ollama,lzo,0,0,551,4116,4096,40785,1615
REFERENCE_ollama,lzo,0,0,552,4116,4096,39663,1601
REFERENCE_ollama,lzo,0,0,553,4116,4096,39687,1604
REFERENCE_ollama,lzo,0,0,554,4116,4096,39156,1604
REFERENCE_ollama,lzo,0,0,555,4116,4096,39561,1605
REFERENCE_ollama,lzo,0,0,556,4116,4096,40410,1601
REFERENCE_ollama,lzo,0,0,557,4116,4096,39040,1602
REFERENCE_ollama,lzo,0,0,558,1173,4096,38469,1942
REFERENCE_ollama,lzo,0,0,559,4116,4096,39581,1612
REFERENCE_ollama,lzo,0,0,560,4116,4096,39838,1617
REFERENCE_ollama,lzo,0,0,561,4116,4096,38779,1601
REFERENCE_ollama,lzo,0,0,562,4116,4096,39768,1604
REFERENCE_ollama,lzo,0,0,563,4116,4096,39681,1602
REFERENCE_ollama,lzo,0,0,564,4116,4096,39607,1602
REFERENCE_ollama,lzo,0,0,565,4116,4096,39158,1606
REFERENCE_ollama,lzo,0,0,566,4116,4096,39566,1602
REFERENCE_ollama,lzo,0,0,567,4116,4096,39889,1602
REFERENCE_ollama,lzo,0,0,568,4116,4096,40117,1603
REFERENCE_ollama,lzo,0,0,569,4116,4096,39822,1607
REFERENCE_ollama,lzo,0,0,570,4116,4096,39855,1604
REFERENCE_ollama,lzo,0,0,571,4116,4096,39633,1602
REFERENCE_ollama,lzo,0,0,572,4116,4096,40544,1605
REFERENCE_ollama,lzo,0,0,573,4116,4096,39790,1601
REFERENCE_ollama,lzo,0,0,574,4116,4096,39548,1602
REFERENCE_ollama,lzo,0,0,575,4116,4096,38935,1599
REFERENCE_ollama,lzo,0,0,576,4116,4096,39526,1600
REFERENCE_ollama,lzo,0,0,577,4116,4096,40040,1596
REFERENCE_ollama,lzo,0,0,578,4116,4096,40400,1616
REFERENCE_ollama,lzo,0,0,579,4116,4096,39123,1599
REFERENCE_ollama,lzo,0,0,580,4116,4096,39221,1604
REFERENCE_ollama,lzo,0,0,581,4116,4096,39796,1604
REFERENCE_ollama,lzo,0,0,582,4116,4096,39352,1601
REFERENCE_ollama,lzo,0,0,583,4116,4096,39595,1600
REFERENCE_ollama,lzo,0,0,584,4116,4096,40676,1598
REFERENCE_ollama,lzo,0,0,585,4116,4096,39590,1601
REFERENCE_ollama,lzo,0,0,586,4116,4096,39804,1599
REFERENCE_ollama,lzo,0,0,587,4116,4096,41069,1598
REFERENCE_ollama,lzo,0,0,588,4116,4096,39180,1598
REFERENCE_ollama,lzo,0,0,589,4116,4096,38782,1602
REFERENCE_ollama,lzo,0,0,590,4116,4096,39345,1600
REFERENCE_ollama,lzo,0,0,591,4116,4096,40016,1597
REFERENCE_ollama,lzo,0,0,592,4116,4096,39491,1600
REFERENCE_ollama,lzo,0,0,593,4116,4096,39295,1599
REFERENCE_ollama,lzo,0,0,594,4116,4096,39561,1601
REFERENCE_ollama,lzo,0,0,595,4116,4096,40039,1599
REFERENCE_ollama,lzo,0,0,596,4116,4096,40785,1601
REFERENCE_ollama,lzo,0,0,597,4116,4096,39289,1600
REFERENCE_ollama,lzo,0,0,598,4116,4096,39252,1598
REFERENCE_ollama,lzo,0,0,599,4116,4096,39293,1599
REFERENCE_ollama,lzo,0,0,600,4116,4096,39194,1599
REFERENCE_ollama,lzo,0,0,601,4116,4096,39438,1599
REFERENCE_ollama,lzo,0,0,602,4116,4096,39238,1600
REFERENCE_ollama,lzo,0,0,603,4116,4096,38865,1599
REFERENCE_ollama,lzo,0,0,604,732,4096,42852,4792
REFERENCE_ollama,lzo,0,0,605,4116,4096,39737,1521
REFERENCE_ollama,lzo,0,0,606,4116,4096,39797,1457
REFERENCE_ollama,lzo,0,0,607,4116,4096,39006,1453
REFERENCE_ollama,lzo,0,0,608,4116,4096,39513,1523
REFERENCE_ollama,lzo,0,0,609,4116,4096,39886,1455
REFERENCE_ollama,lzo,0,0,610,4116,4096,38304,1455
REFERENCE_ollama,lzo,0,0,611,4116,4096,39835,1455
REFERENCE_ollama,lzo,0,0,612,4116,4096,42304,1416
REFERENCE_ollama,lzo,0,0,613,4116,4096,43994,1455
REFERENCE_ollama,lzo,0,0,614,4116,4096,39037,1453
REFERENCE_ollama,lzo,0,0,615,4116,4096,38969,1456
REFERENCE_ollama,lzo,0,0,616,4116,4096,39735,1457
REFERENCE_ollama,lzo,0,0,617,4116,4096,38909,1455
REFERENCE_ollama,lzo,0,0,618,4116,4096,39415,1455
REFERENCE_ollama,lzo,0,0,619,4116,4096,39633,1455
REFERENCE_ollama,lzo,0,0,620,4116,4096,39832,1454
REFERENCE_ollama,lzo,0,0,621,4116,4096,38430,1456
REFERENCE_ollama,lzo,0,0,622,4116,4096,41695,1550
REFERENCE_ollama,lzo,0,0,623,4116,4096,39377,1598
REFERENCE_ollama,lzo,0,0,624,4116,4096,38892,1599
REFERENCE_ollama,lzo,0,0,625,4116,4096,39399,1599
REFERENCE_ollama,lzo,0,0,626,4116,4096,40065,1598
REFERENCE_ollama,lzo,0,0,627,4116,4096,40369,1601
REFERENCE_ollama,lzo,0,0,628,4116,4096,38836,1600
REFERENCE_ollama,lzo,0,0,629,3293,4096,39274,1672
REFERENCE_ollama,lzo,0,0,630,4116,4096,39569,1604
REFERENCE_ollama,lzo,0,0,631,3228,4096,40908,1632
REFERENCE_ollama,lzo,0,0,632,4116,4096,39292,1517
REFERENCE_ollama,lzo,0,0,633,4116,4096,39807,1448
REFERENCE_ollama,lzo,0,0,634,4116,4096,38854,1451
REFERENCE_ollama,lzo,0,0,635,4116,4096,38501,1450
REFERENCE_ollama,lzo,0,0,636,569,4096,41835,4063
REFERENCE_ollama,lzo,0,0,637,4116,4096,39820,1529
REFERENCE_ollama,lzo,0,0,638,4116,4096,39489,1453
REFERENCE_ollama,lzo,0,0,639,4116,4096,39206,1454
REFERENCE_ollama,lzo,0,0,640,4116,4096,39365,1456
REFERENCE_ollama,lzo,0,0,641,4116,4096,39747,1452
REFERENCE_ollama,lzo,0,0,642,4116,4096,38805,1455
REFERENCE_ollama,lzo,0,0,643,1146,4096,39622,2494
REFERENCE_ollama,lzo,0,0,644,4116,4096,39298,1603
REFERENCE_ollama,lzo,0,0,645,4116,4096,39610,1451
REFERENCE_ollama,lzo,0,0,646,4116,4096,39158,1451
REFERENCE_ollama,lzo,0,0,647,4116,4096,39787,1452
REFERENCE_ollama,lzo,0,0,648,4116,4096,39230,1456
REFERENCE_ollama,lzo,0,0,649,608,4096,41439,4027
REFERENCE_ollama,lzo,0,0,650,4116,4096,39266,1525
REFERENCE_ollama,lzo,0,0,651,4116,4096,39319,1451
REFERENCE_ollama,lzo,0,0,652,4116,4096,40184,1450
REFERENCE_ollama,lzo,0,0,653,4116,4096,39418,1451
REFERENCE_ollama,lzo,0,0,654,4116,4096,39928,1454
REFERENCE_ollama,lzo,0,0,655,4116,4096,39987,1450
REFERENCE_ollama,lzo,0,0,656,4116,4096,38685,1453
REFERENCE_ollama,lzo,0,0,657,4116,4096,40637,1452
REFERENCE_ollama,lzo,0,0,658,1222,4096,46379,6121
REFERENCE_ollama,lzo,0,0,659,4116,4096,39146,1497
REFERENCE_ollama,lzo,0,0,660,4116,4096,39307,1454
REFERENCE_ollama,lzo,0,0,661,4116,4096,39782,1454
REFERENCE_ollama,lzo,0,0,662,4116,4096,39623,1451
REFERENCE_ollama,lzo,0,0,663,4116,4096,38935,1452
REFERENCE_ollama,lzo,0,0,664,4116,4096,39772,1454
REFERENCE_ollama,lzo,0,0,665,4116,4096,39890,1454
REFERENCE_ollama,lzo,0,0,666,3293,4096,39946,1665
REFERENCE_ollama,lzo,0,0,667,4116,4096,38870,1614
REFERENCE_ollama,lzo,0,0,668,4116,4096,39922,1604
REFERENCE_ollama,lzo,0,0,669,4116,4096,40425,1603
REFERENCE_ollama,lzo,0,0,670,4116,4096,38764,1600
REFERENCE_ollama,lzo,0,0,671,4116,4096,40787,1822
REFERENCE_ollama,lzo,0,0,672,4116,4096,40265,1603
REFERENCE_ollama,lzo,0,0,673,4112,4096,40710,1754
REFERENCE_ollama,lzo,0,0,674,4116,4096,39375,1462
REFERENCE_ollama,lzo,0,0,675,4116,4096,39414,1450
REFERENCE_ollama,lzo,0,0,676,4116,4096,40363,1448
REFERENCE_ollama,lzo,0,0,677,4116,4096,39111,1451
REFERENCE_ollama,lzo,0,0,678,4116,4096,39328,1449
REFERENCE_ollama,lzo,0,0,679,4116,4096,39884,1450
REFERENCE_ollama,lzo,0,0,680,4116,4096,40403,1454
REFERENCE_ollama,lzo,0,0,681,4116,4096,39405,1448
REFERENCE_ollama,lzo,0,0,682,4116,4096,39759,1451
REFERENCE_ollama,lzo,0,0,683,4116,4096,39897,1451
REFERENCE_ollama,lzo,0,0,684,4116,4096,39439,1448
REFERENCE_ollama,lzo,0,0,685,4116,4096,40544,1449
REFERENCE_ollama,lzo,0,0,686,4116,4096,39711,1449
REFERENCE_ollama,lzo,0,0,687,4116,4096,39823,1450
REFERENCE_ollama,lzo,0,0,688,4116,4096,39387,1450
REFERENCE_ollama,lzo,0,0,689,4116,4096,39872,1451
REFERENCE_ollama,lzo,0,0,690,4116,4096,40221,1452
REFERENCE_ollama,lzo,0,0,691,4116,4096,39204,1461
REFERENCE_ollama,lzo,0,0,692,4116,4096,40008,1448
REFERENCE_ollama,lzo,0,0,693,4116,4096,40041,1450
REFERENCE_ollama,lzo,0,0,694,4116,4096,40487,1448
REFERENCE_ollama,lzo,0,0,695,4116,4096,38561,1449
REFERENCE_ollama,lzo,0,0,696,4116,4096,39915,1450
REFERENCE_ollama,lzo,0,0,697,4116,4096,39454,1454
REFERENCE_ollama,lzo,0,0,698,4116,4096,40309,1448
REFERENCE_ollama,lzo,0,0,699,4116,4096,39928,1472
REFERENCE_ollama,lzo,0,0,700,4116,4096,39549,1450
REFERENCE_ollama,lzo,0,0,701,4116,4096,40049,1466
REFERENCE_ollama,lzo,0,0,702,4116,4096,39975,1448
REFERENCE_ollama,lzo,0,0,703,4116,4096,39767,1450
REFERENCE_ollama,lzo,0,0,704,4116,4096,40314,1450
REFERENCE_ollama,lzo,0,0,705,4116,4096,40360,1446
REFERENCE_ollama,lzo,0,0,706,4116,4096,38679,1451
REFERENCE_ollama,lzo,0,0,707,4116,4096,39967,1453
REFERENCE_ollama,lzo,0,0,708,4116,4096,39930,1450
REFERENCE_ollama,lzo,0,0,709,4116,4096,39535,1450
REFERENCE_ollama,lzo,0,0,710,4116,4096,40236,1452
REFERENCE_ollama,lzo,0,0,711,4116,4096,39248,1538
REFERENCE_ollama,lzo,0,0,712,4116,4096,40352,1450
REFERENCE_ollama,lzo,0,0,713,4116,4096,38779,1451
REFERENCE_ollama,lzo,0,0,714,4116,4096,39525,1448
REFERENCE_ollama,lzo,0,0,715,4116,4096,40809,1449
REFERENCE_ollama,lzo,0,0,716,4116,4096,39246,1452
REFERENCE_ollama,lzo,0,0,717,4116,4096,40169,1450
REFERENCE_ollama,lzo,0,0,718,4116,4096,39808,1451
REFERENCE_ollama,lzo,0,0,719,4116,4096,39512,1450
REFERENCE_ollama,lzo,0,0,720,4116,4096,39112,1450
REFERENCE_ollama,lzo,0,0,721,4116,4096,40896,1449
REFERENCE_ollama,lzo,0,0,722,624,4096,42228,4161
REFERENCE_ollama,lzo,0,0,723,4116,4096,39073,1523
REFERENCE_ollama,lzo,0,0,724,4116,4096,39715,1454
REFERENCE_ollama,lzo,0,0,725,4116,4096,42467,1452
REFERENCE_ollama,lzo,0,0,726,4116,4096,40239,1454
REFERENCE_ollama,lzo,0,0,727,4116,4096,38989,1455
REFERENCE_ollama,lzo,0,0,728,4116,4096,40148,1450
REFERENCE_ollama,lzo,0,0,729,4116,4096,40185,1456
REFERENCE_ollama,lzo,0,0,730,4116,4096,39257,1451
REFERENCE_ollama,lzo,0,0,731,4116,4096,40574,1452
REFERENCE_ollama,lzo,0,0,732,4116,4096,40376,1451
REFERENCE_ollama,lzo,0,0,733,4116,4096,39595,1454
REFERENCE_ollama,lzo,0,0,734,4116,4096,40167,1455
REFERENCE_ollama,lzo,0,0,735,4116,4096,39790,1451
REFERENCE_ollama,lzo,0,0,736,4116,4096,39577,1453
REFERENCE_ollama,lzo,0,0,737,4116,4096,39446,1450
REFERENCE_ollama,lzo,0,0,738,4116,4096,39962,1451
REFERENCE_ollama,lzo,0,0,739,4116,4096,40545,1452
REFERENCE_ollama,lzo,0,0,740,4116,4096,40327,1453
REFERENCE_ollama,lzo,0,0,741,587,4096,41326,3719
REFERENCE_ollama,lzo,0,0,742,4116,4096,40204,1496
REFERENCE_ollama,lzo,0,0,743,4116,4096,40148,1454
REFERENCE_ollama,lzo,0,0,744,4116,4096,39301,1453
REFERENCE_ollama,lzo,0,0,745,4116,4096,39900,1456
REFERENCE_ollama,lzo,0,0,746,4116,4096,40901,1452
REFERENCE_ollama,lzo,0,0,747,570,4096,42892,4829
REFERENCE_ollama,lzo,0,0,748,4116,4096,39282,1562
REFERENCE_ollama,lzo,0,0,749,4116,4096,39429,1455
REFERENCE_ollama,lzo,0,0,750,4116,4096,40797,1453
REFERENCE_ollama,lzo,0,0,751,4116,4096,39621,1457
REFERENCE_ollama,lzo,0,0,752,4116,4096,40294,1466
REFERENCE_ollama,lzo,0,0,753,4116,4096,40814,1453
REFERENCE_ollama,lzo,0,0,754,4116,4096,39777,1454
REFERENCE_ollama,lzo,0,0,755,4116,4096,39623,1453
REFERENCE_ollama,lzo,0,0,756,4116,4096,40906,1473
REFERENCE_ollama,lzo,0,0,757,4116,4096,39785,1455
REFERENCE_ollama,lzo,0,0,758,1146,4096,39792,2538
REFERENCE_ollama,lzo,0,0,759,4116,4096,40661,1492
REFERENCE_ollama,lzo,0,0,760,4116,4096,39914,1453
REFERENCE_ollama,lzo,0,0,761,4116,4096,40418,1454
REFERENCE_ollama,lzo,0,0,762,4116,4096,39123,1458
REFERENCE_ollama,lzo,0,0,763,4116,4096,39746,1456
REFERENCE_ollama,lzo,0,0,764,4116,4096,41179,1408
REFERENCE_ollama,lzo,0,0,765,4116,4096,40638,1455
REFERENCE_ollama,lzo,0,0,766,4116,4096,39124,1452
REFERENCE_ollama,lzo,0,0,767,4116,4096,39885,1457
REFERENCE_ollama,lzo,0,0,768,4116,4096,40290,1455
REFERENCE_ollama,lzo,0,0,769,4116,4096,39637,1452
REFERENCE_ollama,lzo,0,0,770,4116,4096,39886,1455
REFERENCE_ollama,lzo,0,0,771,4116,4096,39615,1451
REFERENCE_ollama,lzo,0,0,772,4116,4096,40974,1457
REFERENCE_ollama,lzo,0,0,773,4116,4096,39564,1455
REFERENCE_ollama,lzo,0,0,774,4116,4096,40441,1452
REFERENCE_ollama,lzo,0,0,775,4116,4096,39977,1453
REFERENCE_ollama,lzo,0,0,776,4116,4096,39255,1452
REFERENCE_ollama,lzo,0,0,777,4116,4096,40581,1452
REFERENCE_ollama,lzo,0,0,778,4116,4096,40537,1453
REFERENCE_ollama,lzo,0,0,779,4116,4096,40047,1452
REFERENCE_ollama,lzo,0,0,780,4116,4096,39411,1454
REFERENCE_ollama,lzo,0,0,781,821,4096,45209,5667
REFERENCE_ollama,lzo,0,0,782,4116,4096,40153,1493
REFERENCE_ollama,lzo,0,0,783,4116,4096,39988,1453
REFERENCE_ollama,lzo,0,0,784,4116,4096,40490,1455
REFERENCE_ollama,lzo,0,0,785,4116,4096,40838,1456
REFERENCE_ollama,lzo,0,0,786,4116,4096,39572,1752
REFERENCE_ollama,lzo,0,0,787,4116,4096,39525,1455
REFERENCE_ollama,lzo,0,0,788,4116,4096,40122,1455
REFERENCE_ollama,lzo,0,0,789,4116,4096,40397,1458
REFERENCE_ollama,lzo,0,0,790,4116,4096,38949,1452
REFERENCE_ollama,lzo,0,0,791,4116,4096,40426,1455
REFERENCE_ollama,lzo,0,0,792,4116,4096,40582,1455
REFERENCE_ollama,lzo,0,0,793,4116,4096,39854,1454
REFERENCE_ollama,lzo,0,0,794,4116,4096,40444,1454
REFERENCE_ollama,lzo,0,0,795,4116,4096,40130,1453
REFERENCE_ollama,lzo,0,0,796,4116,4096,40185,1451
REFERENCE_ollama,lzo,0,0,797,4116,4096,39544,1448
REFERENCE_ollama,lzo,0,0,798,4116,4096,40310,1450
REFERENCE_ollama,lzo,0,0,799,4116,4096,40048,1449
REFERENCE_ollama,lzo,0,0,800,4116,4096,40797,1452
REFERENCE_ollama,lzo,0,0,801,4116,4096,39019,1450
REFERENCE_ollama,lzo,0,0,802,4116,4096,40221,1452
REFERENCE_ollama,lzo,0,0,803,4116,4096,40068,1452
REFERENCE_ollama,lzo,0,0,804,4116,4096,39037,1454
REFERENCE_ollama,lzo,0,0,805,830,4096,43464,4412
REFERENCE_ollama,lzo,0,0,806,4116,4096,39428,1495
REFERENCE_ollama,lzo,0,0,807,4116,4096,40068,1454
REFERENCE_ollama,lzo,0,0,808,4116,4096,39425,1454
REFERENCE_ollama,lzo,0,0,809,4116,4096,40451,1458
REFERENCE_ollama,lzo,0,0,810,4116,4096,39693,1454
REFERENCE_ollama,lzo,0,0,811,4116,4096,39869,1453
REFERENCE_ollama,lzo,0,0,812,4116,4096,39711,1454
REFERENCE_ollama,lzo,0,0,813,4116,4096,39844,1452
REFERENCE_ollama,lzo,0,0,814,4116,4096,40010,1454
REFERENCE_ollama,lzo,0,0,815,4116,4096,39116,1455
REFERENCE_ollama,lzo,0,0,816,4116,4096,39744,1453
REFERENCE_ollama,lzo,0,0,817,4116,4096,39865,1453
REFERENCE_ollama,lzo,0,0,818,4116,4096,39154,1452
REFERENCE_ollama,lzo,0,0,819,4116,4096,40487,1454
REFERENCE_ollama,lzo,0,0,820,4116,4096,39528,1454
REFERENCE_ollama,lzo,0,0,821,4116,4096,40240,1452
REFERENCE_ollama,lzo,0,0,822,4116,4096,39181,1455
REFERENCE_ollama,lzo,0,0,823,4116,4096,39596,1454
REFERENCE_ollama,lzo,0,0,824,4116,4096,39510,1451
REFERENCE_ollama,lzo,0,0,825,709,4096,42813,5229
REFERENCE_ollama,lzo,0,0,826,4116,4096,39340,1498
REFERENCE_ollama,lzo,0,0,827,4116,4096,40085,1455
REFERENCE_ollama,lzo,0,0,828,4116,4096,41792,1456
REFERENCE_ollama,lzo,0,0,829,4116,4096,39181,1457
REFERENCE_ollama,lzo,0,0,830,4116,4096,39846,1453
REFERENCE_ollama,lzo,0,0,831,4116,4096,40095,1457
REFERENCE_ollama,lzo,0,0,832,4116,4096,40423,1452
REFERENCE_ollama,lzo,0,0,833,4116,4096,39492,1455
REFERENCE_ollama,lzo,0,0,834,4116,4096,39474,1455
REFERENCE_ollama,lzo,0,0,835,4116,4096,40002,1455
REFERENCE_ollama,lzo,0,0,836,4116,4096,39323,1454
REFERENCE_ollama,lzo,0,0,837,4116,4096,39826,1454
REFERENCE_ollama,lzo,0,0,838,4116,4096,39645,1451
REFERENCE_ollama,lzo,0,0,839,4116,4096,43103,1457
REFERENCE_ollama,lzo,0,0,840,4116,4096,38846,1450
REFERENCE_ollama,lzo,0,0,841,4116,4096,40064,1448
REFERENCE_ollama,lzo,0,0,842,4116,4096,39149,1450
REFERENCE_ollama,lzo,0,0,843,4116,4096,38850,1452
REFERENCE_ollama,lzo,0,0,844,4116,4096,40805,1451
REFERENCE_ollama,lzo,0,0,845,4116,4096,39881,1453
REFERENCE_ollama,lzo,0,0,846,4116,4096,40492,1453
REFERENCE_ollama,lzo,0,0,847,4116,4096,41551,1456
REFERENCE_ollama,lzo,0,0,848,4116,4096,41963,1465
REFERENCE_ollama,lzo,0,0,849,4116,4096,40689,1450
REFERENCE_ollama,lzo,0,0,850,4116,4096,33797,1451
REFERENCE_ollama,lzo,0,0,851,4116,4096,34641,1452
REFERENCE_ollama,lzo,0,0,852,1399,4096,42789,6496
REFERENCE_ollama,lzo,0,0,853,4116,4096,40173,1487
REFERENCE_ollama,lzo,0,0,854,4116,4096,34718,1452
REFERENCE_ollama,lzo,0,0,855,4116,4096,34005,1453
REFERENCE_ollama,lzo,0,0,856,4116,4096,33958,1453
REFERENCE_ollama,lzo,0,0,857,4116,4096,33520,1457
REFERENCE_ollama,lzo,0,0,858,4116,4096,34542,1450
REFERENCE_ollama,lzo,0,0,859,4116,4096,34678,1454
REFERENCE_ollama,lzo,0,0,860,4116,4096,34211,1450
REFERENCE_ollama,lzo,0,0,861,4116,4096,34113,1451
REFERENCE_ollama,lzo,0,0,862,4116,4096,34170,1453
REFERENCE_ollama,lzo,0,0,863,4116,4096,33288,1448
REFERENCE_ollama,lzo,0,0,864,653,4096,36873,4512
REFERENCE_ollama,lzo,0,0,865,4116,4096,34099,1463
REFERENCE_ollama,lzo,0,0,866,4116,4096,33091,1452
REFERENCE_ollama,lzo,0,0,867,4116,4096,33696,1451
REFERENCE_ollama,lzo,0,0,868,4116,4096,34654,1453
REFERENCE_ollama,lzo,0,0,869,4116,4096,34250,1457
REFERENCE_ollama,lzo,0,0,870,4116,4096,32817,1449
REFERENCE_ollama,lzo,0,0,871,4116,4096,33999,1452
REFERENCE_ollama,lzo,0,0,872,4116,4096,33918,1452
REFERENCE_ollama,lzo,0,0,873,4116,4096,32914,1451
REFERENCE_ollama,lzo,0,0,874,4116,4096,33885,1456
REFERENCE_ollama,lzo,0,0,875,4116,4096,33799,1452
REFERENCE_ollama,lzo,0,0,876,4116,4096,34332,1453
REFERENCE_ollama,lzo,0,0,877,4116,4096,33482,1452
REFERENCE_ollama,lzo,0,0,878,4116,4096,34103,1495
REFERENCE_ollama,lzo,0,0,879,815,4096,37915,5352
REFERENCE_ollama,lzo,0,0,880,4116,4096,33119,1497
REFERENCE_ollama,lzo,0,0,881,4116,4096,33813,1450
REFERENCE_ollama,lzo,0,0,882,4116,4096,34155,1450
REFERENCE_ollama,lzo,0,0,883,4116,4096,33672,1451
REFERENCE_ollama,lzo,0,0,884,4116,4096,33054,1453
REFERENCE_ollama,lzo,0,0,885,4116,4096,34099,1451
REFERENCE_ollama,lzo,0,0,886,4116,4096,33806,1454
REFERENCE_ollama,lzo,0,0,887,4116,4096,34671,1452
REFERENCE_ollama,lzo,0,0,888,4116,4096,35029,1454
REFERENCE_ollama,lzo,0,0,889,4116,4096,33836,1453
REFERENCE_ollama,lzo,0,0,890,4116,4096,34680,1451
REFERENCE_ollama,lzo,0,0,891,4116,4096,33129,1450
REFERENCE_ollama,lzo,0,0,892,4116,4096,33600,1450
REFERENCE_ollama,lzo,0,0,893,4116,4096,34139,1487
REFERENCE_ollama,lzo,0,0,894,4116,4096,32723,1449
REFERENCE_ollama,lzo,0,0,895,4116,4096,33850,1449
REFERENCE_ollama,lzo,0,0,896,4116,4096,34035,1451
REFERENCE_ollama,lzo,0,0,897,4116,4096,34873,1451
REFERENCE_ollama,lzo,0,0,898,4116,4096,33366,1453
REFERENCE_ollama,lzo,0,0,899,4116,4096,34023,1451
REFERENCE_ollama,lzo,0,0,900,4116,4096,33782,1450
REFERENCE_ollama,lzo,0,0,901,4116,4096,32969,1455
REFERENCE_ollama,lzo,0,0,902,4116,4096,33867,1453
REFERENCE_ollama,lzo,0,0,903,4116,4096,33760,1455
REFERENCE_ollama,lzo,0,0,904,4116,4096,34729,1469
REFERENCE_ollama,lzo,0,0,905,4116,4096,32890,1453
REFERENCE_ollama,lzo,0,0,906,4116,4096,33765,1451
REFERENCE_ollama,lzo,0,0,907,4116,4096,33841,1452
REFERENCE_ollama,lzo,0,0,908,4116,4096,34397,1449
REFERENCE_ollama,lzo,0,0,909,4116,4096,36231,1581
REFERENCE_ollama,lzo,0,0,910,4116,4096,34278,1603
REFERENCE_ollama,lzo,0,0,911,4116,4096,33919,1599
REFERENCE_ollama,lzo,0,0,912,4116,4096,32945,1601
REFERENCE_ollama,lzo,0,0,913,4116,4096,33645,1604
REFERENCE_ollama,lzo,0,0,914,4116,4096,33668,1601
REFERENCE_ollama,lzo,0,0,915,4116,4096,33863,1602
REFERENCE_ollama,lzo,0,0,916,4116,4096,32860,1602
REFERENCE_ollama,lzo,0,0,917,4116,4096,33615,1602
REFERENCE_ollama,lzo,0,0,918,4116,4096,33526,1601
REFERENCE_ollama,lzo,0,0,919,4116,4096,32841,1603
REFERENCE_ollama,lzo,0,0,920,4116,4096,33662,1603
REFERENCE_ollama,lzo,0,0,921,4116,4096,33787,1598
REFERENCE_ollama,lzo,0,0,922,4116,4096,33603,1602
REFERENCE_ollama,lzo,0,0,923,4116,4096,32793,1602
REFERENCE_ollama,lzo,0,0,924,4116,4096,33822,1602
REFERENCE_ollama,lzo,0,0,925,4116,4096,33571,1600
REFERENCE_ollama,lzo,0,0,926,4116,4096,33026,1601
REFERENCE_ollama,lzo,0,0,927,4116,4096,33432,1605
REFERENCE_ollama,lzo,0,0,928,4116,4096,33635,1601
REFERENCE_ollama,lzo,0,0,929,4116,4096,34015,1601
REFERENCE_ollama,lzo,0,0,930,4116,4096,32911,1601
REFERENCE_ollama,lzo,0,0,931,4116,4096,34005,1600
REFERENCE_ollama,lzo,0,0,932,4116,4096,33924,1599
REFERENCE_ollama,lzo,0,0,933,4116,4096,32826,1598
REFERENCE_ollama,lzo,0,0,934,4116,4096,33524,1601
REFERENCE_ollama,lzo,0,0,935,4116,4096,33596,1603
REFERENCE_ollama,lzo,0,0,936,4116,4096,33715,1601
REFERENCE_ollama,lzo,0,0,937,4116,4096,33017,1601
REFERENCE_ollama,lzo,0,0,938,4116,4096,33435,1601
REFERENCE_ollama,lzo,0,0,939,4116,4096,33917,1603
REFERENCE_ollama,lzo,0,0,940,4116,4096,33234,1632
REFERENCE_ollama,lzo,0,0,941,4116,4096,33153,1602
REFERENCE_ollama,lzo,0,0,942,4116,4096,33413,1602
REFERENCE_ollama,lzo,0,0,943,4116,4096,33342,1601
REFERENCE_ollama,lzo,0,0,944,4116,4096,32973,1599
REFERENCE_ollama,lzo,0,0,945,4116,4096,33807,1603
REFERENCE_ollama,lzo,0,0,946,4116,4096,33384,1603
REFERENCE_ollama,lzo,0,0,947,4116,4096,32999,1601
REFERENCE_ollama,lzo,0,0,948,4116,4096,33271,1599
REFERENCE_ollama,lzo,0,0,949,4116,4096,33223,1602
REFERENCE_ollama,lzo,0,0,950,4116,4096,33570,1603
REFERENCE_ollama,lzo,0,0,951,4116,4096,32857,1603
REFERENCE_ollama,lzo,0,0,952,4116,4096,33211,1602
REFERENCE_ollama,lzo,0,0,953,4116,4096,33335,1604
REFERENCE_ollama,lzo,0,0,954,4116,4096,32942,1603
REFERENCE_ollama,lzo,0,0,955,4116,4096,33482,1601
REFERENCE_ollama,lzo,0,0,956,4116,4096,33355,1602
REFERENCE_ollama,lzo,0,0,957,4116,4096,33130,1601
REFERENCE_ollama,lzo,0,0,958,4116,4096,32983,1605
REFERENCE_ollama,lzo,0,0,959,2071,4096,41702,4960
REFERENCE_ollama,lzo,0,0,960,4116,4096,33290,1612
REFERENCE_ollama,lzo,0,0,961,4116,4096,32831,1601
REFERENCE_ollama,lzo,0,0,962,4116,4096,33220,1603
REFERENCE_ollama,lzo,0,0,963,4116,4096,33301,1603
REFERENCE_ollama,lzo,0,0,964,4116,4096,33446,1602
REFERENCE_ollama,lzo,0,0,965,4116,4096,32796,1601
REFERENCE_ollama,lzo,0,0,966,4116,4096,34167,1650
REFERENCE_ollama,lzo,0,0,967,4116,4096,33419,1603
REFERENCE_ollama,lzo,0,0,968,4116,4096,32595,1604
REFERENCE_ollama,lzo,0,0,969,4116,4096,33422,1598
REFERENCE_ollama,lzo,0,0,970,4116,4096,33349,1599
REFERENCE_ollama,lzo,0,0,971,4116,4096,33331,1601
REFERENCE_ollama,lzo,0,0,972,4116,4096,32896,1602
REFERENCE_ollama,lzo,0,0,973,4116,4096,33281,1602
REFERENCE_ollama,lzo,0,0,974,568,4096,35782,4564
REFERENCE_ollama,lzo,0,0,975,4116,4096,33223,1527
REFERENCE_ollama,lzo,0,0,976,4116,4096,33601,1454
REFERENCE_ollama,lzo,0,0,977,4116,4096,33231,1454
REFERENCE_ollama,lzo,0,0,978,4116,4096,33289,1455
REFERENCE_ollama,lzo,0,0,979,4116,4096,32840,1454
REFERENCE_ollama,lzo,0,0,980,4116,4096,33258,1455
REFERENCE_ollama,lzo,0,0,981,4116,4096,33561,1456
REFERENCE_ollama,lzo,0,0,982,4116,4096,33357,1453
REFERENCE_ollama,lzo,0,0,983,4116,4096,32797,1455
REFERENCE_ollama,lzo,0,0,984,4116,4096,33392,1453
REFERENCE_ollama,lzo,0,0,985,4116,4096,33226,1452
REFERENCE_ollama,lzo,0,0,986,791,4096,36968,5454
REFERENCE_ollama,lzo,0,0,987,4116,4096,33567,1592
REFERENCE_ollama,lzo,0,0,988,4116,4096,33194,1452
REFERENCE_ollama,lzo,0,0,989,4116,4096,33571,1454
REFERENCE_ollama,lzo,0,0,990,4116,4096,32525,1455
REFERENCE_ollama,lzo,0,0,991,4116,4096,33491,1455
REFERENCE_ollama,lzo,0,0,992,4116,4096,33506,1456
REFERENCE_ollama,lzo,0,0,993,3293,4096,32819,1563
REFERENCE_ollama,lzo,0,0,994,4116,4096,33475,1490
REFERENCE_ollama,lzo,0,0,995,4116,4096,33620,1453
REFERENCE_ollama,lzo,0,0,996,4116,4096,33308,1453
REFERENCE_ollama,lzo,0,0,997,4116,4096,33229,1651
REFERENCE_ollama,lzo,0,0,998,4116,4096,33387,1550
REFERENCE_ollama,lzo,0,0,999,570,4096,35781,4657
REFERENCE_ollama,lzo,0,0,1000,4116,4096,32859,1535
REFERENCE_ollama,lzo,0,0,1001,4116,4096,32936,1458
REFERENCE_ollama,lzo,0,0,1002,4116,4096,33625,1456
REFERENCE_ollama,lzo,0,0,1003,4116,4096,33534,1457
REFERENCE_ollama,lzo,0,0,1004,4116,4096,32441,1453
REFERENCE_ollama,lzo,0,0,1005,4116,4096,33190,1457
REFERENCE_ollama,lzo,0,0,1006,4116,4096,33816,1458
REFERENCE_ollama,lzo,0,0,1007,4116,4096,32761,1458
REFERENCE_ollama,lzo,0,0,1008,4116,4096,33623,1454
REFERENCE_ollama,lzo,0,0,1009,4116,4096,33320,1454
REFERENCE_ollama,lzo,0,0,1010,4116,4096,33551,1454
REFERENCE_ollama,lzo,0,0,1011,4116,4096,32783,1455
REFERENCE_ollama,lzo,0,0,1012,4116,4096,33428,1456
REFERENCE_ollama,lzo,0,0,1013,4116,4096,33353,1455
REFERENCE_ollama,lzo,0,0,1014,4116,4096,33250,1462
REFERENCE_ollama,lzo,0,0,1015,4116,4096,33065,1456
REFERENCE_ollama,lzo,0,0,1016,4116,4096,33569,1454
REFERENCE_ollama,lzo,0,0,1017,4116,4096,33627,1498
REFERENCE_ollama,lzo,0,0,1018,4116,4096,32660,1457
REFERENCE_ollama,lzo,0,0,1019,4116,4096,33486,1456
REFERENCE_ollama,lzo,0,0,1020,1173,4096,33280,1967
REFERENCE_ollama,lzo,0,0,1021,4116,4096,32863,1610
REFERENCE_ollama,lzo,0,0,1022,4116,4096,33260,1603
REFERENCE_ollama,lzo,0,0,1023,4116,4096,33559,1604
REFERENCE_ollama,lzo,0,0,1024,4116,4096,33396,1604
REFERENCE_ollama,lzo,0,0,1025,642,4096,36216,5007
REFERENCE_ollama,lzo,0,0,1026,4116,4096,33280,1489
REFERENCE_ollama,lzo,0,0,1027,4116,4096,33461,1452
REFERENCE_ollama,lzo,0,0,1028,4116,4096,33370,1457
REFERENCE_ollama,lzo,0,0,1029,664,4096,36612,4056
REFERENCE_ollama,lzo,0,0,1030,4116,4096,33782,1556
REFERENCE_ollama,lzo,0,0,1031,4116,4096,33287,1456
REFERENCE_ollama,lzo,0,0,1032,4116,4096,32891,1457
REFERENCE_ollama,lzo,0,0,1033,4116,4096,33810,1454
REFERENCE_ollama,lzo,0,0,1034,4116,4096,33392,1454
REFERENCE_ollama,lzo,0,0,1035,4116,4096,32868,1457
REFERENCE_ollama,lzo,0,0,1036,4116,4096,33473,1471
REFERENCE_ollama,lzo,0,0,1037,4116,4096,33316,1452
REFERENCE_ollama,lzo,0,0,1038,4116,4096,33942,1453
REFERENCE_ollama,lzo,0,0,1039,4116,4096,32838,1455
REFERENCE_ollama,lzo,0,0,1040,4116,4096,33551,1452
REFERENCE_ollama,lzo,0,0,1041,4116,4096,33622,1454
REFERENCE_ollama,lzo,0,0,1042,4116,4096,32658,1456
REFERENCE_ollama,lzo,0,0,1043,4116,4096,33756,1451
REFERENCE_ollama,lzo,0,0,1044,4116,4096,33577,1453
REFERENCE_ollama,lzo,0,0,1045,4116,4096,33256,1457
REFERENCE_ollama,lzo,0,0,1046,4116,4096,32787,1452
REFERENCE_ollama,lzo,0,0,1047,4116,4096,35593,1456
REFERENCE_ollama,lzo,0,0,1048,4116,4096,33417,1455
REFERENCE_ollama,lzo,0,0,1049,4116,4096,33526,1454
REFERENCE_ollama,lzo,0,0,1050,4116,4096,32614,1452
REFERENCE_ollama,lzo,0,0,1051,4116,4096,33439,1452
REFERENCE_ollama,lzo,0,0,1052,4116,4096,33288,1452
REFERENCE_ollama,lzo,0,0,1053,4116,4096,32661,1448
REFERENCE_ollama,lzo,0,0,1054,4116,4096,33591,1455
REFERENCE_ollama,lzo,0,0,1055,4116,4096,33473,1453
REFERENCE_ollama,lzo,0,0,1056,4116,4096,33462,1457
REFERENCE_ollama,lzo,0,0,1057,4116,4096,33025,1456
REFERENCE_ollama,lzo,0,0,1058,4116,4096,33523,1454
REFERENCE_ollama,lzo,0,0,1059,4116,4096,33569,1456
REFERENCE_ollama,lzo,0,0,1060,4116,4096,32962,1455
REFERENCE_ollama,lzo,0,0,1061,4116,4096,33263,1455
REFERENCE_ollama,lzo,0,0,1062,4116,4096,33435,1453
REFERENCE_ollama,lzo,0,0,1063,456,4096,35336,3410
REFERENCE_ollama,lzo,0,0,1064,1351,4096,40694,6649
REFERENCE_ollama,lzo,0,0,1065,4116,4096,33698,1600
REFERENCE_ollama,lzo,0,0,1066,4116,4096,33486,1454
REFERENCE_ollama,lzo,0,0,1067,4116,4096,32492,1451
REFERENCE_ollama,lzo,0,0,1068,4116,4096,33424,1454
REFERENCE_ollama,lzo,0,0,1069,4116,4096,33766,1454
REFERENCE_ollama,lzo,0,0,1070,4116,4096,33533,1453
REFERENCE_ollama,lzo,0,0,1071,4116,4096,32845,1459
REFERENCE_ollama,lzo,0,0,1072,4116,4096,33395,1451
REFERENCE_ollama,lzo,0,0,1073,4116,4096,33521,1451
REFERENCE_ollama,lzo,0,0,1074,4116,4096,32854,1465
REFERENCE_ollama,lzo,0,0,1075,4116,4096,33297,1452
REFERENCE_ollama,lzo,0,0,1076,4116,4096,33645,1451
REFERENCE_ollama,lzo,0,0,1077,4116,4096,33568,1452
REFERENCE_ollama,lzo,0,0,1078,4116,4096,32548,1453
REFERENCE_ollama,lzo,0,0,1079,4116,4096,33380,1456
REFERENCE_ollama,lzo,0,0,1080,4116,4096,33741,1450
REFERENCE_ollama,lzo,0,0,1081,4116,4096,32489,1451
REFERENCE_ollama,lzo,0,0,1082,4116,4096,33604,1449
REFERENCE_ollama,lzo,0,0,1083,4116,4096,33030,1455
REFERENCE_ollama,lzo,0,0,1084,4116,4096,33773,1454
REFERENCE_ollama,lzo,0,0,1085,4116,4096,33380,1451
REFERENCE_ollama,lzo,0,0,1086,4116,4096,33293,1455
REFERENCE_ollama,lzo,0,0,1087,4116,4096,33630,1454
REFERENCE_ollama,lzo,0,0,1088,4116,4096,32912,1453
REFERENCE_ollama,lzo,0,0,1089,4116,4096,33361,1449
REFERENCE_ollama,lzo,0,0,1090,4116,4096,33831,1505
REFERENCE_ollama,lzo,0,0,1091,4116,4096,33497,1454
REFERENCE_ollama,lzo,0,0,1092,4116,4096,32596,1454
REFERENCE_ollama,lzo,0,0,1093,4116,4096,33444,1451
REFERENCE_ollama,lzo,0,0,1094,4116,4096,33193,1451
REFERENCE_ollama,lzo,0,0,1095,4116,4096,32944,1451
REFERENCE_ollama,lzo,0,0,1096,4116,4096,33420,1453
REFERENCE_ollama,lzo,0,0,1097,4116,4096,33292,1453
REFERENCE_ollama,lzo,0,0,1098,4116,4096,33555,1452
REFERENCE_ollama,lzo,0,0,1099,4116,4096,32918,1451
REFERENCE_ollama,lzo,0,0,1100,4116,4096,33428,1454
REFERENCE_ollama,lzo,0,0,1101,4116,4096,33665,1449
REFERENCE_ollama,lzo,0,0,1102,4116,4096,32891,1452
REFERENCE_ollama,lzo,0,0,1103,4116,4096,33452,1452
REFERENCE_ollama,lzo,0,0,1104,4116,4096,33949,1452
REFERENCE_ollama,lzo,0,0,1105,4116,4096,33375,1451
REFERENCE_ollama,lzo,0,0,1106,4116,4096,33361,1456
REFERENCE_ollama,lzo,0,0,1107,4116,4096,33684,1452
REFERENCE_ollama,lzo,0,0,1108,4116,4096,33418,1452
REFERENCE_ollama,lzo,0,0,1109,4116,4096,32830,1453
REFERENCE_ollama,lzo,0,0,1110,814,4096,38377,5756
REFERENCE_ollama,lzo,0,0,1111,4116,4096,37829,1487
REFERENCE_ollama,lzo,0,0,1112,4116,4096,40277,1453
REFERENCE_ollama,lzo,0,0,1113,4116,4096,39935,1459
REFERENCE_ollama,lzo,0,0,1114,4116,4096,40640,1454
REFERENCE_ollama,lzo,0,0,1115,4116,4096,39961,1454
REFERENCE_ollama,lzo,0,0,1116,4116,4096,40024,1455
REFERENCE_ollama,lzo,0,0,1117,4116,4096,39756,1454
REFERENCE_ollama,lzo,0,0,1118,745,4096,42706,4858
REFERENCE_ollama,lzo,0,0,1119,4116,4096,39920,1499
REFERENCE_ollama,lzo,0,0,1120,4116,4096,39931,1455
REFERENCE_ollama,lzo,0,0,1121,4116,4096,40306,1453
REFERENCE_ollama,lzo,0,0,1122,4116,4096,39418,1454
REFERENCE_ollama,lzo,0,0,1123,4116,4096,40557,1458
REFERENCE_ollama,lzo,0,0,1124,4116,4096,40239,1452
REFERENCE_ollama,lzo,0,0,1125,3293,4096,39676,1677
REFERENCE_ollama,lzo,0,0,1126,4116,4096,40233,1610
REFERENCE_ollama,lzo,0,0,1127,4116,4096,40071,1601
REFERENCE_ollama,lzo,0,0,1128,4116,4096,40571,1601
REFERENCE_ollama,lzo,0,0,1129,4116,4096,39865,1602
REFERENCE_ollama,lzo,0,0,1130,4116,4096,39753,1604
REFERENCE_ollama,lzo,0,0,1131,4116,4096,39593,1605
REFERENCE_ollama,lzo,0,0,1132,4116,4096,39679,1601
REFERENCE_ollama,lzo,0,0,1133,4116,4096,40019,1605
REFERENCE_ollama,lzo,0,0,1134,4116,4096,39717,1602
REFERENCE_ollama,lzo,0,0,1135,4116,4096,40128,1601
REFERENCE_ollama,lzo,0,0,1136,4116,4096,39300,1603
REFERENCE_ollama,lzo,0,0,1137,4116,4096,40278,1600
REFERENCE_ollama,lzo,0,0,1138,4116,4096,40096,1603
REFERENCE_ollama,lzo,0,0,1139,4116,4096,39251,1598
REFERENCE_ollama,lzo,0,0,1140,4116,4096,39966,1603
REFERENCE_ollama,lzo,0,0,1141,4116,4096,39885,1601
REFERENCE_ollama,lzo,0,0,1142,581,4096,43419,4158
REFERENCE_ollama,lzo,0,0,1143,4116,4096,39632,1534
REFERENCE_ollama,lzo,0,0,1144,4116,4096,39991,1452
REFERENCE_ollama,lzo,0,0,1145,4116,4096,40542,1456
REFERENCE_ollama,lzo,0,0,1146,4116,4096,39244,1451
REFERENCE_ollama,lzo,0,0,1147,4116,4096,39990,1453
REFERENCE_ollama,lzo,0,0,1148,4116,4096,40552,1454
REFERENCE_ollama,lzo,0,0,1149,4116,4096,39679,1456
REFERENCE_ollama,lzo,0,0,1150,4116,4096,39443,1456
REFERENCE_ollama,lzo,0,0,1151,4116,4096,40649,1461
REFERENCE_ollama,lzo,0,0,1152,4116,4096,40080,1455
REFERENCE_ollama,lzo,0,0,1153,4116,4096,39198,1454
REFERENCE_ollama,lzo,0,0,1154,4116,4096,39634,1454
REFERENCE_ollama,lzo,0,0,1155,4116,4096,40179,1456
REFERENCE_ollama,lzo,0,0,1156,4116,4096,40313,1454
REFERENCE_ollama,lzo,0,0,1157,4116,4096,38876,1457
REFERENCE_ollama,lzo,0,0,1158,4116,4096,39688,1456
REFERENCE_ollama,lzo,0,0,1159,4116,4096,39733,1456
REFERENCE_ollama,lzo,0,0,1160,4116,4096,39368,1454
REFERENCE_ollama,lzo,0,0,1161,4116,4096,40234,1454
REFERENCE_ollama,lzo,0,0,1162,4116,4096,40139,1455
REFERENCE_ollama,lzo,0,0,1163,4116,4096,39595,1455
REFERENCE_ollama,lzo,0,0,1164,180,4096,42270,4296
REFERENCE_ollama,lzo,0,0,1165,4116,4096,40174,1527
REFERENCE_ollama,lzo,0,0,1166,4116,4096,40774,1455
REFERENCE_ollama,lzo,0,0,1167,4116,4096,39779,1467
REFERENCE_ollama,lzo,0,0,1168,1173,4096,39254,1899
REFERENCE_ollama,lzo,0,0,1169,4116,4096,40750,1467
REFERENCE_ollama,lzo,0,0,1170,4116,4096,40374,1453
REFERENCE_ollama,lzo,0,0,1171,4116,4096,39327,1458
REFERENCE_ollama,lzo,0,0,1172,4116,4096,40558,1458
REFERENCE_ollama,lzo,0,0,1173,4116,4096,40703,1457
REFERENCE_ollama,lzo,0,0,1174,4116,4096,40183,1457
REFERENCE_ollama,lzo,0,0,1175,4116,4096,39298,1453
REFERENCE_ollama,lzo,0,0,1176,4116,4096,39844,1456
REFERENCE_ollama,lzo,0,0,1177,4116,4096,43897,1428
REFERENCE_ollama,lzo,0,0,1178,4116,4096,36424,1253
REFERENCE_ollama,lzo,0,0,1179,4116,4096,36006,1253
REFERENCE_ollama,lzo,0,0,1180,4116,4096,36756,1250
REFERENCE_ollama,lzo,0,0,1181,4116,4096,36727,1250
REFERENCE_ollama,lzo,0,0,1182,527,4096,43069,4017
REFERENCE_ollama,lzo,0,0,1183,4116,4096,39991,1594
REFERENCE_ollama,lzo,0,0,1184,4116,4096,40231,1456
REFERENCE_ollama,lzo,0,0,1185,4116,4096,39005,1455
REFERENCE_ollama,lzo,0,0,1186,4116,4096,39878,1458
REFERENCE_ollama,lzo,0,0,1187,4116,4096,40289,1449
REFERENCE_ollama,lzo,0,0,1188,4116,4096,40597,1456
REFERENCE_ollama,lzo,0,0,1189,3228,4096,39802,1603
REFERENCE_ollama,lzo,0,0,1190,813,4096,44561,5545
REFERENCE_ollama,lzo,0,0,1191,4116,4096,40863,1493
REFERENCE_ollama,lzo,0,0,1192,4116,4096,39449,1466
REFERENCE_ollama,lzo,0,0,1193,4116,4096,39924,1454
REFERENCE_ollama,lzo,0,0,1194,4116,4096,40240,1455
REFERENCE_ollama,lzo,0,0,1195,4116,4096,40805,1456
REFERENCE_ollama,lzo,0,0,1196,4116,4096,39181,1452
REFERENCE_ollama,lzo,0,0,1197,4116,4096,40230,1453
REFERENCE_ollama,lzo,0,0,1198,4116,4096,39790,1452
REFERENCE_ollama,lzo,0,0,1199,4116,4096,39533,1458
REFERENCE_ollama,lzo,0,0,1200,4116,4096,40698,1455
REFERENCE_ollama,lzo,0,0,1201,4116,4096,39963,1509
REFERENCE_ollama,lzo,0,0,1202,4116,4096,40577,1454
REFERENCE_ollama,lzo,0,0,1203,4116,4096,39504,1451
REFERENCE_ollama,lzo,0,0,1204,4116,4096,40261,1454
REFERENCE_ollama,lzo,0,0,1205,4116,4096,41032,1453
REFERENCE_ollama,lzo,0,0,1206,576,4096,41922,4120
REFERENCE_ollama,lzo,0,0,1207,4116,4096,39286,1596
REFERENCE_ollama,lzo,0,0,1208,4116,4096,40325,1454
REFERENCE_ollama,lzo,0,0,1209,607,4096,42150,4268
REFERENCE_ollama,lzo,0,0,1210,4116,4096,39211,1532
REFERENCE_ollama,lzo,0,0,1211,4116,4096,40246,1453
REFERENCE_ollama,lzo,0,0,1212,4116,4096,40154,1454
REFERENCE_ollama,lzo,0,0,1213,4116,4096,40234,1453
REFERENCE_ollama,lzo,0,0,1214,4116,4096,39845,1457
REFERENCE_ollama,lzo,0,0,1215,4116,4096,39445,1457
REFERENCE_ollama,lzo,0,0,1216,4116,4096,40339,1453
REFERENCE_ollama,lzo,0,0,1217,4116,4096,39926,1454
REFERENCE_ollama,lzo,0,0,1218,4116,4096,39723,1458
REFERENCE_ollama,lzo,0,0,1219,4116,4096,40573,1454
REFERENCE_ollama,lzo,0,0,1220,4116,4096,39284,1454
REFERENCE_ollama,lzo,0,0,1221,4116,4096,40437,1457
REFERENCE_ollama,lzo,0,0,1222,4116,4096,41131,1454
REFERENCE_ollama,lzo,0,0,1223,4116,4096,39644,1455
REFERENCE_ollama,lzo,0,0,1224,4116,4096,39677,1452
REFERENCE_ollama,lzo,0,0,1225,4116,4096,40019,1454
REFERENCE_ollama,lzo,0,0,1226,4116,4096,40327,1454
REFERENCE_ollama,lzo,0,0,1227,4116,4096,39869,1455
REFERENCE_ollama,lzo,0,0,1228,4116,4096,39704,1454
REFERENCE_ollama,lzo,0,0,1229,4116,4096,39947,1456
REFERENCE_ollama,lzo,0,0,1230,4116,4096,40344,1455
REFERENCE_ollama,lzo,0,0,1231,4116,4096,39619,1450
REFERENCE_ollama,lzo,0,0,1232,4116,4096,41364,1453
REFERENCE_ollama,lzo,0,0,1233,4116,4096,40365,1451
REFERENCE_ollama,lzo,0,0,1234,4116,4096,39325,1451
REFERENCE_ollama,lzo,0,0,1235,4116,4096,40939,1451
REFERENCE_ollama,lzo,0,0,1236,4116,4096,40456,1451
REFERENCE_ollama,lzo,0,0,1237,4116,4096,39805,1449
REFERENCE_ollama,lzo,0,0,1238,4116,4096,39400,1453
REFERENCE_ollama,lzo,0,0,1239,4116,4096,39637,1456
REFERENCE_ollama,lzo,0,0,1240,4116,4096,40088,1451
REFERENCE_ollama,lzo,0,0,1241,4116,4096,39912,1467
REFERENCE_ollama,lzo,0,0,1242,3629,4096,48946,5804
REFERENCE_ollama,lzo,0,0,1243,4116,4096,39706,1906
REFERENCE_ollama,lzo,0,0,1244,4116,4096,40158,1572
REFERENCE_ollama,lzo,0,0,1245,4116,4096,39360,1601
REFERENCE_ollama,lzo,0,0,1246,4116,4096,39858,1601
REFERENCE_ollama,lzo,0,0,1247,4116,4096,39995,1602
REFERENCE_ollama,lzo,0,0,1248,4116,4096,40649,1607
REFERENCE_ollama,lzo,0,0,1249,4116,4096,39482,1574
REFERENCE_ollama,lzo,0,0,1250,4116,4096,39592,1604
REFERENCE_ollama,lzo,0,0,1251,4116,4096,40182,1605
REFERENCE_ollama,lzo,0,0,1252,4116,4096,39728,1599
REFERENCE_ollama,lzo,0,0,1253,4116,4096,40114,1601
REFERENCE_ollama,lzo,0,0,1254,4116,4096,40041,1604
REFERENCE_ollama,lzo,0,0,1255,4116,4096,39793,1601
REFERENCE_ollama,lzo,0,0,1256,4116,4096,39002,1604
REFERENCE_ollama,lzo,0,0,1257,4116,4096,40492,1602
REFERENCE_ollama,lzo,0,0,1258,4116,4096,40093,1614
REFERENCE_ollama,lzo,0,0,1259,4116,4096,39038,1602
REFERENCE_ollama,lzo,0,0,1260,4116,4096,39991,1605
REFERENCE_ollama,lzo,0,0,1261,4116,4096,40145,1920
REFERENCE_ollama,lzo,0,0,1262,4116,4096,40506,1604
REFERENCE_ollama,lzo,0,0,1263,4116,4096,39522,1600
REFERENCE_ollama,lzo,0,0,1264,4116,4096,39875,1602
REFERENCE_ollama,lzo,0,0,1265,4116,4096,40282,1603
REFERENCE_ollama,lzo,0,0,1266,1042,4096,47570,6908
REFERENCE_ollama,lzo,0,0,1267,4116,4096,39306,1494
REFERENCE_ollama,lzo,0,0,1268,4116,4096,39945,1455
REFERENCE_ollama,lzo,0,0,1269,4116,4096,40521,1455
REFERENCE_ollama,lzo,0,0,1270,4116,4096,39462,1453
REFERENCE_ollama,lzo,0,0,1271,4116,4096,40215,1456
REFERENCE_ollama,lzo,0,0,1272,4116,4096,39628,1458
REFERENCE_ollama,lzo,0,0,1273,4116,4096,39859,1457
REFERENCE_ollama,lzo,0,0,1274,4116,4096,40140,7223
REFERENCE_ollama,lzo,0,0,1275,4116,4096,39939,1456
REFERENCE_ollama,lzo,0,0,1276,4116,4096,40199,1455
REFERENCE_ollama,lzo,0,0,1277,4116,4096,39533,1455
REFERENCE_ollama,lzo,0,0,1278,4116,4096,40336,1453
REFERENCE_ollama,lzo,0,0,1279,4116,4096,40342,1456
REFERENCE_ollama,lzo,0,0,1280,4116,4096,38766,1456
REFERENCE_ollama,lzo,0,0,1281,4116,4096,41392,1334
REFERENCE_ollama,lzo,0,0,1282,522,4096,38433,3632
REFERENCE_ollama,lzo,0,0,1283,4116,4096,36102,1324
REFERENCE_ollama,lzo,0,0,1284,4116,4096,35669,1253
REFERENCE_ollama,lzo,0,0,1285,4116,4096,36270,1253
REFERENCE_ollama,lzo,0,0,1286,4116,4096,35913,1252
REFERENCE_ollama,lzo,0,0,1287,4116,4096,41153,1372
REFERENCE_ollama,lzo,0,0,1288,4116,4096,40859,1456
REFERENCE_ollama,lzo,0,0,1289,4116,4096,38973,1457
REFERENCE_ollama,lzo,0,0,1290,4116,4096,36770,1506
REFERENCE_ollama,lzo,0,0,1291,4116,4096,33303,1453
REFERENCE_ollama,lzo,0,0,1292,4116,4096,34520,1451
REFERENCE_ollama,lzo,0,0,1293,687,4096,37459,4858
REFERENCE_ollama,lzo,0,0,1294,4116,4096,33065,1524
REFERENCE_ollama,lzo,0,0,1295,830,4096,38273,5566
REFERENCE_ollama,lzo,0,0,1296,4116,4096,34083,1494
REFERENCE_ollama,lzo,0,0,1297,4116,4096,34397,1456
REFERENCE_ollama,lzo,0,0,1298,4116,4096,33139,1453
REFERENCE_ollama,lzo,0,0,1299,4116,4096,33956,1450
REFERENCE_ollama,lzo,0,0,1300,4116,4096,33811,1456
REFERENCE_ollama,lzo,0,0,1301,4116,4096,33062,1454
REFERENCE_ollama,lzo,0,0,1302,4116,4096,33940,1454
REFERENCE_ollama,lzo,0,0,1303,726,4096,37790,4800
REFERENCE_ollama,lzo,0,0,1304,1300,4096,42376,7399
REFERENCE_ollama,lzo,0,0,1305,4116,4096,33096,1602
REFERENCE_ollama,lzo,0,0,1306,4116,4096,34082,1456
REFERENCE_ollama,lzo,0,0,1307,4116,4096,34163,1459
REFERENCE_ollama,lzo,0,0,1308,4116,4096,32968,1454
REFERENCE_ollama,lzo,0,0,1309,4116,4096,36145,1453
REFERENCE_ollama,lzo,0,0,1310,4116,4096,34007,1454
REFERENCE_ollama,lzo,0,0,1311,4116,4096,33734,1452
REFERENCE_ollama,lzo,0,0,1312,4116,4096,33257,1454
REFERENCE_ollama,lzo,0,0,1313,4116,4096,34351,1452
REFERENCE_ollama,lzo,0,0,1314,706,4096,37518,4226
REFERENCE_ollama,lzo,0,0,1315,4116,4096,32840,1486
REFERENCE_ollama,lzo,0,0,1316,638,4096,36851,4197
REFERENCE_ollama,lzo,0,0,1317,4116,4096,34628,1589
REFERENCE_ollama,lzo,0,0,1318,4116,4096,34050,1453
REFERENCE_ollama,lzo,0,0,1319,4116,4096,32796,1452
REFERENCE_ollama,lzo,0,0,1320,4116,4096,34285,1455
REFERENCE_ollama,lzo,0,0,1321,4116,4096,34233,1453
REFERENCE_ollama,lzo,0,0,1322,562,4096,35591,4524
REFERENCE_ollama,lzo,0,0,1323,4116,4096,34293,1496
REFERENCE_ollama,lzo,0,0,1324,4116,4096,33967,1452
REFERENCE_ollama,lzo,0,0,1325,4116,4096,34208,1451
REFERENCE_ollama,lzo,0,0,1326,4116,4096,33289,1454
REFERENCE_ollama,lzo,0,0,1327,4116,4096,34090,1457
REFERENCE_ollama,lzo,0,0,1328,4116,4096,34069,1455
REFERENCE_ollama,lzo,0,0,1329,1095,4096,40739,6833
REFERENCE_ollama,lzo,0,0,1330,4116,4096,32850,1528
REFERENCE_ollama,lzo,0,0,1331,4116,4096,33720,1459
REFERENCE_ollama,lzo,0,0,1332,4116,4096,34107,1456
REFERENCE_ollama,lzo,0,0,1333,4116,4096,32990,1453
REFERENCE_ollama,lzo,0,0,1334,1092,4096,39174,5474
REFERENCE_ollama,lzo,0,0,1335,4116,4096,34268,1521
REFERENCE_ollama,lzo,0,0,1336,4116,4096,33967,1456
REFERENCE_ollama,lzo,0,0,1337,4116,4096,33502,1453
REFERENCE_ollama,lzo,0,0,1338,4116,4096,33368,1456
REFERENCE_ollama,lzo,0,0,1339,4116,4096,33785,1455
REFERENCE_ollama,lzo,0,0,1340,4116,4096,33071,1455
REFERENCE_ollama,lzo,0,0,1341,1545,4096,42728,7999
REFERENCE_ollama,lzo,0,0,1342,1145,4096,41650,7299
REFERENCE_ollama,lzo,0,0,1343,875,4096,39150,6100
REFERENCE_ollama,lzo,0,0,1344,4116,4096,33214,1467
REFERENCE_ollama,lzo,0,0,1345,4116,4096,33752,1453
REFERENCE_ollama,lzo,0,0,1346,4116,4096,33671,1643
REFERENCE_ollama,lzo,0,0,1347,575,4096,35751,4336
REFERENCE_ollama,lzo,0,0,1348,2285,4096,35610,1652
REFERENCE_ollama,lzo,0,0,1349,4116,4096,33705,1616
REFERENCE_ollama,lzo,0,0,1350,4116,4096,33750,1600
REFERENCE_ollama,lzo,0,0,1351,4116,4096,33267,1605
REFERENCE_ollama,lzo,0,0,1352,4116,4096,33585,1604
REFERENCE_ollama,lzo,0,0,1353,687,4096,36818,4506
REFERENCE_ollama,lzo,0,0,1354,4116,4096,32631,1526
REFERENCE_ollama,lzo,0,0,1355,4116,4096,33740,1450
REFERENCE_ollama,lzo,0,0,1356,4116,4096,33870,1739
REFERENCE_ollama,lzo,0,0,1357,767,4096,37474,5123
REFERENCE_ollama,lzo,0,0,1358,4116,4096,33104,1528
REFERENCE_ollama,lzo,0,0,1359,4116,4096,33864,1457
REFERENCE_ollama,lzo,0,0,1360,1284,4096,40967,6133
REFERENCE_ollama,lzo,0,0,1361,558,4096,35996,5068
REFERENCE_ollama,lzo,0,0,1362,4116,4096,33896,1595
REFERENCE_ollama,lzo,0,0,1363,4013,4096,34780,1646
REFERENCE_ollama,lzo,0,0,1364,4116,4096,33902,1532
REFERENCE_ollama,lzo,0,0,1365,1173,4096,33052,1965
REFERENCE_ollama,lzo,0,0,1366,4116,4096,33957,1612
REFERENCE_ollama,lzo,0,0,1367,707,4096,36835,5077
REFERENCE_ollama,lzo,0,0,1368,569,4096,34804,3999
REFERENCE_ollama,lzo,0,0,1369,4116,4096,33507,1589
REFERENCE_ollama,lzo,0,0,1370,4116,4096,33473,1454
REFERENCE_ollama,lzo,0,0,1371,830,4096,38474,5912
REFERENCE_ollama,lzo,0,0,1372,835,4096,37130,5428
REFERENCE_ollama,lzo,0,0,1373,4116,4096,33603,1490
REFERENCE_ollama,lzo,0,0,1374,4116,4096,33463,1454
REFERENCE_ollama,lzo,0,0,1375,4116,4096,33152,1452
REFERENCE_ollama,lzo,0,0,1376,1275,4096,41149,7203
REFERENCE_ollama,lzo,0,0,1377,4116,4096,33466,1501
REFERENCE_ollama,lzo,0,0,1378,3293,4096,33666,1572
REFERENCE_ollama,lzo,0,0,1379,4116,4096,32875,1489
REFERENCE_ollama,lzo,0,0,1380,835,4096,37612,5526
REFERENCE_ollama,lzo,0,0,1381,1200,4096,40866,7740
REFERENCE_ollama,lzo,0,0,1382,4116,4096,32801,1504
REFERENCE_ollama,lzo,0,0,1383,4116,4096,33637,1459
REFERENCE_ollama,lzo,0,0,1384,810,4096,36860,5353
REFERENCE_ollama,lzo,0,0,1385,4116,4096,33921,1491
REFERENCE_ollama,lzo,0,0,1386,4116,4096,33400,1456
REFERENCE_ollama,lzo,0,0,1387,4116,4096,33305,1454
REFERENCE_ollama,lzo,0,0,1388,4116,4096,33832,1455
REFERENCE_ollama,lzo,0,0,1389,4116,4096,32922,1453
REFERENCE_ollama,lzo,0,0,1390,4116,4096,33713,1454
REFERENCE_ollama,lzo,0,0,1391,4116,4096,33607,1454
REFERENCE_ollama,lzo,0,0,1392,4116,4096,33658,1456
REFERENCE_ollama,lzo,0,0,1393,4116,4096,32737,1456
REFERENCE_ollama,lzo,0,0,1394,4116,4096,33442,1456
REFERENCE_ollama,lzo,0,0,1395,599,4096,36574,4177
REFERENCE_ollama,lzo,0,0,1396,790,4096,37317,5305
REFERENCE_ollama,lzo,0,0,1397,604,4096,35277,3970
REFERENCE_ollama,lzo,0,0,1398,4116,4096,33266,1529
REFERENCE_ollama,lzo,0,0,1399,1007,4096,37768,6325
REFERENCE_ollama,lzo,0,0,1400,1047,4096,40729,7316
REFERENCE_ollama,lzo,0,0,1401,72,4096,33327,2577
REFERENCE_ollama,lzo,0,0,1402,174,4096,34207,4259
REFERENCE_ollama,lzo,0,0,1403,634,4096,35007,1855
REFERENCE_ollama,lzo,0,0,1404,4116,4096,32852,1619
REFERENCE_ollama,lzo,0,0,1405,325,4096,34980,3896
REFERENCE_ollama,lzo,0,0,1406,1391,4096,42881,8175
REFERENCE_ollama,lzo,0,0,1407,612,4096,36221,4368
REFERENCE_ollama,lzo,0,0,1408,4116,4096,33760,1550
REFERENCE_ollama,lzo,0,0,1409,4116,4096,33539,1464
REFERENCE_ollama,lzo,0,0,1410,4116,4096,33631,1455
REFERENCE_ollama,lzo,0,0,1411,4116,4096,32959,1455
REFERENCE_ollama,lzo,0,0,1412,675,4096,36713,4539
REFERENCE_ollama,lzo,0,0,1413,4116,4096,33772,1588
REFERENCE_ollama,lzo,0,0,1414,4116,4096,33221,1804
REFERENCE_ollama,lzo,0,0,1415,4116,4096,33263,1454
REFERENCE_ollama,lzo,0,0,1416,4116,4096,33806,1453
REFERENCE_ollama,lzo,0,0,1417,597,4096,35647,3734
REFERENCE_ollama,lzo,0,0,1418,4116,4096,32877,1498
REFERENCE_ollama,lzo,0,0,1419,4116,4096,33329,1453
REFERENCE_ollama,lzo,0,0,1420,489,4096,35872,3089
REFERENCE_ollama,lzo,0,0,1421,4116,4096,32843,1525
REFERENCE_ollama,lzo,0,0,1422,4116,4096,33456,1457
REFERENCE_ollama,lzo,0,0,1423,4116,4096,34059,1453
REFERENCE_ollama,lzo,0,0,1424,943,4096,38405,5830
REFERENCE_ollama,lzo,0,0,1425,4116,4096,33129,1492
REFERENCE_ollama,lzo,0,0,1426,4116,4096,33465,1456
REFERENCE_ollama,lzo,0,0,1427,4116,4096,34209,1465
REFERENCE_ollama,lzo,0,0,1428,578,4096,35247,4127
REFERENCE_ollama,lzo,0,0,1429,1119,4096,41773,5966
REFERENCE_ollama,lzo,0,0,1430,4116,4096,29756,1375
REFERENCE_ollama,lzo,0,0,1431,3228,4096,30211,1387
REFERENCE_ollama,lzo,0,0,1432,4116,4096,29207,1291
REFERENCE_ollama,lzo,0,0,1433,4116,4096,29684,1251
REFERENCE_ollama,lzo,0,0,1434,589,4096,38063,4098
REFERENCE_ollama,lzo,0,0,1435,4116,4096,32706,1593
REFERENCE_ollama,lzo,0,0,1436,4116,4096,33338,1600
REFERENCE_ollama,lzo,0,0,1437,4116,4096,33386,1603
REFERENCE_ollama,lzo,0,0,1438,4116,4096,33589,1603
REFERENCE_ollama,lzo,0,0,1439,4116,4096,32866,1543
REFERENCE_ollama,lzo,0,0,1440,1306,4096,40775,6189
REFERENCE_ollama,lzo,0,0,1441,4116,4096,33620,1526
REFERENCE_ollama,lzo,0,0,1442,623,4096,35438,4681
REFERENCE_ollama,lzo,0,0,1443,4116,4096,33677,1531
REFERENCE_ollama,lzo,0,0,1444,1218,4096,42251,7036
REFERENCE_ollama,lzo,0,0,1445,4116,4096,33283,1533
REFERENCE_ollama,lzo,0,0,1446,4116,4096,32773,1454
REFERENCE_ollama,lzo,0,0,1447,1846,4096,42073,6050
REFERENCE_ollama,lzo,0,0,1448,4116,4096,33535,1780
REFERENCE_ollama,lzo,0,0,1449,4116,4096,32819,1455
REFERENCE_ollama,lzo,0,0,1450,4116,4096,33195,1452
REFERENCE_ollama,lzo,0,0,1451,1554,4096,43652,8497
REFERENCE_ollama,lzo,0,0,1452,1446,4096,42537,7955
REFERENCE_ollama,lzo,0,0,1453,1346,4096,41420,8151
REFERENCE_ollama,lzo,0,0,1454,1270,4096,40749,7015
REFERENCE_ollama,lzo,0,0,1455,4116,4096,33442,1493
REFERENCE_ollama,lzo,0,0,1456,4116,4096,32544,1452
REFERENCE_ollama,lzo,0,0,1457,1390,4096,40141,5729
REFERENCE_ollama,lzo,0,0,1458,4116,4096,33257,1596
REFERENCE_ollama,lzo,0,0,1459,4080,4096,33786,1583
REFERENCE_ollama,lzo,0,0,1460,4116,4096,32904,1584
REFERENCE_ollama,lzo,0,0,1461,4116,4096,33406,1453
REFERENCE_ollama,lzo,0,0,1462,4116,4096,33832,1455
REFERENCE_ollama,lzo,0,0,1463,4116,4096,33436,1454
REFERENCE_ollama,lzo,0,0,1464,4116,4096,32794,1453
REFERENCE_ollama,lzo,0,0,1465,527,4096,36080,4450
REFERENCE_ollama,lzo,0,0,1466,807,4096,37906,5349
REFERENCE_ollama,lzo,0,0,1467,4116,4096,32778,1489
REFERENCE_ollama,lzo,0,0,1468,4116,4096,33959,1490
REFERENCE_ollama,lzo,0,0,1469,4116,4096,33321,1456
REFERENCE_ollama,lzo,0,0,1470,740,4096,36993,5462
REFERENCE_ollama,lzo,0,0,1471,4116,4096,32738,1599
REFERENCE_ollama,lzo,0,0,1472,4116,4096,33773,1457
REFERENCE_ollama,lzo,0,0,1473,4116,4096,33562,1451
REFERENCE_ollama,lzo,0,0,1474,4116,4096,32944,1452
REFERENCE_ollama,lzo,0,0,1475,4116,4096,33277,1453
REFERENCE_ollama,lzo,0,0,1476,4116,4096,33384,1454
REFERENCE_ollama,lzo,0,0,1477,1113,4096,39221,5641
REFERENCE_ollama,lzo,0,0,1478,4116,4096,32757,1488
REFERENCE_ollama,lzo,0,0,1479,4116,4096,34275,1457
REFERENCE_ollama,lzo,0,0,1480,4116,4096,34064,1513
REFERENCE_ollama,lzo,0,0,1481,4116,4096,33078,1451
REFERENCE_ollama,lzo,0,0,1482,4116,4096,33708,1454
REFERENCE_ollama,lzo,0,0,1483,695,4096,37326,4679
REFERENCE_ollama,lzo,0,0,1484,4116,4096,33675,1525
REFERENCE_ollama,lzo,0,0,1485,4116,4096,32951,1454
REFERENCE_ollama,lzo,0,0,1486,4116,4096,33514,1455
REFERENCE_ollama,lzo,0,0,1487,4116,4096,33748,1454
REFERENCE_ollama,lzo,0,0,1488,4116,4096,32881,1454
REFERENCE_ollama,lzo,0,0,1489,4116,4096,33527,1456
REFERENCE_ollama,lzo,0,0,1490,4116,4096,33604,1453
REFERENCE_ollama,lzo,0,0,1491,4116,4096,33131,1454
REFERENCE_ollama,lzo,0,0,1492,4116,4096,32682,1454
REFERENCE_ollama,lzo,0,0,1493,4116,4096,33801,1458
REFERENCE_ollama,lzo,0,0,1494,4116,4096,33249,1453
REFERENCE_ollama,lzo,0,0,1495,4116,4096,32926,1457
REFERENCE_ollama,lzo,0,0,1496,4116,4096,33566,1505
REFERENCE_ollama,lzo,0,0,1497,4116,4096,33406,1451
REFERENCE_ollama,lzo,0,0,1498,4116,4096,33646,1454
REFERENCE_ollama,lzo,0,0,1499,4116,4096,32917,1469
REFERENCE_ollama,lzo,0,0,1500,653,4096,36517,4595
REFERENCE_ollama,lzo,0,0,1501,611,4096,36559,4722
REFERENCE_ollama,lzo,0,0,1502,4116,4096,32521,1622
REFERENCE_ollama,lzo,0,0,1503,4116,4096,33726,1451
REFERENCE_ollama,lzo,0,0,1504,4116,4096,33469,1453
REFERENCE_ollama,lzo,0,0,1505,4116,4096,33135,1451
REFERENCE_ollama,lzo,0,0,1506,4116,4096,32661,1451
REFERENCE_ollama,lzo,0,0,1507,810,4096,37413,5776
REFERENCE_ollama,lzo,0,0,1508,990,4096,39945,6832
REFERENCE_ollama,lzo,0,0,1509,683,4096,36581,4604
REFERENCE_ollama,lzo,0,0,1510,4116,4096,33248,1602
REFERENCE_ollama,lzo,0,0,1511,4116,4096,33617,1456
REFERENCE_ollama,lzo,0,0,1512,4116,4096,33946,1457
REFERENCE_ollama,lzo,0,0,1513,565,4096,35426,4846
REFERENCE_ollama,lzo,0,0,1514,4116,4096,33493,1463
REFERENCE_ollama,lzo,0,0,1515,706,4096,36817,4897
REFERENCE_ollama,lzo,0,0,1516,797,4096,36356,5091
REFERENCE_ollama,lzo,0,0,1517,4116,4096,33403,1845
REFERENCE_ollama,lzo,0,0,1518,505,4096,36251,5498
REFERENCE_ollama,lzo,0,0,1519,4116,4096,33297,1525
REFERENCE_ollama,lzo,0,0,1520,1173,4096,32898,1921
REFERENCE_ollama,lzo,0,0,1521,4116,4096,33239,1459
REFERENCE_ollama,lzo,0,0,1522,4116,4096,33600,1454
REFERENCE_ollama,lzo,0,0,1523,4116,4096,32929,1454
REFERENCE_ollama,lzo,0,0,1524,4116,4096,33446,1455
REFERENCE_ollama,lzo,0,0,1525,4116,4096,33691,1455
REFERENCE_ollama,lzo,0,0,1526,828,4096,37714,5365
REFERENCE_ollama,lzo,0,0,1527,987,4096,39603,7200
REFERENCE_ollama,lzo,0,0,1528,4116,4096,33695,1599
REFERENCE_ollama,lzo,0,0,1529,4116,4096,33635,1457
REFERENCE_ollama,lzo,0,0,1530,4116,4096,33317,1456
REFERENCE_ollama,lzo,0,0,1531,1189,4096,40251,7484
REFERENCE_ollama,lzo,0,0,1532,4116,4096,33667,1499
REFERENCE_ollama,lzo,0,0,1533,1832,4096,42099,7085
REFERENCE_ollama,lzo,0,0,1534,4116,4096,32710,1623
REFERENCE_ollama,lzo,0,0,1535,4116,4096,33644,1602
REFERENCE_ollama,lzo,0,0,1536,4116,4096,33437,1602
REFERENCE_ollama,lzo,0,0,1537,4116,4096,33662,1607
REFERENCE_ollama,lzo,0,0,1538,4116,4096,32670,1602
REFERENCE_ollama,lzo,0,0,1539,4116,4096,33398,1617
REFERENCE_ollama,lzo,0,0,1540,4116,4096,33765,1603
REFERENCE_ollama,lzo,0,0,1541,4116,4096,32967,1602
REFERENCE_ollama,lzo,0,0,1542,1158,4096,40743,5642
REFERENCE_ollama,lzo,0,0,1543,4116,4096,36651,1588
REFERENCE_ollama,lzo,0,0,1544,4116,4096,42513,1496
REFERENCE_ollama,lzo,0,0,1545,4116,4096,40144,1453
REFERENCE_ollama,lzo,0,0,1546,4116,4096,42269,1455
REFERENCE_ollama,lzo,0,0,1547,4116,4096,41558,1451
REFERENCE_ollama,lzo,0,0,1548,4116,4096,40458,1469
REFERENCE_ollama,lzo,0,0,1549,4116,4096,39985,1455
REFERENCE_ollama,lzo,0,0,1550,4116,4096,40445,1456
REFERENCE_ollama,lzo,0,0,1551,4116,4096,40853,1454
REFERENCE_ollama,lzo,0,0,1552,595,4096,41466,4333
REFERENCE_ollama,lzo,0,0,1553,4116,4096,40457,1527
REFERENCE_ollama,lzo,0,0,1554,4116,4096,40390,1454
REFERENCE_ollama,lzo,0,0,1555,4116,4096,39783,1452
REFERENCE_ollama,lzo,0,0,1556,602,4096,42513,3578
REFERENCE_ollama,lzo,0,0,1557,353,4096,41710,3299
REFERENCE_ollama,lzo,0,0,1558,1409,4096,50133,8256
REFERENCE_ollama,lzo,0,0,1559,590,4096,42135,4076
REFERENCE_ollama,lzo,0,0,1560,576,4096,41502,3487
REFERENCE_ollama,lzo,0,0,1561,4116,4096,40017,1493
REFERENCE_ollama,lzo,0,0,1562,4116,4096,39027,1453
REFERENCE_ollama,lzo,0,0,1563,4116,4096,40103,1456
REFERENCE_ollama,lzo,0,0,1564,4116,4096,39925,1455
REFERENCE_ollama,lzo,0,0,1565,4116,4096,40248,1451
REFERENCE_ollama,lzo,0,0,1566,697,4096,43005,5759
REFERENCE_ollama,lzo,0,0,1567,4116,4096,40223,1569
REFERENCE_ollama,lzo,0,0,1568,4116,4096,39613,1451
REFERENCE_ollama,lzo,0,0,1569,4116,4096,39251,1452
REFERENCE_ollama,lzo,0,0,1570,570,4096,42615,5036
REFERENCE_ollama,lzo,0,0,1571,849,4096,44226,6027
REFERENCE_ollama,lzo,0,0,1572,4116,4096,39913,1495
REFERENCE_ollama,lzo,0,0,1573,4116,4096,39060,1456
REFERENCE_ollama,lzo,0,0,1574,4116,4096,39774,1453
REFERENCE_ollama,lzo,0,0,1575,4116,4096,40258,1451
REFERENCE_ollama,lzo,0,0,1576,1425,4096,46278,5676
REFERENCE_ollama,lzo,0,0,1577,4116,4096,38931,1523
REFERENCE_ollama,lzo,0,0,1578,4116,4096,40341,1453
REFERENCE_ollama,lzo,0,0,1579,4116,4096,40004,1456
REFERENCE_ollama,lzo,0,0,1580,517,4096,41851,4295
REFERENCE_ollama,lzo,0,0,1581,4116,4096,39763,1523
REFERENCE_ollama,lzo,0,0,1582,4116,4096,39527,1458
REFERENCE_ollama,lzo,0,0,1583,4116,4096,39948,1488
REFERENCE_ollama,lzo,0,0,1584,4116,4096,39530,1454
REFERENCE_ollama,lzo,0,0,1585,4116,4096,40062,1455
REFERENCE_ollama,lzo,0,0,1586,632,4096,43171,4424
REFERENCE_ollama,lzo,0,0,1587,1588,4096,46646,5989
REFERENCE_ollama,lzo,0,0,1588,1118,4096,48740,6774
REFERENCE_ollama,lzo,0,0,1589,4116,4096,36335,1292
REFERENCE_ollama,lzo,0,0,1590,4116,4096,36252,1252
REFERENCE_ollama,lzo,0,0,1591,4116,4096,35210,1253
REFERENCE_ollama,lzo,0,0,1592,794,4096,39760,4818
REFERENCE_ollama,lzo,0,0,1593,4116,4096,36031,1382
REFERENCE_ollama,lzo,0,0,1594,782,4096,38227,4939
REFERENCE_ollama,lzo,0,0,1595,4116,4096,37520,1394
REFERENCE_ollama,lzo,0,0,1596,4116,4096,36669,1380
REFERENCE_ollama,lzo,0,0,1597,4116,4096,36830,1379
REFERENCE_ollama,lzo,0,0,1598,1388,4096,42622,6756
REFERENCE_ollama,lzo,0,0,1599,4116,4096,42637,1531
REFERENCE_ollama,lzo,0,0,1600,4116,4096,40165,1453
REFERENCE_ollama,lzo,0,0,1601,1354,4096,47090,6701
REFERENCE_ollama,lzo,0,0,1602,1553,4096,48810,6964
REFERENCE_ollama,lzo,0,0,1603,4116,4096,40383,1494
REFERENCE_ollama,lzo,0,0,1604,4116,4096,42301,1413
REFERENCE_ollama,lzo,0,0,1605,4116,4096,36231,1252
REFERENCE_ollama,lzo,0,0,1606,4116,4096,36678,1254
REFERENCE_ollama,lzo,0,0,1607,4116,4096,36466,1252
REFERENCE_ollama,lzo,0,0,1608,4116,4096,35978,1250
REFERENCE_ollama,lzo,0,0,1609,4116,4096,36108,1251
REFERENCE_ollama,lzo,0,0,1610,4116,4096,36355,1250
REFERENCE_ollama,lzo,0,0,1611,1560,4096,46627,8598
REFERENCE_ollama,lzo,0,0,1612,4116,4096,38945,1617
REFERENCE_ollama,lzo,0,0,1613,4116,4096,40055,1605
REFERENCE_ollama,lzo,0,0,1614,4116,4096,40352,1602
REFERENCE_ollama,lzo,0,0,1615,4116,4096,39347,1521
REFERENCE_ollama,lzo,0,0,1616,4116,4096,40277,1604
REFERENCE_ollama,lzo,0,0,1617,4116,4096,40253,1601
REFERENCE_ollama,lzo,0,0,1618,4116,4096,40023,1603
REFERENCE_ollama,lzo,0,0,1619,1146,4096,39794,2598
REFERENCE_ollama,lzo,0,0,1620,4116,4096,39715,1493
REFERENCE_ollama,lzo,0,0,1621,4116,4096,39714,1451
REFERENCE_ollama,lzo,0,0,1622,4116,4096,39393,1452
REFERENCE_ollama,lzo,0,0,1623,4116,4096,39670,1457
REFERENCE_ollama,lzo,0,0,1624,4116,4096,40489,1457
REFERENCE_ollama,lzo,0,0,1625,4116,4096,39683,1456
REFERENCE_ollama,lzo,0,0,1626,4116,4096,39474,1453
REFERENCE_ollama,lzo,0,0,1627,4116,4096,39927,1451
REFERENCE_ollama,lzo,0,0,1628,4116,4096,39593,1452
REFERENCE_ollama,lzo,0,0,1629,606,4096,42601,4505
REFERENCE_ollama,lzo,0,0,1630,558,4096,42421,4971
REFERENCE_ollama,lzo,0,0,1631,1482,4096,46881,5813
REFERENCE_ollama,lzo,0,0,1632,58,4096,40359,3324
REFERENCE_ollama,lzo,0,0,1633,1103,4096,45733,5468
REFERENCE_ollama,lzo,0,0,1634,4116,4096,39473,1596
REFERENCE_ollama,lzo,0,0,1635,829,4096,45085,5679
REFERENCE_ollama,lzo,0,0,1636,715,4096,42372,5267
REFERENCE_ollama,lzo,0,0,1637,4116,4096,39905,1494
REFERENCE_ollama,lzo,0,0,1638,4116,4096,39963,1454
REFERENCE_ollama,lzo,0,0,1639,4116,4096,39679,1449
REFERENCE_ollama,lzo,0,0,1640,578,4096,41951,4354
REFERENCE_ollama,lzo,0,0,1641,4116,4096,40475,1490
REFERENCE_ollama,lzo,0,0,1642,4116,4096,39615,1453
REFERENCE_ollama,lzo,0,0,1643,4116,4096,39809,1456
REFERENCE_ollama,lzo,0,0,1644,4116,4096,39312,1454
REFERENCE_ollama,lzo,0,0,1645,4116,4096,39898,1459
REFERENCE_ollama,lzo,0,0,1646,4116,4096,40498,1452
REFERENCE_ollama,lzo,0,0,1647,565,4096,40926,4328
REFERENCE_ollama,lzo,0,0,1648,632,4096,43329,5896
REFERENCE_ollama,lzo,0,0,1649,4116,4096,40535,1502
REFERENCE_ollama,lzo,0,0,1650,4116,4096,39872,1454
REFERENCE_ollama,lzo,0,0,1651,4116,4096,39179,1456
REFERENCE_ollama,lzo,0,0,1652,4116,4096,40050,1452
REFERENCE_ollama,lzo,0,0,1653,4116,4096,40167,1457
REFERENCE_ollama,lzo,0,0,1654,4116,4096,40064,1459
REFERENCE_ollama,lzo,0,0,1655,4116,4096,40869,1474
REFERENCE_ollama,lzo,0,0,1656,4116,4096,39611,1456
REFERENCE_ollama,lzo,0,0,1657,647,4096,43538,4891
REFERENCE_ollama,lzo,0,0,1658,4116,4096,39524,1492
REFERENCE_ollama,lzo,0,0,1659,4116,4096,40545,1453
REFERENCE_ollama,lzo,0,0,1660,4116,4096,40552,1454
REFERENCE_ollama,lzo,0,0,1661,4116,4096,39484,1455
REFERENCE_ollama,lzo,0,0,1662,4116,4096,39688,1458
REFERENCE_ollama,lzo,0,0,1663,1207,4096,45540,5521
REFERENCE_ollama,lzo,0,0,1664,4116,4096,39596,1521
REFERENCE_ollama,lzo,0,0,1665,4116,4096,39597,1455
REFERENCE_ollama,lzo,0,0,1666,4116,4096,40532,1457
REFERENCE_ollama,lzo,0,0,1667,4116,4096,39996,1457
REFERENCE_ollama,lzo,0,0,1668,4116,4096,42647,1410
REFERENCE_ollama,lzo,0,0,1669,4116,4096,36167,1249
REFERENCE_ollama,lzo,0,0,1670,4116,4096,36472,1265
REFERENCE_ollama,lzo,0,0,1671,987,4096,42530,5766
REFERENCE_ollama,lzo,0,0,1672,990,4096,40780,5192
REFERENCE_ollama,lzo,0,0,1673,823,4096,40321,5025
REFERENCE_ollama,lzo,0,0,1674,4116,4096,37072,1316
REFERENCE_ollama,lzo,0,0,1675,4116,4096,35534,1294
REFERENCE_ollama,lzo,0,0,1676,1734,4096,45680,7609
REFERENCE_ollama,lzo,0,0,1677,799,4096,39965,5124
REFERENCE_ollama,lzo,0,0,1678,1120,4096,40190,4674
REFERENCE_ollama,lzo,0,0,1679,2072,4096,43312,4178
REFERENCE_ollama,lzo,0,0,1680,527,4096,38195,3818
REFERENCE_ollama,lzo,0,0,1681,4116,4096,42622,1450
REFERENCE_ollama,lzo,0,0,1682,1104,4096,46155,6976
REFERENCE_ollama,lzo,0,0,1683,4116,4096,39587,1528
REFERENCE_ollama,lzo,0,0,1684,4116,4096,40858,1457
REFERENCE_ollama,lzo,0,0,1685,4116,4096,40433,1453
REFERENCE_ollama,lzo,0,0,1686,113,4096,39412,4550
REFERENCE_ollama,lzo,0,0,1687,1133,4096,46358,5717
REFERENCE_ollama,lzo,0,0,1688,4116,4096,40385,1600
REFERENCE_ollama,lzo,0,0,1689,568,4096,41449,4569
REFERENCE_ollama,lzo,0,0,1690,826,4096,44145,5761
REFERENCE_ollama,lzo,0,0,1691,4116,4096,40204,1535
REFERENCE_ollama,lzo,0,0,1692,550,4096,42758,4377
REFERENCE_ollama,lzo,0,0,1693,4116,4096,39366,1558
REFERENCE_ollama,lzo,0,0,1694,4116,4096,40157,1455
REFERENCE_ollama,lzo,0,0,1695,1484,4096,50223,8537
REFERENCE_ollama,lzo,0,0,1696,4116,4096,39680,1496
REFERENCE_ollama,lzo,0,0,1697,4116,4096,39853,1453
REFERENCE_ollama,lzo,0,0,1698,4116,4096,40167,1455
REFERENCE_ollama,lzo,0,0,1699,544,4096,41940,4351
REFERENCE_ollama,lzo,0,0,1700,721,4096,43005,5393
REFERENCE_ollama,lzo,0,0,1701,1261,4096,48636,7354
REFERENCE_ollama,lzo,0,0,1702,1598,4096,50174,9342
REFERENCE_ollama,lzo,0,0,1703,4116,4096,39499,1556
REFERENCE_ollama,lzo,0,0,1704,612,4096,42974,4469
REFERENCE_ollama,lzo,0,0,1705,4116,4096,39174,1528
REFERENCE_ollama,lzo,0,0,1706,4116,4096,40435,1454
REFERENCE_ollama,lzo,0,0,1707,4116,4096,39136,1454
REFERENCE_ollama,lzo,0,0,1708,604,4096,42938,3957
REFERENCE_ollama,lzo,0,0,1709,4116,4096,40201,1526
REFERENCE_ollama,lzo,0,0,1710,4116,4096,40021,1453
REFERENCE_ollama,lzo,0,0,1711,4116,4096,38694,1455
REFERENCE_ollama,lzo,0,0,1712,4116,4096,39561,1456
REFERENCE_ollama,lzo,0,0,1713,4116,4096,40013,1451
REFERENCE_ollama,lzo,0,0,1714,4116,4096,38892,1458
REFERENCE_ollama,lzo,0,0,1715,4116,4096,39354,1457
REFERENCE_ollama,lzo,0,0,1716,792,4096,43300,5229
REFERENCE_ollama,lzo,0,0,1717,4116,4096,40686,1503
REFERENCE_ollama,lzo,0,0,1718,4116,4096,39617,1454
REFERENCE_ollama,lzo,0,0,1719,4116,4096,39641,1454
REFERENCE_ollama,lzo,0,0,1720,4116,4096,39382,1457
REFERENCE_ollama,lzo,0,0,1721,4116,4096,38809,1455
REFERENCE_ollama,lzo,0,0,1722,4116,4096,39806,1456
REFERENCE_ollama,lzo,0,0,1723,674,4096,43149,4865
REFERENCE_ollama,lzo,0,0,1724,4116,4096,39259,1527
REFERENCE_ollama,lzo,0,0,1725,4116,4096,39460,1458
REFERENCE_ollama,lzo,0,0,1726,4116,4096,40567,1456
REFERENCE_ollama,lzo,0,0,1727,4116,4096,39173,1455
REFERENCE_ollama,lzo,0,0,1728,1173,4096,39309,1935
REFERENCE_ollama,lzo,0,0,1729,1511,4096,48069,6341
REFERENCE_ollama,lzo,0,0,1730,709,4096,43710,5314
REFERENCE_ollama,lzo,0,0,1731,4116,4096,39930,1584
REFERENCE_ollama,lzo,0,0,1732,4116,4096,39339,1453
REFERENCE_ollama,lzo,0,0,1733,4116,4096,39690,1456
REFERENCE_ollama,lzo,0,0,1734,4116,4096,40151,1454
REFERENCE_ollama,lzo,0,0,1735,4116,4096,40459,1459
REFERENCE_ollama,lzo,0,0,1736,3228,4096,40507,1631
REFERENCE_ollama,lzo,0,0,1737,1173,4096,39918,1942
REFERENCE_ollama,lzo,0,0,1738,4116,4096,40085,1615
REFERENCE_ollama,lzo,0,0,1739,1351,4096,46204,6528
REFERENCE_ollama,lzo,0,0,1740,4116,4096,39131,1525
REFERENCE_ollama,lzo,0,0,1741,4116,4096,39894,1457
REFERENCE_ollama,lzo,0,0,1742,4116,4096,39356,1457
REFERENCE_ollama,lzo,0,0,1743,4116,4096,39565,1449
REFERENCE_ollama,lzo,0,0,1744,4116,4096,39731,1454
REFERENCE_ollama,lzo,0,0,1745,4116,4096,39848,1456
REFERENCE_ollama,lzo,0,0,1746,599,4096,41152,4362
REFERENCE_ollama,lzo,0,0,1747,996,4096,45564,5940
REFERENCE_ollama,lzo,0,0,1748,2857,4096,51934,5203
REFERENCE_ollama,lzo,0,0,1749,4116,4096,39778,1496
REFERENCE_ollama,lzo,0,0,1750,4116,4096,35921,1379
REFERENCE_ollama,lzo,0,0,1751,4116,4096,35958,1377
REFERENCE_ollama,lzo,0,0,1752,557,4096,38650,4048
REFERENCE_ollama,lzo,0,0,1753,803,4096,38832,4975
REFERENCE_ollama,lzo,0,0,1754,4116,4096,35574,1374
REFERENCE_ollama,lzo,0,0,1755,4116,4096,42768,1807
REFERENCE_ollama,lzo,0,0,1756,658,4096,42415,5422
REFERENCE_ollama,lzo,0,0,1757,4116,4096,40158,1501
REFERENCE_ollama,lzo,0,0,1758,79,4096,39824,4660
REFERENCE_ollama,lzo,0,0,1759,1263,4096,48465,7447
REFERENCE_ollama,lzo,0,0,1760,4116,4096,38930,1596
REFERENCE_ollama,lzo,0,0,1761,4116,4096,39712,1456
REFERENCE_ollama,lzo,0,0,1762,4116,4096,39244,1456
REFERENCE_ollama,lzo,0,0,1763,4116,4096,39032,1454
REFERENCE_ollama,lzo,0,0,1764,4116,4096,39211,1453
REFERENCE_ollama,lzo,0,0,1765,527,4096,41809,4245
REFERENCE_ollama,lzo,0,0,1766,4116,4096,40196,1528
REFERENCE_ollama,lzo,0,0,1767,4116,4096,39179,1454
REFERENCE_ollama,lzo,0,0,1768,1007,4096,44378,6175
REFERENCE_ollama,lzo,0,0,1769,4116,4096,39653,1619
REFERENCE_ollama,lzo,0,0,1770,4116,4096,40292,1602
REFERENCE_ollama,lzo,0,0,1771,4116,4096,39607,1603
REFERENCE_ollama,lzo,0,0,1772,4116,4096,42231,1557
REFERENCE_ollama,lzo,0,0,1773,4116,4096,36149,1391
REFERENCE_ollama,lzo,0,0,1774,4116,4096,36600,1377
REFERENCE_ollama,lzo,0,0,1775,4116,4096,36109,1381
REFERENCE_ollama,lzo,0,0,1776,4116,4096,35909,1377
REFERENCE_ollama,lzo,0,0,1777,1268,4096,44632,9663
REFERENCE_ollama,lzo,0,0,1778,546,4096,41645,4102
REFERENCE_ollama,lzo,0,0,1779,4116,4096,40112,1488
REFERENCE_ollama,lzo,0,0,1780,4116,4096,39703,1456
REFERENCE_ollama,lzo,0,0,1781,4116,4096,39254,1452
REFERENCE_ollama,lzo,0,0,1782,4116,4096,39596,1455
REFERENCE_ollama,lzo,0,0,1783,4116,4096,39849,1454
REFERENCE_ollama,lzo,0,0,1784,909,4096,44519,6168
REFERENCE_ollama,lzo,0,0,1785,4116,4096,39198,1527
REFERENCE_ollama,lzo,0,0,1786,4116,4096,40274,1459
REFERENCE_ollama,lzo,0,0,1787,3293,4096,40586,1593
REFERENCE_ollama,lzo,0,0,1788,3293,4096,39924,1510
REFERENCE_ollama,lzo,0,0,1789,4116,4096,39719,1493
REFERENCE_ollama,lzo,0,0,1790,4116,4096,39841,1458
REFERENCE_ollama,lzo,0,0,1791,4116,4096,40501,1455
REFERENCE_ollama,lzo,0,0,1792,4116,4096,39147,1455
REFERENCE_ollama,lzo,0,0,1793,4116,4096,39807,1455
REFERENCE_ollama,lzo,0,0,1794,4116,4096,42093,1412
REFERENCE_ollama,lzo,0,0,1795,4116,4096,39034,1290
REFERENCE_ollama,lzo,0,0,1796,4116,4096,41055,1454
REFERENCE_ollama,lzo,0,0,1797,4116,4096,39941,1456
REFERENCE_ollama,lzo,0,0,1798,4116,4096,39759,1456
REFERENCE_ollama,lzo,0,0,1799,4116,4096,39607,1454
REFERENCE_ollama,lzo,0,0,1800,4116,4096,39846,1455
REFERENCE_ollama,lzo,0,0,1801,4116,4096,39597,1455
REFERENCE_ollama,lzo,0,0,1802,4116,4096,40644,1453
REFERENCE_ollama,lzo,0,0,1803,4116,4096,40004,1456
REFERENCE_ollama,lzo,0,0,1804,1146,4096,40292,2528
REFERENCE_ollama,lzo,0,0,1805,879,4096,44344,5585
REFERENCE_ollama,lzo,0,0,1806,1307,4096,45978,7301
REFERENCE_ollama,lzo,0,0,1807,1478,4096,51197,9789
REFERENCE_ollama,lzo,0,0,1808,1117,4096,46638,6754
REFERENCE_ollama,lzo,0,0,1809,1042,4096,45589,6966
REFERENCE_ollama,lzo,0,0,1810,4116,4096,39933,1542
REFERENCE_ollama,lzo,0,0,1811,4116,4096,40697,1454
REFERENCE_ollama,lzo,0,0,1812,4116,4096,39495,1458
REFERENCE_ollama,lzo,0,0,1813,4116,4096,40624,1457
REFERENCE_ollama,lzo,0,0,1814,4116,4096,39237,1456
REFERENCE_ollama,lzo,0,0,1815,4116,4096,39347,1473
REFERENCE_ollama,lzo,0,0,1816,4116,4096,38517,1458
REFERENCE_ollama,lzo,0,0,1817,812,4096,44846,5628
REFERENCE_ollama,lzo,0,0,1818,4116,4096,39783,1494
REFERENCE_ollama,lzo,0,0,1819,3953,4096,43765,2462
REFERENCE_ollama,lzo,0,0,1820,1172,4096,45931,7071
REFERENCE_ollama,lzo,0,0,1821,4116,4096,33049,1536
REFERENCE_ollama,lzo,0,0,1822,661,4096,38031,4775
REFERENCE_ollama,lzo,0,0,1823,1173,4096,34347,2227
REFERENCE_ollama,lzo,0,0,1824,4116,4096,33156,1463
REFERENCE_ollama,lzo,0,0,1825,4116,4096,33949,1453
REFERENCE_ollama,lzo,0,0,1826,4116,4096,34115,1453
REFERENCE_ollama,lzo,0,0,1827,489,4096,36003,3055
REFERENCE_ollama,lzo,0,0,1828,4116,4096,32789,1530
REFERENCE_ollama,lzo,0,0,1829,4116,4096,34092,1453
REFERENCE_ollama,lzo,0,0,1830,4116,4096,34246,1456
REFERENCE_ollama,lzo,0,0,1831,4116,4096,32787,1455
REFERENCE_ollama,lzo,0,0,1832,4116,4096,34083,1457
REFERENCE_ollama,lzo,0,0,1833,4116,4096,34804,1453
REFERENCE_ollama,lzo,0,0,1834,1123,4096,40357,6134
REFERENCE_ollama,lzo,0,0,1835,4116,4096,33201,1496
REFERENCE_ollama,lzo,0,0,1836,836,4096,38463,5879
REFERENCE_ollama,lzo,0,0,1837,2285,4096,34338,1654
REFERENCE_ollama,lzo,0,0,1838,4116,4096,33568,1654
REFERENCE_ollama,lzo,0,0,1839,4116,4096,33845,1604
REFERENCE_ollama,lzo,0,0,1840,4116,4096,34244,1603
REFERENCE_ollama,lzo,0,0,1841,4116,4096,34244,1602
REFERENCE_ollama,lzo,0,0,1842,4116,4096,32908,1604
REFERENCE_ollama,lzo,0,0,1843,4116,4096,34188,1622
REFERENCE_ollama,lzo,0,0,1844,604,4096,36675,4367
REFERENCE_ollama,lzo,0,0,1845,4116,4096,32942,1530
REFERENCE_ollama,lzo,0,0,1846,4116,4096,34216,1465
REFERENCE_ollama,lzo,0,0,1847,3293,4096,34041,1613
REFERENCE_ollama,lzo,0,0,1848,4116,4096,34416,1617
REFERENCE_ollama,lzo,0,0,1849,4116,4096,33173,1623
REFERENCE_ollama,lzo,0,0,1850,4116,4096,33901,1603
REFERENCE_ollama,lzo,0,0,1851,107,4096,34141,2829
REFERENCE_ollama,lzo,0,0,1852,4116,4096,33095,1495
REFERENCE_ollama,lzo,0,0,1853,4116,4096,33866,1455
REFERENCE_ollama,lzo,0,0,1854,4116,4096,34357,1454
REFERENCE_ollama,lzo,0,0,1855,675,4096,37544,4488
REFERENCE_ollama,lzo,0,0,1856,4116,4096,33010,1533
REFERENCE_ollama,lzo,0,0,1857,4116,4096,33902,1457
REFERENCE_ollama,lzo,0,0,1858,4116,4096,34197,1454
REFERENCE_ollama,lzo,0,0,1859,4116,4096,33257,1453
REFERENCE_ollama,lzo,0,0,1860,4116,4096,33965,1449
REFERENCE_ollama,lzo,0,0,1861,4116,4096,33688,1465
REFERENCE_ollama,lzo,0,0,1862,4116,4096,34136,1454
REFERENCE_ollama,lzo,0,0,1863,4116,4096,33131,1453
REFERENCE_ollama,lzo,0,0,1864,1208,4096,40386,6624
REFERENCE_ollama,lzo,0,0,1865,4116,4096,33768,1493
REFERENCE_ollama,lzo,0,0,1866,2103,4096,42707,6705
REFERENCE_ollama,lzo,0,0,1867,4116,4096,33998,1508
REFERENCE_ollama,lzo,0,0,1868,4116,4096,34342,1453
REFERENCE_ollama,lzo,0,0,1869,695,4096,37732,4628
REFERENCE_ollama,lzo,0,0,1870,830,4096,37474,5978
REFERENCE_ollama,lzo,0,0,1871,4116,4096,34170,1496
REFERENCE_ollama,lzo,0,0,1872,4116,4096,35511,1455
REFERENCE_ollama,lzo,0,0,1873,4116,4096,33296,1459
REFERENCE_ollama,lzo,0,0,1874,1043,4096,38785,5638
REFERENCE_ollama,lzo,0,0,1875,4116,4096,33596,1498
REFERENCE_ollama,lzo,0,0,1876,4116,4096,33988,1454
REFERENCE_ollama,lzo,0,0,1877,4116,4096,32844,1455
REFERENCE_ollama,lzo,0,0,1878,1284,4096,40798,5982
REFERENCE_ollama,lzo,0,0,1879,1445,4096,42843,8134
REFERENCE_ollama,lzo,0,0,1880,1803,4096,33233,3519
REFERENCE_ollama,lzo,0,0,1881,1007,4096,38535,6234
REFERENCE_ollama,lzo,0,0,1882,1729,4096,39050,5388
REFERENCE_ollama,lzo,0,0,1883,4116,4096,33740,1629
REFERENCE_ollama,lzo,0,0,1884,4116,4096,33060,1602
REFERENCE_ollama,lzo,0,0,1885,1437,4096,42262,7256
REFERENCE_ollama,lzo,0,0,1886,110,4096,33805,4167
REFERENCE_ollama,lzo,0,0,1887,625,4096,37184,4284
REFERENCE_ollama,lzo,0,0,1888,481,4096,34625,3481
REFERENCE_ollama,lzo,0,0,1889,1216,4096,40591,6456
REFERENCE_ollama,lzo,0,0,1890,575,4096,36865,4351
REFERENCE_ollama,lzo,0,0,1891,1083,4096,39005,5972
REFERENCE_ollama,lzo,0,0,1892,4116,4096,33764,1510
REFERENCE_ollama,lzo,0,0,1893,4116,4096,33897,1454
REFERENCE_ollama,lzo,0,0,1894,4116,4096,33466,1455
REFERENCE_ollama,lzo,0,0,1895,3228,4096,33668,1613
REFERENCE_ollama,lzo,0,0,1896,4116,4096,33639,1464
REFERENCE_ollama,lzo,0,0,1897,3228,4096,34091,1592
REFERENCE_ollama,lzo,0,0,1898,1325,4096,41497,7439
REFERENCE_ollama,lzo,0,0,1899,4116,4096,33285,1598
REFERENCE_ollama,lzo,0,0,1900,4116,4096,33398,1460
REFERENCE_ollama,lzo,0,0,1901,810,4096,38067,5802
REFERENCE_ollama,lzo,0,0,1902,4116,4096,32628,1494
REFERENCE_ollama,lzo,0,0,1903,723,4096,37064,4921
REFERENCE_ollama,lzo,0,0,1904,1457,4096,43318,8651
REFERENCE_ollama,lzo,0,0,1905,451,4096,35425,4849
REFERENCE_ollama,lzo,0,0,1906,4116,4096,33699,1601
REFERENCE_ollama,lzo,0,0,1907,4116,4096,33213,1457
REFERENCE_ollama,lzo,0,0,1908,4116,4096,33509,1455
REFERENCE_ollama,lzo,0,0,1909,4116,4096,33624,1459
REFERENCE_ollama,lzo,0,0,1910,1454,4096,41123,6083
REFERENCE_ollama,lzo,0,0,1911,921,4096,37189,4864
REFERENCE_ollama,lzo,0,0,1912,1021,4096,34138,5215
REFERENCE_ollama,lzo,0,0,1913,4116,4096,29515,1342
REFERENCE_ollama,lzo,0,0,1914,652,4096,32984,4057
REFERENCE_ollama,lzo,0,0,1915,4116,4096,30117,1316
REFERENCE_ollama,lzo,0,0,1916,711,4096,31799,4157
REFERENCE_ollama,lzo,0,0,1917,4116,4096,35182,1524
REFERENCE_ollama,lzo,0,0,1918,1348,4096,41419,6713
REFERENCE_ollama,lzo,0,0,1919,1142,4096,39472,5371
REFERENCE_ollama,lzo,0,0,1920,4116,4096,33471,1626
REFERENCE_ollama,lzo,0,0,1921,4116,4096,33222,1602
REFERENCE_ollama,lzo,0,0,1922,4116,4096,33647,1602
REFERENCE_ollama,lzo,0,0,1923,3293,4096,33183,1660
REFERENCE_ollama,lzo,0,0,1924,4116,4096,33159,1607
REFERENCE_ollama,lzo,0,0,1925,1222,4096,40446,5982
REFERENCE_ollama,lzo,0,0,1926,803,4096,37221,5861
REFERENCE_ollama,lzo,0,0,1927,4116,4096,33073,1592
REFERENCE_ollama,lzo,0,0,1928,1414,4096,39398,4869
REFERENCE_ollama,lzo,0,0,1929,4116,4096,33721,1559
REFERENCE_ollama,lzo,0,0,1930,4116,4096,32840,1456
REFERENCE_ollama,lzo,0,0,1931,4116,4096,33437,1453
REFERENCE_ollama,lzo,0,0,1932,4116,4096,33339,1455
REFERENCE_ollama,lzo,0,0,1933,4116,4096,32877,1454
REFERENCE_ollama,lzo,0,0,1934,4116,4096,33869,1507
REFERENCE_ollama,lzo,0,0,1935,4116,4096,33299,1451
REFERENCE_ollama,lzo,0,0,1936,4116,4096,33691,1451
REFERENCE_ollama,lzo,0,0,1937,611,4096,35512,4279
REFERENCE_ollama,lzo,0,0,1938,4116,4096,33546,1524
REFERENCE_ollama,lzo,0,0,1939,4116,4096,33527,1453
REFERENCE_ollama,lzo,0,0,1940,4116,4096,32708,1453
REFERENCE_ollama,lzo,0,0,1941,4116,4096,33650,1455
REFERENCE_ollama,lzo,0,0,1942,587,4096,35612,3888
REFERENCE_ollama,lzo,0,0,1943,510,4096,35836,5424
REFERENCE_ollama,lzo,0,0,1944,2202,4096,40582,5849
REFERENCE_ollama,lzo,0,0,1945,1368,4096,39613,6227
REFERENCE_ollama,lzo,0,0,1946,660,4096,36305,4873
REFERENCE_ollama,lzo,0,0,1947,406,4096,34617,5150
REFERENCE_ollama,lzo,0,0,1948,4116,4096,33423,1504
REFERENCE_ollama,lzo,0,0,1949,700,4096,36850,4924
REFERENCE_ollama,lzo,0,0,1950,4116,4096,33379,1492
REFERENCE_ollama,lzo,0,0,1951,4116,4096,32717,1455
REFERENCE_ollama,lzo,0,0,1952,1787,4096,43943,8829
REFERENCE_ollama,lzo,0,0,1953,4116,4096,33484,1504
REFERENCE_ollama,lzo,0,0,1954,64,4096,32978,4668
REFERENCE_ollama,lzo,0,0,1955,572,4096,35617,4799
REFERENCE_ollama,lzo,0,0,1956,103,4096,33441,4690
REFERENCE_ollama,lzo,0,0,1957,1786,4096,44252,8543
REFERENCE_ollama,lzo,0,0,1958,777,4096,37110,5228
REFERENCE_ollama,lzo,0,0,1959,72,4096,32820,2544
REFERENCE_ollama,lzo,0,0,1960,1901,4096,43923,7788
REFERENCE_ollama,lzo,0,0,1961,114,4096,33567,4294
REFERENCE_ollama,lzo,0,0,1962,1757,4096,43392,8766
REFERENCE_ollama,lzo,0,0,1963,4116,4096,33177,1580
REFERENCE_ollama,lzo,0,0,1964,332,4096,34972,4952
REFERENCE_ollama,lzo,0,0,1965,4116,4096,32511,1494
REFERENCE_ollama,lzo,0,0,1966,4116,4096,33473,1455
REFERENCE_ollama,lzo,0,0,1967,4116,4096,33837,1458
REFERENCE_ollama,lzo,0,0,1968,4116,4096,33215,1459
REFERENCE_ollama,lzo,0,0,1969,1675,4096,43000,8535
REFERENCE_ollama,lzo,0,0,1970,653,4096,36526,4807
REFERENCE_ollama,lzo,0,0,1971,4116,4096,33665,1466
REFERENCE_ollama,lzo,0,0,1972,118,4096,33037,2023
REFERENCE_ollama,lzo,0,0,1973,1717,4096,38154,4800
REFERENCE_ollama,lzo,0,0,1974,947,4096,38946,5479
REFERENCE_ollama,lzo,0,0,1975,4116,4096,33662,1489
REFERENCE_ollama,lzo,0,0,1976,4116,4096,32605,1466
REFERENCE_ollama,lzo,0,0,1977,4116,4096,33807,1450
REFERENCE_ollama,lzo,0,0,1978,4116,4096,33673,1453
REFERENCE_ollama,lzo,0,0,1979,4116,4096,32694,1452
REFERENCE_ollama,lzo,0,0,1980,4116,4096,33522,1453
REFERENCE_ollama,lzo,0,0,1981,4116,4096,33507,1457
REFERENCE_ollama,lzo,0,0,1982,1173,4096,33868,1932
REFERENCE_ollama,lzo,0,0,1983,4116,4096,33276,1458
REFERENCE_ollama,lzo,0,0,1984,4116,4096,33405,1453
REFERENCE_ollama,lzo,0,0,1985,1207,4096,40339,6597
REFERENCE_ollama,lzo,0,0,1986,4116,4096,33283,1486
REFERENCE_ollama,lzo,0,0,1987,4116,4096,34198,1453
REFERENCE_ollama,lzo,0,0,1988,4116,4096,33691,1450
REFERENCE_ollama,lzo,0,0,1989,162,4096,33714,2229
REFERENCE_ollama,lzo,0,0,1990,4116,4096,33008,1489
REFERENCE_ollama,lzo,0,0,1991,4116,4096,33904,1451
REFERENCE_ollama,lzo,0,0,1992,608,4096,36145,4316
REFERENCE_ollama,lzo,0,0,1993,4116,4096,32850,1525
REFERENCE_ollama,lzo,0,0,1994,836,4096,37944,6037
REFERENCE_ollama,lzo,0,0,1995,1092,4096,38570,5648
REFERENCE_ollama,lzo,0,0,1996,545,4096,36079,5225
REFERENCE_ollama,lzo,0,0,1997,4116,4096,33272,1498
REFERENCE_ollama,lzo,0,0,1998,4116,4096,33352,1488
REFERENCE_ollama,lzo,0,0,1999,4116,4096,33414,1452
REFERENCE_ollama,lzo,0,0,2000,4116,4096,32903,1454
REFERENCE_ollama,lzo,0,0,2001,4116,4096,33699,1455
REFERENCE_ollama,lzo,0,0,2002,4116,4096,33694,1456
REFERENCE_ollama,lzo,0,0,2003,4116,4096,33291,1459
REFERENCE_ollama,lzo,0,0,2004,591,4096,35315,4042
REFERENCE_ollama,lzo,0,0,2005,1076,4096,39272,6147
REFERENCE_ollama,lzo,0,0,2006,4116,4096,33639,1593
REFERENCE_ollama,lzo,0,0,2007,4116,4096,32937,1457
REFERENCE_ollama,lzo,0,0,2008,4116,4096,33229,1451
REFERENCE_ollama,lzo,0,0,2009,3293,4096,33334,1604
REFERENCE_ollama,lzo,0,0,2010,981,4096,38880,6817
REFERENCE_ollama,lzo,0,0,2011,4116,4096,33160,1514
REFERENCE_ollama,lzo,0,0,2012,4116,4096,33355,1454
REFERENCE_ollama,lzo,0,0,2013,4116,4096,33177,1452
REFERENCE_ollama,lzo,0,0,2014,4116,4096,32440,1457
REFERENCE_ollama,lzo,0,0,2015,566,4096,36324,3611
REFERENCE_ollama,lzo,0,0,2016,4116,4096,33562,1491
REFERENCE_ollama,lzo,0,0,2017,4116,4096,33361,1456
REFERENCE_ollama,lzo,0,0,2018,4116,4096,33742,1453
REFERENCE_ollama,lzo,0,0,2019,4116,4096,33387,1454
REFERENCE_ollama,lzo,0,0,2020,4116,4096,33463,1456
REFERENCE_ollama,lzo,0,0,2021,4116,4096,33402,1643
REFERENCE_ollama,lzo,0,0,2022,4116,4096,32515,1454
REFERENCE_ollama,lzo,0,0,2023,4116,4096,33692,1450
REFERENCE_ollama,lzo,0,0,2024,1644,4096,42483,8164
REFERENCE_ollama,lzo,0,0,2025,715,4096,36001,3953
REFERENCE_ollama,lzo,0,0,2026,4116,4096,34055,1472
REFERENCE_ollama,lzo,0,0,2027,4116,4096,33608,1453
REFERENCE_ollama,lzo,0,0,2028,4116,4096,33505,1453
REFERENCE_ollama,lzo,0,0,2029,4116,4096,33068,1455
REFERENCE_ollama,lzo,0,0,2030,4116,4096,33463,1455
REFERENCE_ollama,lzo,0,0,2031,4116,4096,33279,1454
REFERENCE_ollama,lzo,0,0,2032,4116,4096,33082,1455
REFERENCE_ollama,lzo,0,0,2033,1101,4096,38672,5526
REFERENCE_ollama,lzo,0,0,2034,72,4096,33421,2570
REFERENCE_ollama,lzo,0,0,2035,835,4096,40254,5802
REFERENCE_ollama,lzo,0,0,2036,4116,4096,33440,1538
REFERENCE_ollama,lzo,0,0,2037,1180,4096,40213,5690
REFERENCE_ollama,lzo,0,0,2038,4116,4096,33883,1496
REFERENCE_ollama,lzo,0,0,2039,661,4096,36230,4642
REFERENCE_ollama,lzo,0,0,2040,4116,4096,34265,1534
REFERENCE_ollama,lzo,0,0,2041,4116,4096,34382,1494
REFERENCE_ollama,lzo,0,0,2042,4116,4096,33648,1454
REFERENCE_ollama,lzo,0,0,2043,4116,4096,33532,1455
REFERENCE_ollama,lzo,0,0,2044,804,4096,37328,5418
REFERENCE_ollama,lzo,0,0,2045,4116,4096,33839,1497
REFERENCE_ollama,lzo,0,0,2046,4116,4096,33199,1454
REFERENCE_ollama,lzo,0,0,2047,4116,4096,33779,1456
REFERENCE_ollama,lzo,0,0,2048,1220,4096,40953,6915
REFERENCE_ollama,lzo,0,0,2049,4116,4096,33882,1490
REFERENCE_ollama,lzo,0,0,2050,4116,4096,33304,1451
REFERENCE_ollama,lzo,0,0,2051,4116,4096,33984,1454
REFERENCE_ollama,lzo,0,0,2052,4116,4096,36825,1458
REFERENCE_ollama,lzo,0,0,2053,4116,4096,39264,1453
REFERENCE_ollama,lzo,0,0,2054,3293,4096,40138,1574
REFERENCE_ollama,lzo,0,0,2055,664,4096,43570,4802
REFERENCE_ollama,lzo,0,0,2056,4116,4096,39625,1464
REFERENCE_ollama,lzo,0,0,2057,4116,4096,40208,1456
REFERENCE_ollama,lzo,0,0,2058,4116,4096,39863,1453
REFERENCE_ollama,lzo,0,0,2059,1013,4096,47351,6694
REFERENCE_ollama,lzo,0,0,2060,807,4096,43847,4168
REFERENCE_ollama,lzo,0,0,2061,4116,4096,41026,1594
REFERENCE_ollama,lzo,0,0,2062,4116,4096,40419,1452
REFERENCE_ollama,lzo,0,0,2063,4116,4096,39702,1455
REFERENCE_ollama,lzo,0,0,2064,1064,4096,46486,6080
REFERENCE_ollama,lzo,0,0,2065,4116,4096,39588,1491
REFERENCE_ollama,lzo,0,0,2066,690,4096,42952,4377
REFERENCE_ollama,lzo,0,0,2067,4116,4096,39035,1491
REFERENCE_ollama,lzo,0,0,2068,4116,4096,40802,1453
REFERENCE_ollama,lzo,0,0,2069,457,4096,41590,3637
REFERENCE_ollama,lzo,0,0,2070,4116,4096,39643,1527
REFERENCE_ollama,lzo,0,0,2071,642,4096,43337,4721
REFERENCE_ollama,lzo,0,0,2072,4116,4096,39509,1487
REFERENCE_ollama,lzo,0,0,2073,4116,4096,39987,1454
REFERENCE_ollama,lzo,0,0,2074,700,4096,42657,5051
REFERENCE_ollama,lzo,0,0,2075,1365,4096,48693,7615
REFERENCE_ollama,lzo,0,0,2076,152,4096,40636,2271
REFERENCE_ollama,lzo,0,0,2077,1131,4096,45043,5897
REFERENCE_ollama,lzo,0,0,2078,1755,4096,50973,8479
REFERENCE_ollama,lzo,0,0,2079,4116,4096,40272,1582
REFERENCE_ollama,lzo,0,0,2080,4116,4096,40091,1451
REFERENCE_ollama,lzo,0,0,2081,1645,4096,48298,7798
REFERENCE_ollama,lzo,0,0,2082,1317,4096,47401,7417
REFERENCE_ollama,lzo,0,0,2083,1411,4096,48702,8568
REFERENCE_ollama,lzo,0,0,2084,332,4096,40827,4944
REFERENCE_ollama,lzo,0,0,2085,1321,4096,46771,6366
REFERENCE_ollama,lzo,0,0,2086,4116,4096,40198,1546
REFERENCE_ollama,lzo,0,0,2087,1669,4096,48576,6079
REFERENCE_ollama,lzo,0,0,2088,1397,4096,43115,7222
REFERENCE_ollama,lzo,0,0,2089,4116,4096,41551,1510
REFERENCE_ollama,lzo,0,0,2090,618,4096,43150,4282
REFERENCE_ollama,lzo,0,0,2091,4116,4096,39895,1571
REFERENCE_ollama,lzo,0,0,2092,4116,4096,40625,1456
REFERENCE_ollama,lzo,0,0,2093,4116,4096,39880,1455
REFERENCE_ollama,lzo,0,0,2094,1412,4096,46777,6643
REFERENCE_ollama,lzo,0,0,2095,1377,4096,48639,7506
REFERENCE_ollama,lzo,0,0,2096,4116,4096,39457,1496
REFERENCE_ollama,lzo,0,0,2097,4116,4096,40665,1457
REFERENCE_ollama,lzo,0,0,2098,4116,4096,39628,1454
REFERENCE_ollama,lzo,0,0,2099,4116,4096,40360,1455
REFERENCE_ollama,lzo,0,0,2100,4116,4096,40346,1458
REFERENCE_ollama,lzo,0,0,2101,4116,4096,39998,1456
REFERENCE_ollama,lzo,0,0,2102,4116,4096,38816,1454
REFERENCE_ollama,lzo,0,0,2103,4116,4096,41186,1460
REFERENCE_ollama,lzo,0,0,2104,4116,4096,40681,1452
REFERENCE_ollama,lzo,0,0,2105,4116,4096,39382,1456
REFERENCE_ollama,lzo,0,0,2106,4116,4096,40058,1455
REFERENCE_ollama,lzo,0,0,2107,4116,4096,40012,1454
REFERENCE_ollama,lzo,0,0,2108,4116,4096,41410,1457
REFERENCE_ollama,lzo,0,0,2109,4116,4096,39994,1454
REFERENCE_ollama,lzo,0,0,2110,4116,4096,40066,1455
REFERENCE_ollama,lzo,0,0,2111,4116,4096,39808,1458
REFERENCE_ollama,lzo,0,0,2112,4116,4096,39780,1452
REFERENCE_ollama,lzo,0,0,2113,4116,4096,40399,1454
REFERENCE_ollama,lzo,0,0,2114,3293,4096,40090,1632
REFERENCE_ollama,lzo,0,0,2115,1173,4096,39761,1925
REFERENCE_ollama,lzo,0,0,2116,4116,4096,39263,1562
REFERENCE_ollama,lzo,0,0,2117,4116,4096,40403,1458
REFERENCE_ollama,lzo,0,0,2118,4116,4096,39445,1454
REFERENCE_ollama,lzo,0,0,2119,831,4096,44656,5725
REFERENCE_ollama,lzo,0,0,2120,4116,4096,39511,1489
REFERENCE_ollama,lzo,0,0,2121,4116,4096,40615,1457
REFERENCE_ollama,lzo,0,0,2122,4116,4096,40002,1454
REFERENCE_ollama,lzo,0,0,2123,653,4096,42732,4682
REFERENCE_ollama,lzo,0,0,2124,642,4096,42604,5181
REFERENCE_ollama,lzo,0,0,2125,4116,4096,41244,1616
REFERENCE_ollama,lzo,0,0,2126,4116,4096,40137,1454
REFERENCE_ollama,lzo,0,0,2127,4116,4096,38965,1452
REFERENCE_ollama,lzo,0,0,2128,738,4096,43698,5042
REFERENCE_ollama,lzo,0,0,2129,550,4096,41584,4739
REFERENCE_ollama,lzo,0,0,2130,686,4096,42665,4574
REFERENCE_ollama,lzo,0,0,2131,4116,4096,39693,1528
REFERENCE_ollama,lzo,0,0,2132,4116,4096,40005,1452
REFERENCE_ollama,lzo,0,0,2133,4116,4096,41233,1457
REFERENCE_ollama,lzo,0,0,2134,1425,4096,46659,5846
REFERENCE_ollama,lzo,0,0,2135,4116,4096,39195,1486
REFERENCE_ollama,lzo,0,0,2136,821,4096,43827,5348
REFERENCE_ollama,lzo,0,0,2137,4116,4096,38901,1494
REFERENCE_ollama,lzo,0,0,2138,4116,4096,39818,1451
REFERENCE_ollama,lzo,0,0,2139,4116,4096,40018,1451
REFERENCE_ollama,lzo,0,0,2140,4116,4096,39355,1453
REFERENCE_ollama,lzo,0,0,2141,4116,4096,39536,1451
REFERENCE_ollama,lzo,0,0,2142,4116,4096,41478,1452
REFERENCE_ollama,lzo,0,0,2143,4116,4096,39640,1453
REFERENCE_ollama,lzo,0,0,2144,4116,4096,38858,1451
REFERENCE_ollama,lzo,0,0,2145,4116,4096,39619,1454
REFERENCE_ollama,lzo,0,0,2146,606,4096,42720,4271
REFERENCE_ollama,lzo,0,0,2147,4116,4096,40038,1494
REFERENCE_ollama,lzo,0,0,2148,4116,4096,38716,1456
REFERENCE_ollama,lzo,0,0,2149,4116,4096,39523,1454
REFERENCE_ollama,lzo,0,0,2150,4116,4096,40218,1459
REFERENCE_ollama,lzo,0,0,2151,4116,4096,39198,1454
REFERENCE_ollama,lzo,0,0,2152,4116,4096,40995,1456
REFERENCE_ollama,lzo,0,0,2153,1101,4096,46908,6810
REFERENCE_ollama,lzo,0,0,2154,4116,4096,39331,1491
REFERENCE_ollama,lzo,0,0,2155,4116,4096,39344,1456
REFERENCE_ollama,lzo,0,0,2156,4116,4096,39743,1454
REFERENCE_ollama,lzo,0,0,2157,4116,4096,39199,1452
REFERENCE_ollama,lzo,0,0,2158,4116,4096,38931,1454
REFERENCE_ollama,lzo,0,0,2159,4116,4096,39693,1455
REFERENCE_ollama,lzo,0,0,2160,4116,4096,41088,1492
REFERENCE_ollama,lzo,0,0,2161,1185,4096,46416,5885
REFERENCE_ollama,lzo,0,0,2162,72,4096,38369,2559
REFERENCE_ollama,lzo,0,0,2163,4116,4096,40277,1635
REFERENCE_ollama,lzo,0,0,2164,4116,4096,40667,1456
REFERENCE_ollama,lzo,0,0,2165,4116,4096,38943,1453
REFERENCE_ollama,lzo,0,0,2166,4116,4096,40464,1455
REFERENCE_ollama,lzo,0,0,2167,4116,4096,39445,1455
REFERENCE_ollama,lzo,0,0,2168,1146,4096,39740,2496
REFERENCE_ollama,lzo,0,0,2169,4116,4096,39153,1526
REFERENCE_ollama,lzo,0,0,2170,4116,4096,39673,1454
REFERENCE_ollama,lzo,0,0,2171,795,4096,45396,5601
REFERENCE_ollama,lzo,0,0,2172,4116,4096,38972,1546
REFERENCE_ollama,lzo,0,0,2173,289,4096,41405,5124
REFERENCE_ollama,lzo,0,0,2174,1304,4096,46760,6975
REFERENCE_ollama,lzo,0,0,2175,4116,4096,39826,1496
REFERENCE_ollama,lzo,0,0,2176,329,4096,40202,2948
REFERENCE_ollama,lzo,0,0,2177,1560,4096,47767,5408
REFERENCE_ollama,lzo,0,0,2178,4116,4096,39525,1488
REFERENCE_ollama,lzo,0,0,2179,786,4096,42744,5247
REFERENCE_ollama,lzo,0,0,2180,623,4096,43441,4483
REFERENCE_ollama,lzo,0,0,2181,4116,4096,39572,1596
REFERENCE_ollama,lzo,0,0,2182,4116,4096,39431,1458
REFERENCE_ollama,lzo,0,0,2183,4116,4096,38674,1455
REFERENCE_ollama,lzo,0,0,2184,4116,4096,39713,1457
REFERENCE_ollama,lzo,0,0,2185,4116,4096,40201,1453
REFERENCE_ollama,lzo,0,0,2186,4116,4096,39618,1458
REFERENCE_ollama,lzo,0,0,2187,4116,4096,38374,1454
REFERENCE_ollama,lzo,0,0,2188,4116,4096,40463,1456
REFERENCE_ollama,lzo,0,0,2189,4116,4096,39459,1456
REFERENCE_ollama,lzo,0,0,2190,4116,4096,39430,1453
REFERENCE_ollama,lzo,0,0,2191,4116,4096,39513,1455
REFERENCE_ollama,lzo,0,0,2192,348,4096,42207,4836
REFERENCE_ollama,lzo,0,0,2193,4116,4096,40854,1529
REFERENCE_ollama,lzo,0,0,2194,4116,4096,39060,1452
REFERENCE_ollama,lzo,0,0,2195,4116,4096,39559,1455
REFERENCE_ollama,lzo,0,0,2196,4116,4096,39931,1455
REFERENCE_ollama,lzo,0,0,2197,689,4096,42469,4522
REFERENCE_ollama,lzo,0,0,2198,4116,4096,39114,1519
REFERENCE_ollama,lzo,0,0,2199,1173,4096,39652,1919
REFERENCE_ollama,lzo,0,0,2200,4116,4096,39446,1465
REFERENCE_ollama,lzo,0,0,2201,4116,4096,39310,1455
REFERENCE_ollama,lzo,0,0,2202,4116,4096,40185,1502
REFERENCE_ollama,lzo,0,0,2203,4116,4096,40870,1309
REFERENCE_ollama,lzo,0,0,2204,4116,4096,35641,1253
REFERENCE_ollama,lzo,0,0,2205,4116,4096,38178,1308
REFERENCE_ollama,lzo,0,0,2206,1178,4096,41252,5045
REFERENCE_ollama,lzo,0,0,2207,4116,4096,39161,1353
REFERENCE_ollama,lzo,0,0,2208,4116,4096,39191,1455
REFERENCE_ollama,lzo,0,0,2209,4116,4096,39340,1453
REFERENCE_ollama,lzo,0,0,2210,175,4096,39776,4617
REFERENCE_ollama,lzo,0,0,2211,1517,4096,46773,6467
REFERENCE_ollama,lzo,0,0,2212,4116,4096,40417,1588
REFERENCE_ollama,lzo,0,0,2213,4116,4096,39611,1457
REFERENCE_ollama,lzo,0,0,2214,4116,4096,39375,1454
REFERENCE_ollama,lzo,0,0,2215,4116,4096,38655,1453
REFERENCE_ollama,lzo,0,0,2216,4116,4096,40759,1458
REFERENCE_ollama,lzo,0,0,2217,4116,4096,39434,1457
REFERENCE_ollama,lzo,0,0,2218,1383,4096,47100,7576
REFERENCE_ollama,lzo,0,0,2219,585,4096,41990,5210
REFERENCE_ollama,lzo,0,0,2220,1180,4096,46149,5678
REFERENCE_ollama,lzo,0,0,2221,4116,4096,39817,1614
REFERENCE_ollama,lzo,0,0,2222,4116,4096,38773,1455
REFERENCE_ollama,lzo,0,0,2223,4116,4096,39293,1453
REFERENCE_ollama,lzo,0,0,2224,624,4096,42476,4323
REFERENCE_ollama,lzo,0,0,2225,4116,4096,38697,1524
REFERENCE_ollama,lzo,0,0,2226,4116,4096,39241,1456
REFERENCE_ollama,lzo,0,0,2227,827,4096,43791,5528
REFERENCE_ollama,lzo,0,0,2228,4116,4096,39053,1496
REFERENCE_ollama,lzo,0,0,2229,4116,4096,38822,1458
REFERENCE_ollama,lzo,0,0,2230,1507,4096,47115,6191
REFERENCE_ollama,lzo,0,0,2231,4116,4096,40058,1615
REFERENCE_ollama,lzo,0,0,2232,4116,4096,39262,1602
REFERENCE_ollama,lzo,0,0,2233,1146,4096,40119,2539
REFERENCE_ollama,lzo,0,0,2234,4116,4096,39509,1593
REFERENCE_ollama,lzo,0,0,2235,4116,4096,39544,1510
REFERENCE_ollama,lzo,0,0,2236,744,4096,41777,4413
REFERENCE_ollama,lzo,0,0,2237,4116,4096,39737,1511
REFERENCE_ollama,lzo,0,0,2238,4116,4096,39412,1452
REFERENCE_ollama,lzo,0,0,2239,1729,4096,44035,5513
REFERENCE_ollama,lzo,0,0,2240,4116,4096,39631,1618
REFERENCE_ollama,lzo,0,0,2241,4116,4096,39689,1602
REFERENCE_ollama,lzo,0,0,2242,4116,4096,39410,1603
REFERENCE_ollama,lzo,0,0,2243,4116,4096,40474,1618
REFERENCE_ollama,lzo,0,0,2244,572,4096,41791,4991
REFERENCE_ollama,lzo,0,0,2245,663,4096,43312,4774
REFERENCE_ollama,lzo,0,0,2246,4116,4096,38874,1497
REFERENCE_ollama,lzo,0,0,2247,4116,4096,39170,1456
REFERENCE_ollama,lzo,0,0,2248,4116,4096,39394,1454
REFERENCE_ollama,lzo,0,0,2249,4116,4096,39896,1459
REFERENCE_ollama,lzo,0,0,2250,4116,4096,38974,1456
REFERENCE_ollama,lzo,0,0,2251,1703,4096,47741,6662
REFERENCE_ollama,lzo,0,0,2252,96,4096,39482,4232
REFERENCE_ollama,lzo,0,0,2253,1200,4096,47636,6104
REFERENCE_ollama,lzo,0,0,2254,1340,4096,46771,6155
REFERENCE_ollama,lzo,0,0,2255,1248,4096,45981,6602
REFERENCE_ollama,lzo,0,0,2256,4116,4096,39599,1538
REFERENCE_ollama,lzo,0,0,2257,4116,4096,39060,1507
REFERENCE_ollama,lzo,0,0,2258,4116,4096,39205,1452
REFERENCE_ollama,lzo,0,0,2259,4116,4096,39581,1453
REFERENCE_ollama,lzo,0,0,2260,1047,4096,46146,6882
REFERENCE_ollama,lzo,0,0,2261,4116,4096,38080,1498
REFERENCE_ollama,lzo,0,0,2262,4116,4096,39720,1458
REFERENCE_ollama,lzo,0,0,2263,4116,4096,39035,1453
REFERENCE_ollama,lzo,0,0,2264,4116,4096,38736,1454
REFERENCE_ollama,lzo,0,0,2265,4116,4096,39239,1457
REFERENCE_ollama,lzo,0,0,2266,4116,4096,39056,1457
REFERENCE_ollama,lzo,0,0,2267,4116,4096,39540,1455
REFERENCE_ollama,lzo,0,0,2268,4116,4096,38655,1454
REFERENCE_ollama,lzo,0,0,2269,4116,4096,40385,1455
REFERENCE_ollama,lzo,0,0,2270,1832,4096,47978,6874
REFERENCE_ollama,lzo,0,0,2271,987,4096,45947,6898
REFERENCE_ollama,lzo,0,0,2272,4116,4096,39277,1572
REFERENCE_ollama,lzo,0,0,2273,4116,4096,39674,1456
REFERENCE_ollama,lzo,0,0,2274,4116,4096,39338,1454
REFERENCE_ollama,lzo,0,0,2275,4116,4096,39621,1456
REFERENCE_ollama,lzo,0,0,2276,4116,4096,39524,1454
REFERENCE_ollama,lzo,0,0,2277,1172,4096,46938,6899
REFERENCE_ollama,lzo,0,0,2278,1251,4096,46154,6254
REFERENCE_ollama,lzo,0,0,2279,1626,4096,50066,9261
REFERENCE_ollama,lzo,0,0,2280,4116,4096,39602,1591
REFERENCE_ollama,lzo,0,0,2281,4116,4096,40080,1453
REFERENCE_ollama,lzo,0,0,2282,4116,4096,38698,1455
REFERENCE_ollama,lzo,0,0,2283,4116,4096,39424,1673
REFERENCE_ollama,lzo,0,0,2284,4116,4096,40575,1481
REFERENCE_ollama,lzo,0,0,2285,4116,4096,38647,1453
REFERENCE_ollama,lzo,0,0,2286,4116,4096,39316,1456
REFERENCE_ollama,lzo,0,0,2287,600,4096,43072,4667
REFERENCE_ollama,lzo,0,0,2288,4116,4096,39635,1528
REFERENCE_ollama,lzo,0,0,2289,4116,4096,38749,1453
REFERENCE_ollama,lzo,0,0,2290,4116,4096,39805,1454
REFERENCE_ollama,lzo,0,0,2291,4116,4096,38967,1452
REFERENCE_ollama,lzo,0,0,2292,4116,4096,38848,1454
REFERENCE_ollama,lzo,0,0,2293,607,4096,42315,4409
REFERENCE_ollama,lzo,0,0,2294,328,4096,40943,3200
REFERENCE_ollama,lzo,0,0,2295,527,4096,42287,4428
REFERENCE_ollama,lzo,0,0,2296,4116,4096,38899,1496
REFERENCE_ollama,lzo,0,0,2297,1076,4096,45889,6351
REFERENCE_ollama,lzo,0,0,2298,1465,4096,47499,5348
REFERENCE_ollama,lzo,0,0,2299,4116,4096,38548,1494
REFERENCE_ollama,lzo,0,0,2300,4116,4096,39733,1458
REFERENCE_ollama,lzo,0,0,2301,1035,4096,45899,6467
REFERENCE_ollama,lzo,0,0,2302,1176,4096,45950,5998
REFERENCE_ollama,lzo,0,0,2303,791,4096,43113,5741
REFERENCE_ollama,lzo,0,0,2304,4116,4096,39727,1507
REFERENCE_ollama,lzo,0,0,2305,4116,4096,39737,1455
REFERENCE_ollama,lzo,0,0,2306,4116,4096,39231,1453
REFERENCE_ollama,lzo,0,0,2307,4116,4096,38714,1453
REFERENCE_ollama,lzo,0,0,2308,4116,4096,39670,1453
REFERENCE_ollama,lzo,0,0,2309,4116,4096,39754,1452
REFERENCE_ollama,lzo,0,0,2310,604,4096,41559,5311
REFERENCE_ollama,lzo,0,0,2311,1390,4096,46788,5587
REFERENCE_ollama,lzo,0,0,2312,4116,4096,39494,1594
REFERENCE_ollama,lzo,0,0,2313,4116,4096,38703,1457
REFERENCE_ollama,lzo,0,0,2314,4116,4096,39178,1452
REFERENCE_ollama,lzo,0,0,2315,4116,4096,39720,1450
REFERENCE_ollama,lzo,0,0,2316,4116,4096,40667,1455
REFERENCE_ollama,lzo,0,0,2317,4116,4096,39434,1455
REFERENCE_ollama,lzo,0,0,2318,4116,4096,39605,1454
REFERENCE_ollama,lzo,0,0,2319,1289,4096,48543,7045
REFERENCE_ollama,lzo,0,0,2320,4116,4096,40555,1531
REFERENCE_ollama,lzo,0,0,2321,4116,4096,39743,1457
REFERENCE_ollama,lzo,0,0,2322,4116,4096,40274,1457
REFERENCE_ollama,lzo,0,0,2323,4116,4096,40053,1456
REFERENCE_ollama,lzo,0,0,2324,4116,4096,39221,1451
REFERENCE_ollama,lzo,0,0,2325,4116,4096,39516,1456
REFERENCE_ollama,lzo,0,0,2326,4116,4096,40378,1459
REFERENCE_ollama,lzo,0,0,2327,762,4096,43507,5376
REFERENCE_ollama,lzo,0,0,2328,4116,4096,39565,1529
REFERENCE_ollama,lzo,0,0,2329,740,4096,43826,5451
REFERENCE_ollama,lzo,0,0,2330,4116,4096,40184,1563
REFERENCE_ollama,lzo,0,0,2331,4116,4096,39116,1456
REFERENCE_ollama,lzo,0,0,2332,4116,4096,39380,1455
REFERENCE_ollama,lzo,0,0,2333,4116,4096,39485,1454
REFERENCE_ollama,lzo,0,0,2334,4116,4096,40876,1455
REFERENCE_ollama,lzo,0,0,2335,4116,4096,39072,1457
REFERENCE_ollama,lzo,0,0,2336,4116,4096,39839,1457
REFERENCE_ollama,lzo,0,0,2337,4116,4096,39784,1457
REFERENCE_ollama,lzo,0,0,2338,4116,4096,39387,1501
REFERENCE_ollama,lzo,0,0,2339,4116,4096,40172,1457
REFERENCE_ollama,lzo,0,0,2340,4116,4096,39815,1456
REFERENCE_ollama,lzo,0,0,2341,489,4096,42261,3087
REFERENCE_ollama,lzo,0,0,2342,4116,4096,39015,1517
REFERENCE_ollama,lzo,0,0,2343,4116,4096,39866,1491
REFERENCE_ollama,lzo,0,0,2344,4116,4096,40037,1454
REFERENCE_ollama,lzo,0,0,2345,4116,4096,39150,1455
REFERENCE_ollama,lzo,0,0,2346,4116,4096,39772,1509
REFERENCE_ollama,lzo,0,0,2347,549,4096,42798,4574
REFERENCE_ollama,lzo,0,0,2348,4116,4096,39527,1522
REFERENCE_ollama,lzo,0,0,2349,4116,4096,39701,1452
REFERENCE_ollama,lzo,0,0,2350,1707,4096,47965,7373
REFERENCE_ollama,lzo,0,0,2351,1173,4096,39952,1964
REFERENCE_ollama,lzo,0,0,2352,4116,4096,39928,1610
REFERENCE_ollama,lzo,0,0,2353,608,4096,42946,4353
REFERENCE_ollama,lzo,0,0,2354,4116,4096,39789,1492
REFERENCE_ollama,lzo,0,0,2355,4116,4096,39868,1503
REFERENCE_ollama,lzo,0,0,2356,1403,4096,47459,7503
REFERENCE_ollama,lzo,0,0,2357,4116,4096,34873,1597
REFERENCE_ollama,lzo,0,0,2358,4116,4096,35671,1457
REFERENCE_ollama,lzo,0,0,2359,4116,4096,32891,1457
REFERENCE_ollama,lzo,0,0,2360,4116,4096,34470,1455
REFERENCE_ollama,lzo,0,0,2361,394,4096,36155,3733
REFERENCE_ollama,lzo,0,0,2362,4116,4096,33892,1503
REFERENCE_ollama,lzo,0,0,2363,4116,4096,33103,1453
REFERENCE_ollama,lzo,0,0,2364,4116,4096,34098,1456
REFERENCE_ollama,lzo,0,0,2365,531,4096,36489,4474
REFERENCE_ollama,lzo,0,0,2366,4116,4096,34211,1496
REFERENCE_ollama,lzo,0,0,2367,709,4096,36528,5078
REFERENCE_ollama,lzo,0,0,2368,4116,4096,34288,1603
REFERENCE_ollama,lzo,0,0,2369,1433,4096,42827,8273
REFERENCE_ollama,lzo,0,0,2370,837,4096,40338,6099
REFERENCE_ollama,lzo,0,0,2371,4116,4096,34031,1497
REFERENCE_ollama,lzo,0,0,2372,4116,4096,34014,1455
REFERENCE_ollama,lzo,0,0,2373,4116,4096,34073,1456
REFERENCE_ollama,lzo,0,0,2374,990,4096,39647,6591
REFERENCE_ollama,lzo,0,0,2375,4116,4096,34476,1496
REFERENCE_ollama,lzo,0,0,2376,550,4096,36946,4754
REFERENCE_ollama,lzo,0,0,2377,4116,4096,33245,1498
REFERENCE_ollama,lzo,0,0,2378,4116,4096,34149,1457
REFERENCE_ollama,lzo,0,0,2379,1541,4096,44854,8091
REFERENCE_ollama,lzo,0,0,2380,4116,4096,34453,1463
REFERENCE_ollama,lzo,0,0,2381,4116,4096,33133,1453
REFERENCE_ollama,lzo,0,0,2382,1580,4096,44471,8505
REFERENCE_ollama,lzo,0,0,2383,4116,4096,34605,1562
REFERENCE_ollama,lzo,0,0,2384,4116,4096,33032,1448
REFERENCE_ollama,lzo,0,0,2385,4116,4096,34203,1452
REFERENCE_ollama,lzo,0,0,2386,4104,4096,34651,1547
REFERENCE_ollama,lzo,0,0,2387,4116,4096,33790,1456
REFERENCE_ollama,lzo,0,0,2388,791,4096,37317,5506
REFERENCE_ollama,lzo,0,0,2389,1150,4096,39943,6563
REFERENCE_ollama,lzo,0,0,2390,189,4096,34846,4017
REFERENCE_ollama,lzo,0,0,2391,578,4096,35798,4265
REFERENCE_ollama,lzo,0,0,2392,4116,4096,33870,1507
REFERENCE_ollama,lzo,0,0,2393,4116,4096,34698,1456
REFERENCE_ollama,lzo,0,0,2394,664,4096,36740,4694
REFERENCE_ollama,lzo,0,0,2395,4116,4096,32892,1492
REFERENCE_ollama,lzo,0,0,2396,661,4096,37141,4573
REFERENCE_ollama,lzo,0,0,2397,4116,4096,34555,1527
REFERENCE_ollama,lzo,0,0,2398,4116,4096,33060,1454
REFERENCE_ollama,lzo,0,0,2399,4116,4096,34225,1456
REFERENCE_ollama,lzo,0,0,2400,4116,4096,35695,1452
REFERENCE_ollama,lzo,0,0,2401,631,4096,37517,5093
REFERENCE_ollama,lzo,0,0,2402,4116,4096,33074,1525
REFERENCE_ollama,lzo,0,0,2403,1109,4096,39847,6217
REFERENCE_ollama,lzo,0,0,2404,4116,4096,34948,1529
REFERENCE_ollama,lzo,0,0,2405,4116,4096,33145,1455
REFERENCE_ollama,lzo,0,0,2406,4116,4096,33852,1457
REFERENCE_ollama,lzo,0,0,2407,4116,4096,34204,1455
REFERENCE_ollama,lzo,0,0,2408,4116,4096,34358,1455
REFERENCE_ollama,lzo,0,0,2409,4116,4096,33036,1452
REFERENCE_ollama,lzo,0,0,2410,4116,4096,34361,1454
REFERENCE_ollama,lzo,0,0,2411,4116,4096,33702,1456
REFERENCE_ollama,lzo,0,0,2412,164,4096,33512,4521
REFERENCE_ollama,lzo,0,0,2413,4116,4096,34163,1527
REFERENCE_ollama,lzo,0,0,2414,4116,4096,33868,1454
REFERENCE_ollama,lzo,0,0,2415,4116,4096,33942,1457
REFERENCE_ollama,lzo,0,0,2416,4116,4096,33519,1456
REFERENCE_ollama,lzo,0,0,2417,697,4096,37701,6252
REFERENCE_ollama,lzo,0,0,2418,4116,4096,34130,1464
REFERENCE_ollama,lzo,0,0,2419,4116,4096,33292,1454
REFERENCE_ollama,lzo,0,0,2420,1563,4096,44248,8469
REFERENCE_ollama,lzo,0,0,2421,975,4096,38425,6050
REFERENCE_ollama,lzo,0,0,2422,4116,4096,34038,1620
REFERENCE_ollama,lzo,0,0,2423,4115,4096,34722,1660
REFERENCE_ollama,lzo,0,0,2424,4116,4096,33924,1615
REFERENCE_ollama,lzo,0,0,2425,1403,4096,42028,7259
REFERENCE_ollama,lzo,0,0,2426,1207,4096,40635,6909
REFERENCE_ollama,lzo,0,0,2427,4116,4096,33788,1561
REFERENCE_ollama,lzo,0,0,2428,4116,4096,33738,1454
REFERENCE_ollama,lzo,0,0,2429,107,4096,33849,2849
REFERENCE_ollama,lzo,0,0,2430,4116,4096,32848,1499
REFERENCE_ollama,lzo,0,0,2431,406,4096,35684,5141
REFERENCE_ollama,lzo,0,0,2432,4116,4096,34179,1526
REFERENCE_ollama,lzo,0,0,2433,842,4096,38064,5696
REFERENCE_ollama,lzo,0,0,2434,4116,4096,32971,1490
REFERENCE_ollama,lzo,0,0,2435,4116,4096,33831,1453
REFERENCE_ollama,lzo,0,0,2436,4116,4096,33534,1452
REFERENCE_ollama,lzo,0,0,2437,4116,4096,33309,1456
REFERENCE_ollama,lzo,0,0,2438,3293,4096,33558,1668
REFERENCE_ollama,lzo,0,0,2439,4116,4096,33533,1609
REFERENCE_ollama,lzo,0,0,2440,835,4096,37780,5526
REFERENCE_ollama,lzo,0,0,2441,642,4096,36454,5104
REFERENCE_ollama,lzo,0,0,2442,642,4096,36847,4708
REFERENCE_ollama,lzo,0,0,2443,4116,4096,33835,1594
REFERENCE_ollama,lzo,0,0,2444,3293,4096,32937,1566
REFERENCE_ollama,lzo,0,0,2445,4115,4096,34201,1684
REFERENCE_ollama,lzo,0,0,2446,849,4096,38903,5935
REFERENCE_ollama,lzo,0,0,2447,664,4096,36506,4205
REFERENCE_ollama,lzo,0,0,2448,685,4096,36880,5324
REFERENCE_ollama,lzo,0,0,2449,503,4096,35794,4287
REFERENCE_ollama,lzo,0,0,2450,4116,4096,33424,1575
REFERENCE_ollama,lzo,0,0,2451,164,4096,33975,4495
REFERENCE_ollama,lzo,0,0,2452,4116,4096,33592,1467
REFERENCE_ollama,lzo,0,0,2453,1352,4096,42702,7887
REFERENCE_ollama,lzo,0,0,2454,4116,4096,33806,1512
REFERENCE_ollama,lzo,0,0,2455,4116,4096,32923,1454
REFERENCE_ollama,lzo,0,0,2456,965,4096,39411,5493
REFERENCE_ollama,lzo,0,0,2457,1368,4096,39792,6194
REFERENCE_ollama,lzo,0,0,2458,576,4096,35433,4379
REFERENCE_ollama,lzo,0,0,2459,4116,4096,33506,1568
REFERENCE_ollama,lzo,0,0,2460,4116,4096,34227,1459
REFERENCE_ollama,lzo,0,0,2461,4116,4096,33548,1454
REFERENCE_ollama,lzo,0,0,2462,4116,4096,33019,1500
REFERENCE_ollama,lzo,0,0,2463,4116,4096,33616,1456
REFERENCE_ollama,lzo,0,0,2464,706,4096,37232,4158
REFERENCE_ollama,lzo,0,0,2465,4116,4096,33439,1533
REFERENCE_ollama,lzo,0,0,2466,1063,4096,40623,6523
REFERENCE_ollama,lzo,0,0,2467,1732,4096,42488,6063
REFERENCE_ollama,lzo,0,0,2468,4116,4096,33752,1603
REFERENCE_ollama,lzo,0,0,2469,823,4096,38175,5770
REFERENCE_ollama,lzo,0,0,2470,4116,4096,33815,1579
REFERENCE_ollama,lzo,0,0,2471,4116,4096,33434,1452
REFERENCE_ollama,lzo,0,0,2472,4116,4096,32885,1456
REFERENCE_ollama,lzo,0,0,2473,286,4096,34475,4395
REFERENCE_ollama,lzo,0,0,2474,4116,4096,33684,1498
REFERENCE_ollama,lzo,0,0,2475,4116,4096,33727,1455
REFERENCE_ollama,lzo,0,0,2476,4116,4096,33109,1454
REFERENCE_ollama,lzo,0,0,2477,4116,4096,33487,1456
REFERENCE_ollama,lzo,0,0,2478,536,4096,36241,4477
REFERENCE_ollama,lzo,0,0,2479,4116,4096,32954,1530
REFERENCE_ollama,lzo,0,0,2480,4116,4096,34004,1476
REFERENCE_ollama,lzo,0,0,2481,4116,4096,33992,1454
REFERENCE_ollama,lzo,0,0,2482,4116,4096,33480,1449
REFERENCE_ollama,lzo,0,0,2483,4116,4096,33091,1453
REFERENCE_ollama,lzo,0,0,2484,4116,4096,33623,1451
REFERENCE_ollama,lzo,0,0,2485,4116,4096,33907,1452
REFERENCE_ollama,lzo,0,0,2486,4116,4096,32951,1453
REFERENCE_ollama,lzo,0,0,2487,1151,4096,40991,7342
REFERENCE_ollama,lzo,0,0,2488,1747,4096,43295,7526
REFERENCE_ollama,lzo,0,0,2489,4116,4096,34419,1564
REFERENCE_ollama,lzo,0,0,2490,4116,4096,33226,1453
REFERENCE_ollama,lzo,0,0,2491,4116,4096,33748,1455
REFERENCE_ollama,lzo,0,0,2492,545,4096,36410,5272
REFERENCE_ollama,lzo,0,0,2493,4116,4096,32681,1520
REFERENCE_ollama,lzo,0,0,2494,4116,4096,33804,1455
REFERENCE_ollama,lzo,0,0,2495,4116,4096,33556,1457
REFERENCE_ollama,lzo,0,0,2496,4116,4096,33713,1455
REFERENCE_ollama,lzo,0,0,2497,4116,4096,32834,1453
REFERENCE_ollama,lzo,0,0,2498,4116,4096,33743,1454
REFERENCE_ollama,lzo,0,0,2499,4116,4096,34156,1456
REFERENCE_ollama,lzo,0,0,2500,4116,4096,32681,1250
REFERENCE_ollama,lzo,0,0,2501,4116,4096,29635,1251
REFERENCE_ollama,lzo,0,0,2502,4116,4096,29843,1252
REFERENCE_ollama,lzo,0,0,2503,4116,4096,30040,1253
REFERENCE_ollama,lzo,0,0,2504,3228,4096,29660,1425
REFERENCE_ollama,lzo,0,0,2505,600,4096,38017,4026
REFERENCE_ollama,lzo,0,0,2506,1846,4096,42698,6026
REFERENCE_ollama,lzo,0,0,2507,733,4096,36447,4931
REFERENCE_ollama,lzo,0,0,2508,1173,4096,33151,1957
REFERENCE_ollama,lzo,0,0,2509,4116,4096,33767,1532
REFERENCE_ollama,lzo,0,0,2510,4116,4096,33381,1455
REFERENCE_ollama,lzo,0,0,2511,3509,4096,42595,6188
REFERENCE_ollama,lzo,0,0,2512,4116,4096,33705,1620
REFERENCE_ollama,lzo,0,0,2513,1101,4096,40644,7049
REFERENCE_ollama,lzo,0,0,2514,566,4096,36721,3687
REFERENCE_ollama,lzo,0,0,2515,4116,4096,32637,1533
REFERENCE_ollama,lzo,0,0,2516,4116,4096,33647,1456
REFERENCE_ollama,lzo,0,0,2517,4090,4096,34124,1469
REFERENCE_ollama,lzo,0,0,2518,4116,4096,29045,1309
REFERENCE_ollama,lzo,0,0,2519,4116,4096,30102,1330
REFERENCE_ollama,lzo,0,0,2520,4116,4096,29817,1300
REFERENCE_ollama,lzo,0,0,2521,4116,4096,29685,1250
REFERENCE_ollama,lzo,0,0,2522,4116,4096,30245,1248
REFERENCE_ollama,lzo,0,0,2523,4116,4096,29800,1250
REFERENCE_ollama,lzo,0,0,2524,4116,4096,29762,1250
REFERENCE_ollama,lzo,0,0,2525,1336,4096,35497,5231
REFERENCE_ollama,lzo,0,0,2526,1251,4096,35926,5514
REFERENCE_ollama,lzo,0,0,2527,802,4096,33685,4963
REFERENCE_ollama,lzo,0,0,2528,587,4096,32282,3808
REFERENCE_ollama,lzo,0,0,2529,990,4096,35642,8747
REFERENCE_ollama,lzo,0,0,2530,4116,4096,33553,1614
REFERENCE_ollama,lzo,0,0,2531,4116,4096,33439,1597
REFERENCE_ollama,lzo,0,0,2532,4116,4096,32552,1601
REFERENCE_ollama,lzo,0,0,2533,4116,4096,33452,1601
REFERENCE_ollama,lzo,0,0,2534,1201,4096,39712,5795
REFERENCE_ollama,lzo,0,0,2535,4116,4096,33378,1526
REFERENCE_ollama,lzo,0,0,2536,4116,4096,33305,1466
REFERENCE_ollama,lzo,0,0,2537,789,4096,36972,5164
REFERENCE_ollama,lzo,0,0,2538,1231,4096,41410,7024
REFERENCE_ollama,lzo,0,0,2539,1180,4096,39300,5680
REFERENCE_ollama,lzo,0,0,2540,152,4096,33409,2171
REFERENCE_ollama,lzo,0,0,2541,1300,4096,41958,7056
REFERENCE_ollama,lzo,0,0,2542,1352,4096,43110,8191
REFERENCE_ollama,lzo,0,0,2543,1299,4096,42723,7498
REFERENCE_ollama,lzo,0,0,2544,1840,4096,34555,4313
REFERENCE_ollama,lzo,0,0,2545,1418,4096,37247,6841
REFERENCE_ollama,lzo,0,0,2546,456,4096,31210,2974
REFERENCE_ollama,lzo,0,0,2547,766,4096,39933,4559
REFERENCE_ollama,lzo,0,0,2548,371,4096,34908,2947
REFERENCE_ollama,lzo,0,0,2549,4116,4096,33643,1543
REFERENCE_ollama,lzo,0,0,2550,287,4096,33875,3431
REFERENCE_ollama,lzo,0,0,2551,997,4096,38679,6034
REFERENCE_ollama,lzo,0,0,2552,1639,4096,44940,9256
REFERENCE_ollama,lzo,0,0,2553,987,4096,39610,7488
REFERENCE_ollama,lzo,0,0,2554,4116,4096,33198,1503
REFERENCE_ollama,lzo,0,0,2555,947,4096,38223,5270
REFERENCE_ollama,lzo,0,0,2556,1007,4096,38211,6226
REFERENCE_ollama,lzo,0,0,2557,1766,4096,42654,8402
REFERENCE_ollama,lzo,0,0,2558,1161,4096,41415,7537
REFERENCE_ollama,lzo,0,0,2559,4116,4096,33440,1545
REFERENCE_ollama,lzo,0,0,2560,695,4096,36871,4889
REFERENCE_ollama,lzo,0,0,2561,683,4096,36351,3747
REFERENCE_ollama,lzo,0,0,2562,703,4096,32587,5099
REFERENCE_ollama,lzo,0,0,2563,328,4096,30905,2744
REFERENCE_ollama,lzo,0,0,2564,545,4096,31508,4554
REFERENCE_ollama,lzo,0,0,2565,642,4096,36148,4261
REFERENCE_ollama,lzo,0,0,2566,1322,4096,41782,6648
REFERENCE_ollama,lzo,0,0,2567,632,4096,35987,5724
REFERENCE_ollama,lzo,0,0,2568,4116,4096,33100,1502
REFERENCE_ollama,lzo,0,0,2569,185,4096,34163,3932
REFERENCE_ollama,lzo,0,0,2570,927,4096,38046,5310
REFERENCE_ollama,lzo,0,0,2571,4116,4096,33178,1491
REFERENCE_ollama,lzo,0,0,2572,1092,4096,38605,5497
REFERENCE_ollama,lzo,0,0,2573,4116,4096,33510,1487
REFERENCE_ollama,lzo,0,0,2574,1001,4096,38843,5720
REFERENCE_ollama,lzo,0,0,2575,186,4096,33735,3940
REFERENCE_ollama,lzo,0,0,2576,1198,4096,41104,7399
REFERENCE_ollama,lzo,0,0,2577,1473,4096,42023,6939
REFERENCE_ollama,lzo,0,0,2578,1083,4096,39154,5911
REFERENCE_ollama,lzo,0,0,2579,4116,4096,33894,1543
REFERENCE_ollama,lzo,0,0,2580,1189,4096,41023,7458
REFERENCE_ollama,lzo,0,0,2581,72,4096,33337,2549
REFERENCE_ollama,lzo,0,0,2582,4116,4096,33209,1533
REFERENCE_ollama,lzo,0,0,2583,4116,4096,33640,1461
REFERENCE_ollama,lzo,0,0,2584,4116,4096,33524,1452
REFERENCE_ollama,lzo,0,0,2585,2145,4096,42940,7770
REFERENCE_ollama,lzo,0,0,2586,614,4096,36284,5456
REFERENCE_ollama,lzo,0,0,2587,1168,4096,39201,5693
REFERENCE_ollama,lzo,0,0,2588,4116,4096,33717,1620
REFERENCE_ollama,lzo,0,0,2589,1216,4096,40000,7644
REFERENCE_ollama,lzo,0,0,2590,1733,4096,44562,9139
REFERENCE_ollama,lzo,0,0,2591,1207,4096,40843,7068
REFERENCE_ollama,lzo,0,0,2592,4116,4096,32882,1583
REFERENCE_ollama,lzo,0,0,2593,997,4096,39053,5945
REFERENCE_ollama,lzo,0,0,2594,220,4096,33861,2725
REFERENCE_ollama,lzo,0,0,2595,740,4096,36895,5525
REFERENCE_ollama,lzo,0,0,2596,1729,4096,38051,5449
REFERENCE_ollama,lzo,0,0,2597,4116,4096,33387,1613
REFERENCE_ollama,lzo,0,0,2598,1306,4096,40387,5955
REFERENCE_ollama,lzo,0,0,2599,961,4096,38024,5858
REFERENCE_ollama,lzo,0,0,2600,729,4096,37112,5594
REFERENCE_ollama,lzo,0,0,2601,4116,4096,33761,1548
REFERENCE_ollama,lzo,0,0,2602,4116,4096,33631,1452
REFERENCE_ollama,lzo,0,0,2603,164,4096,32995,4537
REFERENCE_ollama,lzo,0,0,2604,4116,4096,33839,1492
REFERENCE_ollama,lzo,0,0,2605,1120,4096,39617,5896
REFERENCE_ollama,lzo,0,0,2606,1607,4096,41593,6578
REFERENCE_ollama,lzo,0,0,2607,899,4096,38676,5966
REFERENCE_ollama,lzo,0,0,2608,157,4096,33497,2243
REFERENCE_ollama,lzo,0,0,2609,1588,4096,44262,8924
REFERENCE_ollama,lzo,0,0,2610,1144,4096,40283,6878
REFERENCE_ollama,lzo,0,0,2611,4116,4096,39018,1509
REFERENCE_ollama,lzo,0,0,2612,4116,4096,39817,1456
REFERENCE_ollama,lzo,0,0,2613,180,4096,35737,4242
REFERENCE_ollama,lzo,0,0,2614,1248,4096,42625,5769
REFERENCE_ollama,lzo,0,0,2615,4116,4096,34092,1529
REFERENCE_ollama,lzo,0,0,2616,4116,4096,33075,1456
REFERENCE_ollama,lzo,0,0,2617,1047,4096,41447,7148
REFERENCE_ollama,lzo,0,0,2618,4116,4096,33977,1495
REFERENCE_ollama,lzo,0,0,2619,555,4096,35840,3942
REFERENCE_ollama,lzo,0,0,2620,3293,4096,34104,1621
REFERENCE_ollama,lzo,0,0,2621,4116,4096,33977,1620
REFERENCE_ollama,lzo,0,0,2622,1832,4096,43114,7152
REFERENCE_ollama,lzo,0,0,2623,1000,4096,39691,5309
REFERENCE_ollama,lzo,0,0,2624,371,4096,35214,2973
REFERENCE_ollama,lzo,0,0,2625,404,4096,35312,5162
REFERENCE_ollama,lzo,0,0,2626,4116,4096,33179,1479
REFERENCE_ollama,lzo,0,0,2627,689,4096,37666,5209
REFERENCE_ollama,lzo,0,0,2628,746,4096,38439,4973
REFERENCE_ollama,lzo,0,0,2629,1586,4096,43160,6667
REFERENCE_ollama,lzo,0,0,2630,4116,4096,32719,1571
REFERENCE_ollama,lzo,0,0,2631,342,4096,35521,4180
REFERENCE_ollama,lzo,0,0,2632,631,4096,37676,5143
REFERENCE_ollama,lzo,0,0,2633,879,4096,38417,6282
REFERENCE_ollama,lzo,0,0,2634,965,4096,39470,5519
REFERENCE_ollama,lzo,0,0,2635,2102,4096,43278,7171
REFERENCE_ollama,lzo,0,0,2636,942,4096,39162,5834
REFERENCE_ollama,lzo,0,0,2637,1149,4096,39177,6177
REFERENCE_ollama,lzo,0,0,2638,1527,4096,41724,7227
REFERENCE_ollama,lzo,0,0,2639,4116,4096,33841,1536
REFERENCE_ollama,lzo,0,0,2640,1083,4096,39140,5720
REFERENCE_ollama,lzo,0,0,2641,4116,4096,34020,1490
REFERENCE_ollama,lzo,0,0,2642,1101,4096,41102,6765
REFERENCE_ollama,lzo,0,0,2643,945,4096,40501,6191
REFERENCE_ollama,lzo,0,0,2644,998,4096,39299,5943
REFERENCE_ollama,lzo,0,0,2645,732,4096,38692,5583
REFERENCE_ollama,lzo,0,0,2646,4116,4096,34301,1582
REFERENCE_ollama,lzo,0,0,2647,545,4096,36538,5340
REFERENCE_ollama,lzo,0,0,2648,642,4096,36314,5009
REFERENCE_ollama,lzo,0,0,2649,658,4096,37064,5383
REFERENCE_ollama,lzo,0,0,2650,4116,4096,33870,1588
REFERENCE_ollama,lzo,0,0,2651,395,4096,34843,3499
REFERENCE_ollama,lzo,0,0,2652,1141,4096,40803,6612
REFERENCE_ollama,lzo,0,0,2653,632,4096,37512,5802
REFERENCE_ollama,lzo,0,0,2654,1634,4096,43157,7124
REFERENCE_ollama,lzo,0,0,2655,1397,4096,41732,8465
REFERENCE_ollama,lzo,0,0,2656,274,4096,34895,4792
REFERENCE_ollama,lzo,0,0,2657,86,4096,33626,1816
REFERENCE_ollama,lzo,0,0,2658,4116,4096,33046,1665
REFERENCE_ollama,lzo,0,0,2659,1130,4096,34920,2836
REFERENCE_ollama,lzo,0,0,2660,4116,4096,33347,1620
REFERENCE_ollama,lzo,0,0,2661,4116,4096,33594,1604
REFERENCE_ollama,lzo,0,0,2662,404,4096,37526,4988
REFERENCE_ollama,lzo,0,0,2663,4116,4096,30176,1391
REFERENCE_ollama,lzo,0,0,2664,695,4096,33330,4082
REFERENCE_ollama,lzo,0,0,2665,4116,4096,29211,1307
REFERENCE_ollama,lzo,0,0,2666,4116,4096,29595,1253
REFERENCE_ollama,lzo,0,0,2667,4116,4096,29770,1250
REFERENCE_ollama,lzo,0,0,2668,4116,4096,29754,1256
REFERENCE_ollama,lzo,0,0,2669,4116,4096,29132,1252
REFERENCE_ollama,lzo,0,0,2670,4116,4096,29706,1254
REFERENCE_ollama,lzo,0,0,2671,4116,4096,29829,1253
REFERENCE_ollama,lzo,0,0,2672,4116,4096,29585,1252
REFERENCE_ollama,lzo,0,0,2673,4116,4096,29822,1252
REFERENCE_ollama,lzo,0,0,2674,4116,4096,29605,1266
REFERENCE_ollama,lzo,0,0,2675,4116,4096,29943,1253
REFERENCE_ollama,lzo,0,0,2676,4116,4096,29118,1248
REFERENCE_ollama,lzo,0,0,2677,1391,4096,30902,2296
REFERENCE_ollama,lzo,0,0,2678,4116,4096,29909,1289
REFERENCE_ollama,lzo,0,0,2679,4116,4096,29184,1249
REFERENCE_ollama,lzo,0,0,2680,4116,4096,29572,1252
REFERENCE_ollama,lzo,0,0,2681,4116,4096,29816,1248
REFERENCE_ollama,lzo,0,0,2682,4116,4096,29560,1251
REFERENCE_ollama,lzo,0,0,2683,4116,4096,33884,1371
REFERENCE_ollama,lzo,0,0,2684,4116,4096,33778,1450
REFERENCE_ollama,lzo,0,0,2685,4116,4096,33593,1449
REFERENCE_ollama,lzo,0,0,2686,4116,4096,33135,1451
REFERENCE_ollama,lzo,0,0,2687,4116,4096,33574,1452
REFERENCE_ollama,lzo,0,0,2688,4116,4096,33250,1454
REFERENCE_ollama,lzo,0,0,2689,4116,4096,33588,1289
REFERENCE_ollama,lzo,0,0,2690,4116,4096,29241,1250
REFERENCE_ollama,lzo,0,0,2691,4116,4096,29886,1252
REFERENCE_ollama,lzo,0,0,2692,4116,4096,29840,1251
REFERENCE_ollama,lzo,0,0,2693,4116,4096,29280,1250
REFERENCE_ollama,lzo,0,0,2694,4116,4096,29808,1246
REFERENCE_ollama,lzo,0,0,2695,4116,4096,30138,1250
REFERENCE_ollama,lzo,0,0,2696,4116,4096,34074,1451
REFERENCE_ollama,lzo,0,0,2697,4116,4096,33447,1454
REFERENCE_ollama,lzo,0,0,2698,4116,4096,33614,1450
REFERENCE_ollama,lzo,0,0,2699,4116,4096,33558,1453
REFERENCE_ollama,lzo,0,0,2700,4116,4096,33278,1452
REFERENCE_ollama,lzo,0,0,2701,4116,4096,33455,1451
REFERENCE_ollama,lzo,0,0,2702,4116,4096,34106,1449
REFERENCE_ollama,lzo,0,0,2703,4116,4096,33912,1449
REFERENCE_ollama,lzo,0,0,2704,4116,4096,32745,1450
REFERENCE_ollama,lzo,0,0,2705,4116,4096,33252,1449
REFERENCE_ollama,lzo,0,0,2706,4116,4096,33798,1450
REFERENCE_ollama,lzo,0,0,2707,4116,4096,32646,1450
REFERENCE_ollama,lzo,0,0,2708,4116,4096,33528,1449
REFERENCE_ollama,lzo,0,0,2709,4116,4096,33477,1449
REFERENCE_ollama,lzo,0,0,2710,4116,4096,33239,1450
REFERENCE_ollama,lzo,0,0,2711,4116,4096,32932,1447
REFERENCE_ollama,lzo,0,0,2712,4116,4096,33793,1456
REFERENCE_ollama,lzo,0,0,2713,4116,4096,33809,1454
REFERENCE_ollama,lzo,0,0,2714,4116,4096,33560,1450
REFERENCE_ollama,lzo,0,0,2715,4116,4096,32879,1451
REFERENCE_ollama,lzo,0,0,2716,4116,4096,33639,1449
REFERENCE_ollama,lzo,0,0,2717,4116,4096,33695,1389
REFERENCE_ollama,lzo,0,0,2718,4116,4096,33061,1451
REFERENCE_ollama,lzo,0,0,2719,4116,4096,33888,1449
REFERENCE_ollama,lzo,0,0,2720,4116,4096,33714,1450
REFERENCE_ollama,lzo,0,0,2721,4116,4096,33409,1453
REFERENCE_ollama,lzo,0,0,2722,4116,4096,34235,1452
REFERENCE_ollama,lzo,0,0,2723,4116,4096,33415,1451
REFERENCE_ollama,lzo,0,0,2724,1318,4096,41400,6739
REFERENCE_ollama,lzo,0,0,2725,4116,4096,32894,1495
REFERENCE_ollama,lzo,0,0,2726,4116,4096,33539,1453
REFERENCE_ollama,lzo,0,0,2727,4116,4096,34002,1454
REFERENCE_ollama,lzo,0,0,2728,4116,4096,33495,1456
REFERENCE_ollama,lzo,0,0,2729,4116,4096,32669,1452
REFERENCE_ollama,lzo,0,0,2730,4116,4096,33469,1454
REFERENCE_ollama,lzo,0,0,2731,4116,4096,33493,1453
REFERENCE_ollama,lzo,0,0,2732,4116,4096,32582,1453
REFERENCE_ollama,lzo,0,0,2733,4116,4096,33773,1458
REFERENCE_ollama,lzo,0,0,2734,4116,4096,33400,1453
REFERENCE_ollama,lzo,0,0,2735,4116,4096,33642,1453
REFERENCE_ollama,lzo,0,0,2736,4116,4096,32838,1455
REFERENCE_ollama,lzo,0,0,2737,4116,4096,33106,1457
REFERENCE_ollama,lzo,0,0,2738,3577,4096,44005,6523
REFERENCE_ollama,lzo,0,0,2739,4116,4096,32777,1618
REFERENCE_ollama,lzo,0,0,2740,4116,4096,33174,1604
REFERENCE_ollama,lzo,0,0,2741,4116,4096,33422,1607
REFERENCE_ollama,lzo,0,0,2742,4116,4096,33295,1603
REFERENCE_ollama,lzo,0,0,2743,4116,4096,32588,1601
REFERENCE_ollama,lzo,0,0,2744,4116,4096,33387,1600
REFERENCE_ollama,lzo,0,0,2745,4116,4096,33289,1662
REFERENCE_ollama,lzo,0,0,2746,4116,4096,32640,1610
REFERENCE_ollama,lzo,0,0,2747,4116,4096,33241,1600
REFERENCE_ollama,lzo,0,0,2748,4116,4096,33283,1602
REFERENCE_ollama,lzo,0,0,2749,4116,4096,33526,1602
REFERENCE_ollama,lzo,0,0,2750,4116,4096,32777,1606
REFERENCE_ollama,lzo,0,0,2751,4116,4096,33276,1606
REFERENCE_ollama,lzo,0,0,2752,4116,4096,33359,1600
REFERENCE_ollama,lzo,0,0,2753,4116,4096,32864,1501
REFERENCE_ollama,lzo,0,0,2754,4116,4096,33205,1604
REFERENCE_ollama,lzo,0,0,2755,4116,4096,33284,1604
REFERENCE_ollama,lzo,0,0,2756,4116,4096,33100,1603
REFERENCE_ollama,lzo,0,0,2757,4116,4096,32797,1601
REFERENCE_ollama,lzo,0,0,2758,4116,4096,33598,1608
REFERENCE_ollama,lzo,0,0,2759,4116,4096,33204,1604
REFERENCE_ollama,lzo,0,0,2760,4116,4096,32717,1602
REFERENCE_ollama,lzo,0,0,2761,4116,4096,33447,1600
REFERENCE_ollama,lzo,0,0,2762,4116,4096,33082,1601
REFERENCE_ollama,lzo,0,0,2763,4116,4096,33189,1603
REFERENCE_ollama,lzo,0,0,2764,4116,4096,32721,1605
REFERENCE_ollama,lzo,0,0,2765,928,4096,37692,4831
REFERENCE_ollama,lzo,0,0,2766,4116,4096,33231,1532
REFERENCE_ollama,lzo,0,0,2767,4116,4096,32575,1455
REFERENCE_ollama,lzo,0,0,2768,4116,4096,33349,1455
REFERENCE_ollama,lzo,0,0,2769,4116,4096,33558,1458
REFERENCE_ollama,lzo,0,0,2770,4116,4096,33267,1452
REFERENCE_ollama,lzo,0,0,2771,4116,4096,32865,1456
REFERENCE_ollama,lzo,0,0,2772,4116,4096,33391,1455
REFERENCE_ollama,lzo,0,0,2773,2116,4096,33807,1851
REFERENCE_ollama,lzo,0,0,2774,4116,4096,33199,1493
REFERENCE_ollama,lzo,0,0,2775,4116,4096,33141,1455
REFERENCE_ollama,lzo,0,0,2776,4116,4096,33271,1455
REFERENCE_ollama,lzo,0,0,2777,4116,4096,33364,1455
REFERENCE_ollama,lzo,0,0,2778,4116,4096,32696,1454
REFERENCE_ollama,lzo,0,0,2779,4116,4096,33686,1453
REFERENCE_ollama,lzo,0,0,2780,4116,4096,33456,1457
REFERENCE_ollama,lzo,0,0,2781,4116,4096,33382,1454
REFERENCE_ollama,lzo,0,0,2782,4116,4096,32887,1453
REFERENCE_ollama,lzo,0,0,2783,4116,4096,33503,1456
REFERENCE_ollama,lzo,0,0,2784,4116,4096,33411,1501
REFERENCE_ollama,lzo,0,0,2785,4116,4096,33216,1458
REFERENCE_ollama,lzo,0,0,2786,4116,4096,33232,1453
REFERENCE_ollama,lzo,0,0,2787,4116,4096,33481,1451
REFERENCE_ollama,lzo,0,0,2788,4116,4096,33427,1455
REFERENCE_ollama,lzo,0,0,2789,4116,4096,32532,1454
REFERENCE_ollama,lzo,0,0,2790,4116,4096,33776,1453
REFERENCE_ollama,lzo,0,0,2791,4116,4096,33180,1453
REFERENCE_ollama,lzo,0,0,2792,4116,4096,32578,1456
REFERENCE_ollama,lzo,0,0,2793,3973,4096,33696,1577
REFERENCE_ollama,lzo,0,0,2794,4116,4096,33296,1462
REFERENCE_ollama,lzo,0,0,2795,1264,4096,41960,7487
REFERENCE_ollama,lzo,0,0,2796,4116,4096,33016,1593
REFERENCE_ollama,lzo,0,0,2797,4116,4096,33205,1453
REFERENCE_ollama,lzo,0,0,2798,489,4096,35686,3061
REFERENCE_ollama,lzo,0,0,2799,607,4096,35869,4629
REFERENCE_ollama,lzo,0,0,2800,588,4096,36161,5005
REFERENCE_ollama,lzo,0,0,2801,4116,4096,33486,1492
REFERENCE_ollama,lzo,0,0,2802,1507,4096,42568,7644
REFERENCE_ollama,lzo,0,0,2803,1205,4096,39085,7322
REFERENCE_ollama,lzo,0,0,2804,4116,4096,33772,1618
REFERENCE_ollama,lzo,0,0,2805,566,4096,36218,3713
REFERENCE_ollama,lzo,0,0,2806,4116,4096,32795,1594
REFERENCE_ollama,lzo,0,0,2807,4116,4096,33685,1460
REFERENCE_ollama,lzo,0,0,2808,4116,4096,33264,1454
REFERENCE_ollama,lzo,0,0,2809,3293,4096,33620,1656
REFERENCE_ollama,lzo,0,0,2810,607,4096,35656,4345
REFERENCE_ollama,lzo,0,0,2811,4116,4096,33161,1536
REFERENCE_ollama,lzo,0,0,2812,1832,4096,42082,7196
REFERENCE_ollama,lzo,0,0,2813,1924,4096,40429,6823
REFERENCE_ollama,lzo,0,0,2814,1337,4096,42887,8612
REFERENCE_ollama,lzo,0,0,2815,557,4096,36220,4692
REFERENCE_ollama,lzo,0,0,2816,1832,4096,41070,6253
REFERENCE_ollama,lzo,0,0,2817,808,4096,37545,5224
REFERENCE_ollama,lzo,0,0,2818,4116,4096,33562,1587
REFERENCE_ollama,lzo,0,0,2819,4116,4096,33154,1452
REFERENCE_ollama,lzo,0,0,2820,4116,4096,32786,1455
REFERENCE_ollama,lzo,0,0,2821,639,4096,37314,4707
REFERENCE_ollama,lzo,0,0,2822,4116,4096,33407,1588
REFERENCE_ollama,lzo,0,0,2823,4116,4096,33497,1455
REFERENCE_ollama,lzo,0,0,2824,4116,4096,33015,1454
REFERENCE_ollama,lzo,0,0,2825,4116,4096,33370,1455
REFERENCE_ollama,lzo,0,0,2826,4116,4096,33463,1452
REFERENCE_ollama,lzo,0,0,2827,4116,4096,32485,1456
REFERENCE_ollama,lzo,0,0,2828,664,4096,36656,4083
REFERENCE_ollama,lzo,0,0,2829,4116,4096,33610,1520
REFERENCE_ollama,lzo,0,0,2830,4116,4096,33236,1453
REFERENCE_ollama,lzo,0,0,2831,4116,4096,32827,1457
REFERENCE_ollama,lzo,0,0,2832,4116,4096,33570,1454
REFERENCE_ollama,lzo,0,0,2833,4116,4096,33482,1453
REFERENCE_ollama,lzo,0,0,2834,694,4096,36273,4752
REFERENCE_ollama,lzo,0,0,2835,4116,4096,40788,1560
REFERENCE_ollama,lzo,0,0,2836,4116,4096,41109,1453
REFERENCE_ollama,lzo,0,0,2837,4116,4096,42000,1680
REFERENCE_ollama,lzo,0,0,2838,4116,4096,40659,1456
REFERENCE_ollama,lzo,0,0,2839,4116,4096,40044,1469
REFERENCE_ollama,lzo,0,0,2840,4116,4096,40999,1451
REFERENCE_ollama,lzo,0,0,2841,1489,4096,48355,7756
REFERENCE_ollama,lzo,0,0,2842,4116,4096,40187,1501
REFERENCE_ollama,lzo,0,0,2843,4116,4096,40492,1454
REFERENCE_ollama,lzo,0,0,2844,4116,4096,39780,1455
REFERENCE_ollama,lzo,0,0,2845,4116,4096,40025,1456
REFERENCE_ollama,lzo,0,0,2846,4116,4096,40196,1456
REFERENCE_ollama,lzo,0,0,2847,1078,4096,45002,5638
REFERENCE_ollama,lzo,0,0,2848,664,4096,43683,4962
REFERENCE_ollama,lzo,0,0,2849,4116,4096,40954,1492
REFERENCE_ollama,lzo,0,0,2850,4116,4096,41269,1457
REFERENCE_ollama,lzo,0,0,2851,1007,4096,44893,6293
REFERENCE_ollama,lzo,0,0,2852,4116,4096,39397,1500
REFERENCE_ollama,lzo,0,0,2853,4116,4096,39739,1455
REFERENCE_ollama,lzo,0,0,2854,4116,4096,40415,1456
REFERENCE_ollama,lzo,0,0,2855,1496,4096,46870,7103
REFERENCE_ollama,lzo,0,0,2856,680,4096,43184,4604
REFERENCE_ollama,lzo,0,0,2857,578,4096,43085,4834
REFERENCE_ollama,lzo,0,0,2858,4116,4096,40788,1533
REFERENCE_ollama,lzo,0,0,2859,4116,4096,40629,1485
REFERENCE_ollama,lzo,0,0,2860,4116,4096,39310,1452
REFERENCE_ollama,lzo,0,0,2861,1173,4096,40132,1922
REFERENCE_ollama,lzo,0,0,2862,626,4096,42940,4679
REFERENCE_ollama,lzo,0,0,2863,927,4096,45489,5201
REFERENCE_ollama,lzo,0,0,2864,4116,4096,38971,1603
REFERENCE_ollama,lzo,0,0,2865,4116,4096,40104,1489
REFERENCE_ollama,lzo,0,0,2866,4116,4096,39715,1459
REFERENCE_ollama,lzo,0,0,2867,4116,4096,39720,1454
REFERENCE_ollama,lzo,0,0,2868,457,4096,41783,3595
REFERENCE_ollama,lzo,0,0,2869,3228,4096,40860,1618
REFERENCE_ollama,lzo,0,0,2870,4116,4096,39916,1496
REFERENCE_ollama,lzo,0,0,2871,611,4096,42377,4750
REFERENCE_ollama,lzo,0,0,2872,4116,4096,39728,1522
REFERENCE_ollama,lzo,0,0,2873,4116,4096,40378,1455
REFERENCE_ollama,lzo,0,0,2874,4116,4096,39058,1451
REFERENCE_ollama,lzo,0,0,2875,4116,4096,40492,1457
REFERENCE_ollama,lzo,0,0,2876,1186,4096,47481,6910
REFERENCE_ollama,lzo,0,0,2877,4116,4096,39126,1463
REFERENCE_ollama,lzo,0,0,2878,768,4096,42898,5311
REFERENCE_ollama,lzo,0,0,2879,4116,4096,39512,1561
REFERENCE_ollama,lzo,0,0,2880,4116,4096,40549,1458
REFERENCE_ollama,lzo,0,0,2881,4116,4096,39761,1454
REFERENCE_ollama,lzo,0,0,2882,4116,4096,39951,1456
REFERENCE_ollama,lzo,0,0,2883,702,4096,43080,4480
REFERENCE_ollama,lzo,0,0,2884,4116,4096,40752,1529
REFERENCE_ollama,lzo,0,0,2885,4116,4096,38670,1458
REFERENCE_ollama,lzo,0,0,2886,1368,4096,47469,6943
REFERENCE_ollama,lzo,0,0,2887,4116,4096,39937,1530
REFERENCE_ollama,lzo,0,0,2888,4116,4096,39524,1446
REFERENCE_ollama,lzo,0,0,2889,4116,4096,40025,1452
REFERENCE_ollama,lzo,0,0,2890,4116,4096,39889,1451
REFERENCE_ollama,lzo,0,0,2891,4116,4096,40308,1452
REFERENCE_ollama,lzo,0,0,2892,4116,4096,39295,1766
REFERENCE_ollama,lzo,0,0,2893,611,4096,42909,4437
REFERENCE_ollama,lzo,0,0,2894,4116,4096,40062,1491
REFERENCE_ollama,lzo,0,0,2895,919,4096,44436,5872
REFERENCE_ollama,lzo,0,0,2896,4116,4096,39611,1524
REFERENCE_ollama,lzo,0,0,2897,4116,4096,40345,1471
REFERENCE_ollama,lzo,0,0,2898,4116,4096,40703,1452
REFERENCE_ollama,lzo,0,0,2899,910,4096,44382,5722
REFERENCE_ollama,lzo,0,0,2900,4116,4096,39856,1505
REFERENCE_ollama,lzo,0,0,2901,4116,4096,39787,1491
REFERENCE_ollama,lzo,0,0,2902,4116,4096,39899,1453
REFERENCE_ollama,lzo,0,0,2903,4116,4096,40443,1452
REFERENCE_ollama,lzo,0,0,2904,4116,4096,39965,1457
REFERENCE_ollama,lzo,0,0,2905,4116,4096,40555,1473
REFERENCE_ollama,lzo,0,0,2906,4116,4096,39451,1453
REFERENCE_ollama,lzo,0,0,2907,760,4096,43307,5197
REFERENCE_ollama,lzo,0,0,2908,4116,4096,39859,1460
REFERENCE_ollama,lzo,0,0,2909,4116,4096,39620,1455
REFERENCE_ollama,lzo,0,0,2910,4116,4096,39751,1455
REFERENCE_ollama,lzo,0,0,2911,4116,4096,39824,1454
REFERENCE_ollama,lzo,0,0,2912,4116,4096,39606,1454
REFERENCE_ollama,lzo,0,0,2913,4116,4096,39355,1599
REFERENCE_ollama,lzo,0,0,2914,4116,4096,40683,1468
REFERENCE_ollama,lzo,0,0,2915,600,4096,42046,4173
REFERENCE_ollama,lzo,0,0,2916,4116,4096,38879,1523
REFERENCE_ollama,lzo,0,0,2917,1248,4096,46175,6568
REFERENCE_ollama,lzo,0,0,2918,220,4096,40739,2247
REFERENCE_ollama,lzo,0,0,2919,604,4096,43392,5318
REFERENCE_ollama,lzo,0,0,2920,4116,4096,39055,1622
REFERENCE_ollama,lzo,0,0,2921,4116,4096,40088,1600
REFERENCE_ollama,lzo,0,0,2922,721,4096,43724,5270
REFERENCE_ollama,lzo,0,0,2923,1294,4096,46956,7362
REFERENCE_ollama,lzo,0,0,2924,4116,4096,40431,1598
REFERENCE_ollama,lzo,0,0,2925,536,4096,41998,4429
REFERENCE_ollama,lzo,0,0,2926,777,4096,44995,5270
REFERENCE_ollama,lzo,0,0,2927,4116,4096,39055,1601
REFERENCE_ollama,lzo,0,0,2928,4116,4096,40312,1453
REFERENCE_ollama,lzo,0,0,2929,4116,4096,39893,1456
REFERENCE_ollama,lzo,0,0,2930,4116,4096,40338,1454
REFERENCE_ollama,lzo,0,0,2931,4116,4096,39240,1454
REFERENCE_ollama,lzo,0,0,2932,4116,4096,39838,1451
REFERENCE_ollama,lzo,0,0,2933,4116,4096,40161,1457
REFERENCE_ollama,lzo,0,0,2934,537,4096,41068,4007
REFERENCE_ollama,lzo,0,0,2935,4116,4096,40232,1502
REFERENCE_ollama,lzo,0,0,2936,664,4096,43102,4559
REFERENCE_ollama,lzo,0,0,2937,4116,4096,39954,1528
REFERENCE_ollama,lzo,0,0,2938,853,4096,43432,5668
REFERENCE_ollama,lzo,0,0,2939,4116,4096,40395,1594
REFERENCE_ollama,lzo,0,0,2940,4116,4096,39357,1453
REFERENCE_ollama,lzo,0,0,2941,4116,4096,39572,1454
REFERENCE_ollama,lzo,0,0,2942,4116,4096,39114,1456
