trace_name,alg_name,cache_invalidation_method_compress,cache_invalidation_method_decompress,page_number,compressed_size,uncompressed_size,compression_time,decompression_time
REFERENCE_ollama,WKdm,0,0,1,280,4096,9304,4972
REFERENCE_ollama,WKdm,0,0,2,504,4096,7155,5831
REFERENCE_ollama,WKdm,0,0,3,676,4096,7873,6365
REFERENCE_ollama,WKdm,0,0,4,320,4096,6383,5416
REFERENCE_ollama,WKdm,0,0,5,1284,4096,10633,8221
REFERENCE_ollama,WKdm,0,0,6,844,4096,9508,7656
REFERENCE_ollama,WKdm,0,0,7,1856,4096,11099,7863
REFERENCE_ollama,WKdm,0,0,8,1984,4096,10157,7611
REFERENCE_ollama,WKdm,0,0,9,1084,4096,8612,6441
REFERENCE_ollama,WKdm,0,0,10,1436,4096,8928,6805
REFERENCE_ollama,WKdm,0,0,11,2788,4096,11781,8468
REFERENCE_ollama,WKdm,0,0,12,1640,4096,13204,10006
REFERENCE_ollama,WKdm,0,0,13,1696,4096,8797,6672
REFERENCE_ollama,WKdm,0,0,14,2400,4096,13221,9693
REFERENCE_ollama,WKdm,0,0,15,1532,4096,10166,7460
REFERENCE_ollama,WKdm,0,0,16,484,4096,6594,5433
REFERENCE_ollama,WKdm,0,0,17,496,4096,6128,5390
REFERENCE_ollama,WKdm,0,0,18,676,4096,6761,5441
REFERENCE_ollama,WKdm,0,0,19,1052,4096,7270,5571
REFERENCE_ollama,WKdm,0,0,20,3800,4096,9267,5625
REFERENCE_ollama,WKdm,0,0,21,1364,4096,9317,6980
REFERENCE_ollama,WKdm,0,0,22,1232,4096,8121,6055
REFERENCE_ollama,WKdm,0,0,23,1348,4096,10608,7901
REFERENCE_ollama,WKdm,0,0,24,740,4096,6847,5592
REFERENCE_ollama,WKdm,0,0,25,892,4096,9032,7361
REFERENCE_ollama,WKdm,0,0,26,1180,4096,7998,6419
REFERENCE_ollama,WKdm,0,0,27,2276,4096,10239,7349
REFERENCE_ollama,WKdm,0,0,28,1976,4096,11458,8110
REFERENCE_ollama,WKdm,0,0,29,984,4096,7542,6043
REFERENCE_ollama,WKdm,0,0,30,1348,4096,8438,6147
REFERENCE_ollama,WKdm,0,0,31,460,4096,5974,4977
REFERENCE_ollama,WKdm,0,0,32,1900,4096,10715,7878
REFERENCE_ollama,WKdm,0,0,33,1776,4096,12917,8953
REFERENCE_ollama,WKdm,0,0,34,308,4096,5487,4659
REFERENCE_ollama,WKdm,0,0,35,1108,4096,9076,6938
REFERENCE_ollama,WKdm,0,0,36,2052,4096,11499,7832
REFERENCE_ollama,WKdm,0,0,37,1352,4096,8153,5739
REFERENCE_ollama,WKdm,0,0,38,1312,4096,9124,6570
REFERENCE_ollama,WKdm,0,0,39,4368,4096,11235,5294
REFERENCE_ollama,WKdm,0,0,40,4368,4096,9245,5477
REFERENCE_ollama,WKdm,0,0,41,4356,4096,9411,5655
REFERENCE_ollama,WKdm,0,0,42,4348,4096,9548,5760
REFERENCE_ollama,WKdm,0,0,43,4368,4096,9231,5465
REFERENCE_ollama,WKdm,0,0,44,4368,4096,9212,5465
REFERENCE_ollama,WKdm,0,0,45,4368,4096,9217,5465
REFERENCE_ollama,WKdm,0,0,46,4368,4096,9207,5491
REFERENCE_ollama,WKdm,0,0,47,4368,4096,9192,5456
REFERENCE_ollama,WKdm,0,0,48,4368,4096,9205,5489
REFERENCE_ollama,WKdm,0,0,49,4368,4096,9204,5480
REFERENCE_ollama,WKdm,0,0,50,4368,4096,9544,5473
REFERENCE_ollama,WKdm,0,0,51,4368,4096,9220,5459
REFERENCE_ollama,WKdm,0,0,52,4368,4096,9209,5445
REFERENCE_ollama,WKdm,0,0,53,4368,4096,9210,5468
REFERENCE_ollama,WKdm,0,0,54,4368,4096,9217,5479
REFERENCE_ollama,WKdm,0,0,55,4368,4096,9221,5484
REFERENCE_ollama,WKdm,0,0,56,4368,4096,9231,5466
REFERENCE_ollama,WKdm,0,0,57,4368,4096,9205,5467
REFERENCE_ollama,WKdm,0,0,58,4368,4096,9191,5463
REFERENCE_ollama,WKdm,0,0,59,4368,4096,9212,5464
REFERENCE_ollama,WKdm,0,0,60,4368,4096,9201,5492
REFERENCE_ollama,WKdm,0,0,61,4368,4096,9546,5473
REFERENCE_ollama,WKdm,0,0,62,4368,4096,9205,5442
REFERENCE_ollama,WKdm,0,0,63,4368,4096,9235,5451
REFERENCE_ollama,WKdm,0,0,64,4368,4096,9241,5471
REFERENCE_ollama,WKdm,0,0,65,4368,4096,9209,5431
REFERENCE_ollama,WKdm,0,0,66,4368,4096,8704,7712
REFERENCE_ollama,WKdm,0,0,67,4368,4096,7907,4668
REFERENCE_ollama,WKdm,0,0,68,4368,4096,7906,4677
REFERENCE_ollama,WKdm,0,0,69,4368,4096,7920,4680
REFERENCE_ollama,WKdm,0,0,70,4368,4096,7892,4688
REFERENCE_ollama,WKdm,0,0,71,4368,4096,7920,4694
REFERENCE_ollama,WKdm,0,0,72,4368,4096,7899,4690
REFERENCE_ollama,WKdm,0,0,73,2320,4096,6676,4949
REFERENCE_ollama,WKdm,0,0,74,4368,4096,7910,4697
REFERENCE_ollama,WKdm,0,0,75,4368,4096,7904,4701
REFERENCE_ollama,WKdm,0,0,76,4368,4096,7895,4693
REFERENCE_ollama,WKdm,0,0,77,4368,4096,7890,4686
REFERENCE_ollama,WKdm,0,0,78,4368,4096,7894,4670
REFERENCE_ollama,WKdm,0,0,79,4356,4096,8033,4813
REFERENCE_ollama,WKdm,0,0,80,4372,4096,7985,4743
REFERENCE_ollama,WKdm,0,0,81,4368,4096,7918,4693
REFERENCE_ollama,WKdm,0,0,82,916,4096,7495,6168
REFERENCE_ollama,WKdm,0,0,83,4368,4096,7921,4704
REFERENCE_ollama,WKdm,0,0,84,4368,4096,7893,4692
REFERENCE_ollama,WKdm,0,0,85,4368,4096,7903,4702
REFERENCE_ollama,WKdm,0,0,86,4368,4096,9124,5174
REFERENCE_ollama,WKdm,0,0,87,4368,4096,9212,5471
REFERENCE_ollama,WKdm,0,0,88,4368,4096,9189,5478
REFERENCE_ollama,WKdm,0,0,89,4368,4096,9202,5471
REFERENCE_ollama,WKdm,0,0,90,4368,4096,9198,5454
REFERENCE_ollama,WKdm,0,0,91,4368,4096,9198,5480
REFERENCE_ollama,WKdm,0,0,92,4368,4096,9215,5481
REFERENCE_ollama,WKdm,0,0,93,4368,4096,9189,5470
REFERENCE_ollama,WKdm,0,0,94,4368,4096,9204,5458
REFERENCE_ollama,WKdm,0,0,95,4368,4096,9198,5473
REFERENCE_ollama,WKdm,0,0,96,2320,4096,7772,5428
REFERENCE_ollama,WKdm,0,0,97,4368,4096,9475,5479
REFERENCE_ollama,WKdm,0,0,98,4368,4096,8948,5294
REFERENCE_ollama,WKdm,0,0,99,4368,4096,7893,4688
REFERENCE_ollama,WKdm,0,0,100,4368,4096,7921,4691
REFERENCE_ollama,WKdm,0,0,101,4368,4096,7893,4667
REFERENCE_ollama,WKdm,0,0,102,4368,4096,7903,4698
REFERENCE_ollama,WKdm,0,0,103,4368,4096,7874,4681
REFERENCE_ollama,WKdm,0,0,104,4368,4096,7883,4696
REFERENCE_ollama,WKdm,0,0,105,4368,4096,7901,4690
REFERENCE_ollama,WKdm,0,0,106,980,4096,7232,5899
REFERENCE_ollama,WKdm,0,0,107,4368,4096,7915,4689
REFERENCE_ollama,WKdm,0,0,108,2320,4096,6626,4684
REFERENCE_ollama,WKdm,0,0,109,4368,4096,7913,6947
REFERENCE_ollama,WKdm,0,0,110,4368,4096,7888,4694
REFERENCE_ollama,WKdm,0,0,111,4368,4096,7919,4668
REFERENCE_ollama,WKdm,0,0,112,4368,4096,7889,4690
REFERENCE_ollama,WKdm,0,0,113,4372,4096,7982,4741
REFERENCE_ollama,WKdm,0,0,114,4368,4096,7908,4688
REFERENCE_ollama,WKdm,0,0,115,4368,4096,7895,4685
REFERENCE_ollama,WKdm,0,0,116,4368,4096,7926,4683
REFERENCE_ollama,WKdm,0,0,117,3408,4096,7307,4662
REFERENCE_ollama,WKdm,0,0,118,4368,4096,7912,4700
REFERENCE_ollama,WKdm,0,0,119,4372,4096,7964,4766
REFERENCE_ollama,WKdm,0,0,120,4368,4096,7901,4723
REFERENCE_ollama,WKdm,0,0,121,4368,4096,7903,4701
REFERENCE_ollama,WKdm,0,0,122,4368,4096,8141,4687
REFERENCE_ollama,WKdm,0,0,123,4368,4096,7907,4684
REFERENCE_ollama,WKdm,0,0,124,4368,4096,7891,4677
REFERENCE_ollama,WKdm,0,0,125,4368,4096,7908,4696
REFERENCE_ollama,WKdm,0,0,126,4368,4096,7894,4684
REFERENCE_ollama,WKdm,0,0,127,4368,4096,7909,4682
REFERENCE_ollama,WKdm,0,0,128,3408,4096,7286,4676
REFERENCE_ollama,WKdm,0,0,129,4368,4096,7890,4674
REFERENCE_ollama,WKdm,0,0,130,4368,4096,7895,4688
REFERENCE_ollama,WKdm,0,0,131,4372,4096,7955,4707
REFERENCE_ollama,WKdm,0,0,132,4368,4096,7906,4684
REFERENCE_ollama,WKdm,0,0,133,4368,4096,7909,4680
REFERENCE_ollama,WKdm,0,0,134,4368,4096,7908,4919
REFERENCE_ollama,WKdm,0,0,135,4368,4096,12399,5460
REFERENCE_ollama,WKdm,0,0,136,4368,4096,9200,5483
REFERENCE_ollama,WKdm,0,0,137,4364,4096,9374,5593
REFERENCE_ollama,WKdm,0,0,138,4368,4096,9233,5469
REFERENCE_ollama,WKdm,0,0,139,4368,4096,9193,5439
REFERENCE_ollama,WKdm,0,0,140,4368,4096,9221,5469
REFERENCE_ollama,WKdm,0,0,141,4368,4096,9201,5452
REFERENCE_ollama,WKdm,0,0,142,4368,4096,9211,5480
REFERENCE_ollama,WKdm,0,0,143,4368,4096,9203,5445
REFERENCE_ollama,WKdm,0,0,144,4368,4096,9202,5439
REFERENCE_ollama,WKdm,0,0,145,4368,4096,8999,5465
REFERENCE_ollama,WKdm,0,0,146,4368,4096,9212,5465
REFERENCE_ollama,WKdm,0,0,147,4368,4096,10810,4834
REFERENCE_ollama,WKdm,0,0,148,4368,4096,7919,4715
REFERENCE_ollama,WKdm,0,0,149,4368,4096,7910,4691
REFERENCE_ollama,WKdm,0,0,150,4368,4096,7900,4685
REFERENCE_ollama,WKdm,0,0,151,4368,4096,7893,4667
REFERENCE_ollama,WKdm,0,0,152,4368,4096,7906,4688
REFERENCE_ollama,WKdm,0,0,153,4368,4096,7878,4700
REFERENCE_ollama,WKdm,0,0,154,1072,4096,7994,6434
REFERENCE_ollama,WKdm,0,0,155,4368,4096,7939,4709
REFERENCE_ollama,WKdm,0,0,156,4368,4096,7919,4683
REFERENCE_ollama,WKdm,0,0,157,4332,4096,8292,5006
REFERENCE_ollama,WKdm,0,0,158,4368,4096,8193,4692
REFERENCE_ollama,WKdm,0,0,159,4368,4096,8453,8305
REFERENCE_ollama,WKdm,0,0,160,4368,4096,9214,5451
REFERENCE_ollama,WKdm,0,0,161,4368,4096,9249,5451
REFERENCE_ollama,WKdm,0,0,162,892,4096,8381,6701
REFERENCE_ollama,WKdm,0,0,163,4368,4096,9255,5485
REFERENCE_ollama,WKdm,0,0,164,4368,4096,9332,5540
REFERENCE_ollama,WKdm,0,0,165,888,4096,8364,6647
REFERENCE_ollama,WKdm,0,0,166,4368,4096,9243,5474
REFERENCE_ollama,WKdm,0,0,167,4368,4096,9236,5458
REFERENCE_ollama,WKdm,0,0,168,4368,4096,9221,5461
REFERENCE_ollama,WKdm,0,0,169,4368,4096,9501,5482
REFERENCE_ollama,WKdm,0,0,170,900,4096,7990,6366
REFERENCE_ollama,WKdm,0,0,171,4368,4096,9224,5455
REFERENCE_ollama,WKdm,0,0,172,4368,4096,9236,5441
REFERENCE_ollama,WKdm,0,0,173,4368,4096,9229,5444
REFERENCE_ollama,WKdm,0,0,174,4368,4096,9187,5454
REFERENCE_ollama,WKdm,0,0,175,4368,4096,11620,5317
REFERENCE_ollama,WKdm,0,0,176,4368,4096,7916,4666
REFERENCE_ollama,WKdm,0,0,177,4368,4096,7903,4677
REFERENCE_ollama,WKdm,0,0,178,4368,4096,7928,4688
REFERENCE_ollama,WKdm,0,0,179,4368,4096,7914,4685
REFERENCE_ollama,WKdm,0,0,180,4368,4096,8438,4918
REFERENCE_ollama,WKdm,0,0,181,4368,4096,9307,5478
REFERENCE_ollama,WKdm,0,0,182,4368,4096,9238,5456
REFERENCE_ollama,WKdm,0,0,183,624,4096,8305,6814
REFERENCE_ollama,WKdm,0,0,184,4368,4096,9260,5480
REFERENCE_ollama,WKdm,0,0,185,4368,4096,9248,5474
REFERENCE_ollama,WKdm,0,0,186,4372,4096,9285,5520
REFERENCE_ollama,WKdm,0,0,187,4368,4096,9223,5475
REFERENCE_ollama,WKdm,0,0,188,4368,4096,9205,5464
REFERENCE_ollama,WKdm,0,0,189,4368,4096,9248,5467
REFERENCE_ollama,WKdm,0,0,190,4368,4096,9228,5449
REFERENCE_ollama,WKdm,0,0,191,4368,4096,9485,5492
REFERENCE_ollama,WKdm,0,0,192,4368,4096,9210,5453
REFERENCE_ollama,WKdm,0,0,193,4368,4096,9242,5489
REFERENCE_ollama,WKdm,0,0,194,4368,4096,9221,5446
REFERENCE_ollama,WKdm,0,0,195,884,4096,8113,6523
REFERENCE_ollama,WKdm,0,0,196,4368,4096,9229,5465
REFERENCE_ollama,WKdm,0,0,197,4368,4096,9228,5453
REFERENCE_ollama,WKdm,0,0,198,4368,4096,9228,5440
REFERENCE_ollama,WKdm,0,0,199,4368,4096,9213,5471
REFERENCE_ollama,WKdm,0,0,200,4368,4096,9218,5468
REFERENCE_ollama,WKdm,0,0,201,4368,4096,9310,5536
REFERENCE_ollama,WKdm,0,0,202,4368,4096,9215,5765
REFERENCE_ollama,WKdm,0,0,203,4368,4096,9251,5454
REFERENCE_ollama,WKdm,0,0,204,4368,4096,8480,4995
REFERENCE_ollama,WKdm,0,0,205,1360,4096,6037,4610
REFERENCE_ollama,WKdm,0,0,206,4368,4096,7911,4674
REFERENCE_ollama,WKdm,0,0,207,4368,4096,7923,4664
REFERENCE_ollama,WKdm,0,0,208,4368,4096,7900,4664
REFERENCE_ollama,WKdm,0,0,209,4368,4096,7902,4682
REFERENCE_ollama,WKdm,0,0,210,4368,4096,7897,4669
REFERENCE_ollama,WKdm,0,0,211,4368,4096,7911,4689
REFERENCE_ollama,WKdm,0,0,212,4368,4096,7911,4692
REFERENCE_ollama,WKdm,0,0,213,4368,4096,7891,4691
REFERENCE_ollama,WKdm,0,0,214,4368,4096,7913,4670
REFERENCE_ollama,WKdm,0,0,215,4368,4096,8134,4700
REFERENCE_ollama,WKdm,0,0,216,4368,4096,7903,4675
REFERENCE_ollama,WKdm,0,0,217,4368,4096,7911,4678
REFERENCE_ollama,WKdm,0,0,218,4364,4096,7986,4761
REFERENCE_ollama,WKdm,0,0,219,4368,4096,7917,4691
REFERENCE_ollama,WKdm,0,0,220,4368,4096,7902,4689
REFERENCE_ollama,WKdm,0,0,221,4368,4096,7889,4689
REFERENCE_ollama,WKdm,0,0,222,4368,4096,7928,4692
REFERENCE_ollama,WKdm,0,0,223,4368,4096,7885,4682
REFERENCE_ollama,WKdm,0,0,224,4368,4096,7900,4653
REFERENCE_ollama,WKdm,0,0,225,4068,4096,8934,5716
REFERENCE_ollama,WKdm,0,0,226,4368,4096,7946,4715
REFERENCE_ollama,WKdm,0,0,227,4368,4096,11194,5106
REFERENCE_ollama,WKdm,0,0,228,4368,4096,9217,5455
REFERENCE_ollama,WKdm,0,0,229,4372,4096,9278,5530
REFERENCE_ollama,WKdm,0,0,230,4368,4096,9216,5444
REFERENCE_ollama,WKdm,0,0,231,4368,4096,9197,5456
REFERENCE_ollama,WKdm,0,0,232,4368,4096,9213,5468
REFERENCE_ollama,WKdm,0,0,233,4368,4096,9217,5461
REFERENCE_ollama,WKdm,0,0,234,4368,4096,9211,5456
REFERENCE_ollama,WKdm,0,0,235,4368,4096,9216,5447
REFERENCE_ollama,WKdm,0,0,236,4368,4096,9189,5461
REFERENCE_ollama,WKdm,0,0,237,3408,4096,8507,5462
REFERENCE_ollama,WKdm,0,0,238,4368,4096,9495,5470
REFERENCE_ollama,WKdm,0,0,239,4368,4096,9212,5464
REFERENCE_ollama,WKdm,0,0,240,4368,4096,14039,4861
REFERENCE_ollama,WKdm,0,0,241,4368,4096,9222,5458
REFERENCE_ollama,WKdm,0,0,242,4368,4096,9207,5461
REFERENCE_ollama,WKdm,0,0,243,4368,4096,9207,5447
REFERENCE_ollama,WKdm,0,0,244,856,4096,8722,7321
REFERENCE_ollama,WKdm,0,0,245,4368,4096,9203,5476
REFERENCE_ollama,WKdm,0,0,246,4368,4096,9198,5441
REFERENCE_ollama,WKdm,0,0,247,4368,4096,9197,5448
REFERENCE_ollama,WKdm,0,0,248,4368,4096,9185,5438
REFERENCE_ollama,WKdm,0,0,249,4368,4096,9210,5992
REFERENCE_ollama,WKdm,0,0,250,4368,4096,9265,5571
REFERENCE_ollama,WKdm,0,0,251,872,4096,8209,6492
REFERENCE_ollama,WKdm,0,0,252,4368,4096,9209,5468
REFERENCE_ollama,WKdm,0,0,253,4368,4096,9207,5435
REFERENCE_ollama,WKdm,0,0,254,4368,4096,9218,5450
REFERENCE_ollama,WKdm,0,0,255,4368,4096,9199,5460
REFERENCE_ollama,WKdm,0,0,256,4368,4096,9218,5466
REFERENCE_ollama,WKdm,0,0,257,4368,4096,9207,5465
REFERENCE_ollama,WKdm,0,0,258,4368,4096,9214,5480
REFERENCE_ollama,WKdm,0,0,259,4368,4096,9198,5471
REFERENCE_ollama,WKdm,0,0,260,4368,4096,9512,5481
REFERENCE_ollama,WKdm,0,0,261,4368,4096,9200,5465
REFERENCE_ollama,WKdm,0,0,262,4368,4096,9220,5454
REFERENCE_ollama,WKdm,0,0,263,4368,4096,9214,5464
REFERENCE_ollama,WKdm,0,0,264,4368,4096,9217,5472
REFERENCE_ollama,WKdm,0,0,265,708,4096,7005,5546
REFERENCE_ollama,WKdm,0,0,266,4368,4096,9221,5449
REFERENCE_ollama,WKdm,0,0,267,4368,4096,9210,5457
REFERENCE_ollama,WKdm,0,0,268,4368,4096,11608,5321
REFERENCE_ollama,WKdm,0,0,269,4368,4096,7884,4680
REFERENCE_ollama,WKdm,0,0,270,4368,4096,7908,4687
REFERENCE_ollama,WKdm,0,0,271,4368,4096,8155,4698
REFERENCE_ollama,WKdm,0,0,272,4368,4096,9236,5464
REFERENCE_ollama,WKdm,0,0,273,4368,4096,9200,5448
REFERENCE_ollama,WKdm,0,0,274,4368,4096,9191,5465
REFERENCE_ollama,WKdm,0,0,275,4368,4096,9185,5456
REFERENCE_ollama,WKdm,0,0,276,4368,4096,9212,5461
REFERENCE_ollama,WKdm,0,0,277,4368,4096,9215,5479
REFERENCE_ollama,WKdm,0,0,278,4368,4096,9182,5432
REFERENCE_ollama,WKdm,0,0,279,4368,4096,9205,5453
REFERENCE_ollama,WKdm,0,0,280,4368,4096,9230,5492
REFERENCE_ollama,WKdm,0,0,281,4368,4096,9229,5464
REFERENCE_ollama,WKdm,0,0,282,4368,4096,9222,5793
REFERENCE_ollama,WKdm,0,0,283,4372,4096,9282,5529
REFERENCE_ollama,WKdm,0,0,284,4368,4096,10895,4846
REFERENCE_ollama,WKdm,0,0,285,4368,4096,7923,4684
REFERENCE_ollama,WKdm,0,0,286,4368,4096,7897,4675
REFERENCE_ollama,WKdm,0,0,287,4368,4096,7915,4693
REFERENCE_ollama,WKdm,0,0,288,4372,4096,7972,4766
REFERENCE_ollama,WKdm,0,0,289,4368,4096,7888,4678
REFERENCE_ollama,WKdm,0,0,290,4368,4096,7874,4690
REFERENCE_ollama,WKdm,0,0,291,4368,4096,7900,4683
REFERENCE_ollama,WKdm,0,0,292,4368,4096,7897,4680
REFERENCE_ollama,WKdm,0,0,293,1092,4096,8615,6872
REFERENCE_ollama,WKdm,0,0,294,4368,4096,7925,4714
REFERENCE_ollama,WKdm,0,0,295,844,4096,7101,5649
REFERENCE_ollama,WKdm,0,0,296,4368,4096,7920,4706
REFERENCE_ollama,WKdm,0,0,297,4368,4096,7922,4690
REFERENCE_ollama,WKdm,0,0,298,4368,4096,7922,4691
REFERENCE_ollama,WKdm,0,0,299,1056,4096,7742,6029
REFERENCE_ollama,WKdm,0,0,300,4368,4096,7924,4732
REFERENCE_ollama,WKdm,0,0,301,4368,4096,7898,4679
REFERENCE_ollama,WKdm,0,0,302,1360,4096,6024,4567
REFERENCE_ollama,WKdm,0,0,303,4368,4096,12225,5461
REFERENCE_ollama,WKdm,0,0,304,4368,4096,9216,5470
REFERENCE_ollama,WKdm,0,0,305,4368,4096,9206,5463
REFERENCE_ollama,WKdm,0,0,306,3344,4096,8492,5443
REFERENCE_ollama,WKdm,0,0,307,4368,4096,9473,5458
REFERENCE_ollama,WKdm,0,0,308,4368,4096,9212,5453
REFERENCE_ollama,WKdm,0,0,309,4368,4096,9194,5443
REFERENCE_ollama,WKdm,0,0,310,4368,4096,9203,5431
REFERENCE_ollama,WKdm,0,0,311,4368,4096,9210,5473
REFERENCE_ollama,WKdm,0,0,312,4368,4096,9205,5456
REFERENCE_ollama,WKdm,0,0,313,4368,4096,9209,5450
REFERENCE_ollama,WKdm,0,0,314,4368,4096,9222,5474
REFERENCE_ollama,WKdm,0,0,315,4368,4096,11470,5152
REFERENCE_ollama,WKdm,0,0,316,4368,4096,7914,4683
REFERENCE_ollama,WKdm,0,0,317,4368,4096,7898,4679
REFERENCE_ollama,WKdm,0,0,318,4368,4096,8917,8352
REFERENCE_ollama,WKdm,0,0,319,4368,4096,9190,5445
REFERENCE_ollama,WKdm,0,0,320,4368,4096,9197,5468
REFERENCE_ollama,WKdm,0,0,321,4368,4096,9197,5455
REFERENCE_ollama,WKdm,0,0,322,4368,4096,9216,5469
REFERENCE_ollama,WKdm,0,0,323,4368,4096,9228,5433
REFERENCE_ollama,WKdm,0,0,324,936,4096,8617,6699
REFERENCE_ollama,WKdm,0,0,325,4368,4096,9224,5480
REFERENCE_ollama,WKdm,0,0,326,4368,4096,9197,5453
REFERENCE_ollama,WKdm,0,0,327,4368,4096,9198,5461
REFERENCE_ollama,WKdm,0,0,328,4368,4096,9230,5466
REFERENCE_ollama,WKdm,0,0,329,4368,4096,9215,5763
REFERENCE_ollama,WKdm,0,0,330,4368,4096,11252,5184
REFERENCE_ollama,WKdm,0,0,331,4368,4096,7910,4668
REFERENCE_ollama,WKdm,0,0,332,4368,4096,7896,4677
REFERENCE_ollama,WKdm,0,0,333,4368,4096,7897,4699
REFERENCE_ollama,WKdm,0,0,334,4368,4096,7904,4706
REFERENCE_ollama,WKdm,0,0,335,4368,4096,7868,4678
REFERENCE_ollama,WKdm,0,0,336,4368,4096,7881,4692
REFERENCE_ollama,WKdm,0,0,337,4368,4096,7884,4687
REFERENCE_ollama,WKdm,0,0,338,4368,4096,7892,4681
REFERENCE_ollama,WKdm,0,0,339,4368,4096,7915,4688
REFERENCE_ollama,WKdm,0,0,340,4368,4096,7893,4683
REFERENCE_ollama,WKdm,0,0,341,4368,4096,7912,4961
REFERENCE_ollama,WKdm,0,0,342,4368,4096,7912,4720
REFERENCE_ollama,WKdm,0,0,343,4368,4096,7893,4688
REFERENCE_ollama,WKdm,0,0,344,796,4096,6905,5485
REFERENCE_ollama,WKdm,0,0,345,4368,4096,7903,4728
REFERENCE_ollama,WKdm,0,0,346,4368,4096,7941,4690
REFERENCE_ollama,WKdm,0,0,347,4368,4096,7908,4709
REFERENCE_ollama,WKdm,0,0,348,4368,4096,7901,4701
REFERENCE_ollama,WKdm,0,0,349,4368,4096,7895,4693
REFERENCE_ollama,WKdm,0,0,350,4368,4096,7904,4687
REFERENCE_ollama,WKdm,0,0,351,4368,4096,7914,4700
REFERENCE_ollama,WKdm,0,0,352,4368,4096,7938,4682
REFERENCE_ollama,WKdm,0,0,353,4368,4096,7915,4671
REFERENCE_ollama,WKdm,0,0,354,4368,4096,7908,4923
REFERENCE_ollama,WKdm,0,0,355,4368,4096,7906,4704
REFERENCE_ollama,WKdm,0,0,356,4368,4096,7917,4693
REFERENCE_ollama,WKdm,0,0,357,4368,4096,7884,4677
REFERENCE_ollama,WKdm,0,0,358,4368,4096,7898,4680
REFERENCE_ollama,WKdm,0,0,359,4368,4096,7920,4670
REFERENCE_ollama,WKdm,0,0,360,4368,4096,7874,4686
REFERENCE_ollama,WKdm,0,0,361,4368,4096,7897,4683
REFERENCE_ollama,WKdm,0,0,362,4368,4096,7930,4683
REFERENCE_ollama,WKdm,0,0,363,4368,4096,7904,4692
REFERENCE_ollama,WKdm,0,0,364,4368,4096,7898,4687
REFERENCE_ollama,WKdm,0,0,365,4368,4096,7890,4670
REFERENCE_ollama,WKdm,0,0,366,4368,4096,7885,4683
REFERENCE_ollama,WKdm,0,0,367,4368,4096,7894,5124
REFERENCE_ollama,WKdm,0,0,368,880,4096,6706,5398
REFERENCE_ollama,WKdm,0,0,369,4368,4096,7919,4686
REFERENCE_ollama,WKdm,0,0,370,4368,4096,7901,4685
REFERENCE_ollama,WKdm,0,0,371,4368,4096,7914,4686
REFERENCE_ollama,WKdm,0,0,372,4368,4096,7916,4672
REFERENCE_ollama,WKdm,0,0,373,4368,4096,7903,4696
REFERENCE_ollama,WKdm,0,0,374,4368,4096,7903,4684
REFERENCE_ollama,WKdm,0,0,375,4368,4096,7910,4680
REFERENCE_ollama,WKdm,0,0,376,4368,4096,7897,4679
REFERENCE_ollama,WKdm,0,0,377,4368,4096,7902,4682
REFERENCE_ollama,WKdm,0,0,378,4368,4096,7920,4688
REFERENCE_ollama,WKdm,0,0,379,4368,4096,7897,4693
REFERENCE_ollama,WKdm,0,0,380,4368,4096,8146,4691
REFERENCE_ollama,WKdm,0,0,381,4368,4096,7911,4676
REFERENCE_ollama,WKdm,0,0,382,4368,4096,7893,4681
REFERENCE_ollama,WKdm,0,0,383,4368,4096,7891,4667
REFERENCE_ollama,WKdm,0,0,384,4368,4096,7897,4658
REFERENCE_ollama,WKdm,0,0,385,4368,4096,7910,4697
REFERENCE_ollama,WKdm,0,0,386,4368,4096,7906,4682
REFERENCE_ollama,WKdm,0,0,387,4368,4096,7900,4700
REFERENCE_ollama,WKdm,0,0,388,4368,4096,7902,4687
REFERENCE_ollama,WKdm,0,0,389,4368,4096,7883,4686
REFERENCE_ollama,WKdm,0,0,390,4368,4096,7896,4664
REFERENCE_ollama,WKdm,0,0,391,4368,4096,7927,4670
REFERENCE_ollama,WKdm,0,0,392,4368,4096,8151,4706
REFERENCE_ollama,WKdm,0,0,393,4368,4096,7888,4692
REFERENCE_ollama,WKdm,0,0,394,4368,4096,7927,4647
REFERENCE_ollama,WKdm,0,0,395,4368,4096,7914,4689
REFERENCE_ollama,WKdm,0,0,396,4368,4096,7888,4685
REFERENCE_ollama,WKdm,0,0,397,4368,4096,7893,4672
REFERENCE_ollama,WKdm,0,0,398,4368,4096,7899,4673
REFERENCE_ollama,WKdm,0,0,399,4368,4096,7912,4683
REFERENCE_ollama,WKdm,0,0,400,4368,4096,7920,4690
REFERENCE_ollama,WKdm,0,0,401,4368,4096,7912,4692
REFERENCE_ollama,WKdm,0,0,402,4368,4096,7906,4680
REFERENCE_ollama,WKdm,0,0,403,4368,4096,7900,4687
REFERENCE_ollama,WKdm,0,0,404,4368,4096,7901,4697
REFERENCE_ollama,WKdm,0,0,405,4368,4096,8360,4591
REFERENCE_ollama,WKdm,0,0,406,4368,4096,7881,4666
REFERENCE_ollama,WKdm,0,0,407,876,4096,6869,5533
REFERENCE_ollama,WKdm,0,0,408,4368,4096,7902,4690
REFERENCE_ollama,WKdm,0,0,409,4368,4096,7908,4701
REFERENCE_ollama,WKdm,0,0,410,4368,4096,7886,4719
REFERENCE_ollama,WKdm,0,0,411,4368,4096,7895,4692
REFERENCE_ollama,WKdm,0,0,412,4368,4096,7896,4686
REFERENCE_ollama,WKdm,0,0,413,4368,4096,7886,4683
REFERENCE_ollama,WKdm,0,0,414,4368,4096,7891,4674
REFERENCE_ollama,WKdm,0,0,415,4368,4096,7898,4684
REFERENCE_ollama,WKdm,0,0,416,4368,4096,7891,4679
REFERENCE_ollama,WKdm,0,0,417,4368,4096,7888,4673
REFERENCE_ollama,WKdm,0,0,418,4368,4096,7992,4938
REFERENCE_ollama,WKdm,0,0,419,4368,4096,7911,4698
REFERENCE_ollama,WKdm,0,0,420,4368,4096,7908,4677
REFERENCE_ollama,WKdm,0,0,421,4368,4096,7921,4687
REFERENCE_ollama,WKdm,0,0,422,4368,4096,7904,4653
REFERENCE_ollama,WKdm,0,0,423,4368,4096,7907,4685
REFERENCE_ollama,WKdm,0,0,424,4368,4096,7924,4685
REFERENCE_ollama,WKdm,0,0,425,4368,4096,7907,4685
REFERENCE_ollama,WKdm,0,0,426,4368,4096,7914,4676
REFERENCE_ollama,WKdm,0,0,427,4368,4096,7909,4694
REFERENCE_ollama,WKdm,0,0,428,4368,4096,7908,4709
REFERENCE_ollama,WKdm,0,0,429,4368,4096,7901,4682
REFERENCE_ollama,WKdm,0,0,430,4368,4096,7895,4690
REFERENCE_ollama,WKdm,0,0,431,4368,4096,7905,4956
REFERENCE_ollama,WKdm,0,0,432,4368,4096,7907,4687
REFERENCE_ollama,WKdm,0,0,433,4368,4096,7908,4696
REFERENCE_ollama,WKdm,0,0,434,4368,4096,7921,4693
REFERENCE_ollama,WKdm,0,0,435,4368,4096,7906,4689
REFERENCE_ollama,WKdm,0,0,436,4368,4096,7901,4675
REFERENCE_ollama,WKdm,0,0,437,4368,4096,7905,4678
REFERENCE_ollama,WKdm,0,0,438,4368,4096,7907,4673
REFERENCE_ollama,WKdm,0,0,439,852,4096,6997,5362
REFERENCE_ollama,WKdm,0,0,440,4368,4096,7898,4688
REFERENCE_ollama,WKdm,0,0,441,4368,4096,7917,4678
REFERENCE_ollama,WKdm,0,0,442,4368,4096,7922,4699
REFERENCE_ollama,WKdm,0,0,443,4372,4096,7966,4759
REFERENCE_ollama,WKdm,0,0,444,4368,4096,7934,5138
REFERENCE_ollama,WKdm,0,0,445,4368,4096,7897,4669
REFERENCE_ollama,WKdm,0,0,446,4368,4096,7909,4679
REFERENCE_ollama,WKdm,0,0,447,4368,4096,7897,4681
REFERENCE_ollama,WKdm,0,0,448,4368,4096,7914,4682
REFERENCE_ollama,WKdm,0,0,449,4368,4096,7889,4680
REFERENCE_ollama,WKdm,0,0,450,4368,4096,7897,4675
REFERENCE_ollama,WKdm,0,0,451,4368,4096,7910,4689
REFERENCE_ollama,WKdm,0,0,452,4368,4096,7903,4693
REFERENCE_ollama,WKdm,0,0,453,4368,4096,7907,4690
REFERENCE_ollama,WKdm,0,0,454,4368,4096,7930,4681
REFERENCE_ollama,WKdm,0,0,455,884,4096,7192,5644
REFERENCE_ollama,WKdm,0,0,456,4368,4096,7948,4703
REFERENCE_ollama,WKdm,0,0,457,4368,4096,7905,4696
REFERENCE_ollama,WKdm,0,0,458,4368,4096,7895,4703
REFERENCE_ollama,WKdm,0,0,459,4368,4096,7883,4680
REFERENCE_ollama,WKdm,0,0,460,4368,4096,7916,4689
REFERENCE_ollama,WKdm,0,0,461,4368,4096,7905,4680
REFERENCE_ollama,WKdm,0,0,462,4368,4096,7917,4701
REFERENCE_ollama,WKdm,0,0,463,1224,4096,9897,7554
REFERENCE_ollama,WKdm,0,0,464,4368,4096,7947,4716
REFERENCE_ollama,WKdm,0,0,465,4368,4096,7894,4694
REFERENCE_ollama,WKdm,0,0,466,4368,4096,7880,4668
REFERENCE_ollama,WKdm,0,0,467,4368,4096,7920,4690
REFERENCE_ollama,WKdm,0,0,468,4368,4096,7887,4692
REFERENCE_ollama,WKdm,0,0,469,4368,4096,8135,4705
REFERENCE_ollama,WKdm,0,0,470,4368,4096,7902,4696
REFERENCE_ollama,WKdm,0,0,471,4368,4096,7900,4684
REFERENCE_ollama,WKdm,0,0,472,4368,4096,7889,4680
REFERENCE_ollama,WKdm,0,0,473,964,4096,7964,6290
REFERENCE_ollama,WKdm,0,0,474,4368,4096,7907,4691
REFERENCE_ollama,WKdm,0,0,475,4368,4096,7927,4698
REFERENCE_ollama,WKdm,0,0,476,992,4096,7489,5788
REFERENCE_ollama,WKdm,0,0,477,376,4096,5507,4681
REFERENCE_ollama,WKdm,0,0,478,4368,4096,7937,4714
REFERENCE_ollama,WKdm,0,0,479,4368,4096,7940,4683
REFERENCE_ollama,WKdm,0,0,480,4368,4096,7935,4689
REFERENCE_ollama,WKdm,0,0,481,4368,4096,7929,4691
REFERENCE_ollama,WKdm,0,0,482,4368,4096,8365,4700
REFERENCE_ollama,WKdm,0,0,483,4368,4096,7943,4688
REFERENCE_ollama,WKdm,0,0,484,4368,4096,7966,4686
REFERENCE_ollama,WKdm,0,0,485,4368,4096,8006,4768
REFERENCE_ollama,WKdm,0,0,486,4368,4096,7951,4697
REFERENCE_ollama,WKdm,0,0,487,4368,4096,7933,4666
REFERENCE_ollama,WKdm,0,0,488,1028,4096,7665,6142
REFERENCE_ollama,WKdm,0,0,489,4368,4096,7921,4710
REFERENCE_ollama,WKdm,0,0,490,4368,4096,7915,4687
REFERENCE_ollama,WKdm,0,0,491,4372,4096,8002,4777
REFERENCE_ollama,WKdm,0,0,492,4368,4096,7904,4699
REFERENCE_ollama,WKdm,0,0,493,4368,4096,7903,4681
REFERENCE_ollama,WKdm,0,0,494,4368,4096,7924,4664
REFERENCE_ollama,WKdm,0,0,495,4368,4096,7787,4706
REFERENCE_ollama,WKdm,0,0,496,4368,4096,9996,4642
REFERENCE_ollama,WKdm,0,0,497,4368,4096,7380,4378
REFERENCE_ollama,WKdm,0,0,498,4368,4096,7378,4398
REFERENCE_ollama,WKdm,0,0,499,4368,4096,7382,4371
REFERENCE_ollama,WKdm,0,0,500,4368,4096,7374,4384
REFERENCE_ollama,WKdm,0,0,501,4368,4096,7370,4394
REFERENCE_ollama,WKdm,0,0,502,4368,4096,7380,4378
REFERENCE_ollama,WKdm,0,0,503,4368,4096,7367,4383
REFERENCE_ollama,WKdm,0,0,504,4368,4096,7360,4369
REFERENCE_ollama,WKdm,0,0,505,4368,4096,7382,4372
REFERENCE_ollama,WKdm,0,0,506,4368,4096,7370,4374
REFERENCE_ollama,WKdm,0,0,507,4368,4096,7385,4364
REFERENCE_ollama,WKdm,0,0,508,4368,4096,7623,4405
REFERENCE_ollama,WKdm,0,0,509,4368,4096,7392,4368
REFERENCE_ollama,WKdm,0,0,510,4368,4096,7363,4358
REFERENCE_ollama,WKdm,0,0,511,4368,4096,7382,4386
REFERENCE_ollama,WKdm,0,0,512,4368,4096,7383,4392
REFERENCE_ollama,WKdm,0,0,513,4368,4096,7392,4383
REFERENCE_ollama,WKdm,0,0,514,4368,4096,7371,4381
REFERENCE_ollama,WKdm,0,0,515,4368,4096,7376,4384
REFERENCE_ollama,WKdm,0,0,516,4368,4096,7368,4384
REFERENCE_ollama,WKdm,0,0,517,4368,4096,7392,4371
REFERENCE_ollama,WKdm,0,0,518,4368,4096,7360,4362
REFERENCE_ollama,WKdm,0,0,519,4368,4096,7380,4372
REFERENCE_ollama,WKdm,0,0,520,4368,4096,7379,4375
REFERENCE_ollama,WKdm,0,0,521,4368,4096,7382,4361
REFERENCE_ollama,WKdm,0,0,522,4368,4096,7375,4228
REFERENCE_ollama,WKdm,0,0,523,4368,4096,7372,4376
REFERENCE_ollama,WKdm,0,0,524,884,4096,6567,5204
REFERENCE_ollama,WKdm,0,0,525,4368,4096,7365,4386
REFERENCE_ollama,WKdm,0,0,526,4368,4096,7359,4366
REFERENCE_ollama,WKdm,0,0,527,4368,4096,7384,4374
REFERENCE_ollama,WKdm,0,0,528,4368,4096,7398,4385
REFERENCE_ollama,WKdm,0,0,529,4368,4096,7368,4378
REFERENCE_ollama,WKdm,0,0,530,4368,4096,7375,4364
REFERENCE_ollama,WKdm,0,0,531,872,4096,6554,5342
REFERENCE_ollama,WKdm,0,0,532,4368,4096,7406,4386
REFERENCE_ollama,WKdm,0,0,533,4368,4096,7389,4377
REFERENCE_ollama,WKdm,0,0,534,4368,4096,7390,4387
REFERENCE_ollama,WKdm,0,0,535,4368,4096,7589,4397
REFERENCE_ollama,WKdm,0,0,536,4368,4096,7914,4668
REFERENCE_ollama,WKdm,0,0,537,4368,4096,7886,4690
REFERENCE_ollama,WKdm,0,0,538,4368,4096,7897,4707
REFERENCE_ollama,WKdm,0,0,539,4368,4096,7908,4683
REFERENCE_ollama,WKdm,0,0,540,968,4096,7462,5837
REFERENCE_ollama,WKdm,0,0,541,4368,4096,7897,4710
REFERENCE_ollama,WKdm,0,0,542,4368,4096,7897,4693
REFERENCE_ollama,WKdm,0,0,543,4368,4096,7891,4657
REFERENCE_ollama,WKdm,0,0,544,4368,4096,7900,4664
REFERENCE_ollama,WKdm,0,0,545,4372,4096,7958,4750
REFERENCE_ollama,WKdm,0,0,546,4368,4096,7894,4683
REFERENCE_ollama,WKdm,0,0,547,4368,4096,7905,4670
REFERENCE_ollama,WKdm,0,0,548,4368,4096,8135,4691
REFERENCE_ollama,WKdm,0,0,549,4368,4096,7892,4678
REFERENCE_ollama,WKdm,0,0,550,3408,4096,6934,6547
REFERENCE_ollama,WKdm,0,0,551,4368,4096,7388,4407
REFERENCE_ollama,WKdm,0,0,552,4368,4096,7375,4369
REFERENCE_ollama,WKdm,0,0,553,4368,4096,7372,4384
REFERENCE_ollama,WKdm,0,0,554,4368,4096,7372,4388
REFERENCE_ollama,WKdm,0,0,555,4368,4096,7372,4361
REFERENCE_ollama,WKdm,0,0,556,4368,4096,7376,4369
REFERENCE_ollama,WKdm,0,0,557,4368,4096,7371,4372
REFERENCE_ollama,WKdm,0,0,558,1360,4096,5589,4273
REFERENCE_ollama,WKdm,0,0,559,4372,4096,7405,4404
REFERENCE_ollama,WKdm,0,0,560,4368,4096,7393,4364
REFERENCE_ollama,WKdm,0,0,561,4368,4096,7380,4376
REFERENCE_ollama,WKdm,0,0,562,4368,4096,7600,4386
REFERENCE_ollama,WKdm,0,0,563,4368,4096,7384,4371
REFERENCE_ollama,WKdm,0,0,564,4368,4096,7396,4362
REFERENCE_ollama,WKdm,0,0,565,4368,4096,7377,4367
REFERENCE_ollama,WKdm,0,0,566,4368,4096,7384,4381
REFERENCE_ollama,WKdm,0,0,567,4368,4096,7362,4393
REFERENCE_ollama,WKdm,0,0,568,4368,4096,7379,4385
REFERENCE_ollama,WKdm,0,0,569,4368,4096,7374,4369
REFERENCE_ollama,WKdm,0,0,570,4372,4096,7426,4414
REFERENCE_ollama,WKdm,0,0,571,4368,4096,7372,4388
REFERENCE_ollama,WKdm,0,0,572,4368,4096,7390,4359
REFERENCE_ollama,WKdm,0,0,573,4368,4096,7374,4387
REFERENCE_ollama,WKdm,0,0,574,4368,4096,7369,4381
REFERENCE_ollama,WKdm,0,0,575,4368,4096,7412,4623
REFERENCE_ollama,WKdm,0,0,576,4372,4096,7463,4484
REFERENCE_ollama,WKdm,0,0,577,4368,4096,7360,4394
REFERENCE_ollama,WKdm,0,0,578,4368,4096,7388,4387
REFERENCE_ollama,WKdm,0,0,579,4368,4096,7351,4367
REFERENCE_ollama,WKdm,0,0,580,4368,4096,7377,4388
REFERENCE_ollama,WKdm,0,0,581,4368,4096,7382,4370
REFERENCE_ollama,WKdm,0,0,582,4368,4096,7377,4378
REFERENCE_ollama,WKdm,0,0,583,4368,4096,7371,4370
REFERENCE_ollama,WKdm,0,0,584,4368,4096,7358,4387
REFERENCE_ollama,WKdm,0,0,585,4368,4096,7386,4371
REFERENCE_ollama,WKdm,0,0,586,4368,4096,7361,4366
REFERENCE_ollama,WKdm,0,0,587,4368,4096,7382,4378
REFERENCE_ollama,WKdm,0,0,588,4368,4096,7371,4380
REFERENCE_ollama,WKdm,0,0,589,4368,4096,7838,4574
REFERENCE_ollama,WKdm,0,0,590,4368,4096,7906,4679
REFERENCE_ollama,WKdm,0,0,591,4368,4096,7899,4696
REFERENCE_ollama,WKdm,0,0,592,4368,4096,7896,4694
REFERENCE_ollama,WKdm,0,0,593,4372,4096,7956,4720
REFERENCE_ollama,WKdm,0,0,594,4368,4096,7904,4683
REFERENCE_ollama,WKdm,0,0,595,4368,4096,7904,4702
REFERENCE_ollama,WKdm,0,0,596,4368,4096,7881,4688
REFERENCE_ollama,WKdm,0,0,597,4368,4096,7910,4681
REFERENCE_ollama,WKdm,0,0,598,4368,4096,7919,4697
REFERENCE_ollama,WKdm,0,0,599,4372,4096,7938,4709
REFERENCE_ollama,WKdm,0,0,600,4368,4096,7901,4690
REFERENCE_ollama,WKdm,0,0,601,4368,4096,7888,4673
REFERENCE_ollama,WKdm,0,0,602,4368,4096,8131,4696
REFERENCE_ollama,WKdm,0,0,603,4368,4096,7811,6779
REFERENCE_ollama,WKdm,0,0,604,1020,4096,6844,5473
REFERENCE_ollama,WKdm,0,0,605,4368,4096,7403,4394
REFERENCE_ollama,WKdm,0,0,606,4368,4096,7392,4361
REFERENCE_ollama,WKdm,0,0,607,4368,4096,7400,4379
REFERENCE_ollama,WKdm,0,0,608,4368,4096,7383,4378
REFERENCE_ollama,WKdm,0,0,609,4368,4096,7395,4366
REFERENCE_ollama,WKdm,0,0,610,4368,4096,7413,4383
REFERENCE_ollama,WKdm,0,0,611,4368,4096,7384,4391
REFERENCE_ollama,WKdm,0,0,612,4368,4096,7394,4388
REFERENCE_ollama,WKdm,0,0,613,4368,4096,7399,4376
REFERENCE_ollama,WKdm,0,0,614,4368,4096,7401,4371
REFERENCE_ollama,WKdm,0,0,615,4368,4096,7629,4405
REFERENCE_ollama,WKdm,0,0,616,4368,4096,7388,4384
REFERENCE_ollama,WKdm,0,0,617,4368,4096,7381,4382
REFERENCE_ollama,WKdm,0,0,618,4368,4096,7388,4377
REFERENCE_ollama,WKdm,0,0,619,4368,4096,7375,4375
REFERENCE_ollama,WKdm,0,0,620,4368,4096,7384,4371
REFERENCE_ollama,WKdm,0,0,621,4368,4096,7382,4369
REFERENCE_ollama,WKdm,0,0,622,4368,4096,7393,4386
REFERENCE_ollama,WKdm,0,0,623,4368,4096,7368,4374
REFERENCE_ollama,WKdm,0,0,624,4368,4096,7392,4369
REFERENCE_ollama,WKdm,0,0,625,4368,4096,7362,4375
REFERENCE_ollama,WKdm,0,0,626,4368,4096,7377,4391
REFERENCE_ollama,WKdm,0,0,627,4368,4096,7383,4382
REFERENCE_ollama,WKdm,0,0,628,4368,4096,7384,4380
REFERENCE_ollama,WKdm,0,0,629,3408,4096,6637,4366
REFERENCE_ollama,WKdm,0,0,630,4372,4096,7421,4419
REFERENCE_ollama,WKdm,0,0,631,3344,4096,6810,4403
REFERENCE_ollama,WKdm,0,0,632,4368,4096,7370,4380
REFERENCE_ollama,WKdm,0,0,633,4368,4096,7389,4378
REFERENCE_ollama,WKdm,0,0,634,4368,4096,7374,4381
REFERENCE_ollama,WKdm,0,0,635,4368,4096,7366,4380
REFERENCE_ollama,WKdm,0,0,636,880,4096,6450,5133
REFERENCE_ollama,WKdm,0,0,637,4368,4096,7407,4398
REFERENCE_ollama,WKdm,0,0,638,4368,4096,7367,4380
REFERENCE_ollama,WKdm,0,0,639,4368,4096,7392,4358
REFERENCE_ollama,WKdm,0,0,640,4368,4096,7401,4376
REFERENCE_ollama,WKdm,0,0,641,4368,4096,7372,4357
REFERENCE_ollama,WKdm,0,0,642,4368,4096,7382,4352
REFERENCE_ollama,WKdm,0,0,643,1360,4096,5678,7810
REFERENCE_ollama,WKdm,0,0,644,4368,4096,7908,4704
REFERENCE_ollama,WKdm,0,0,645,4368,4096,7903,4656
REFERENCE_ollama,WKdm,0,0,646,4368,4096,7898,4673
REFERENCE_ollama,WKdm,0,0,647,4368,4096,7899,4689
REFERENCE_ollama,WKdm,0,0,648,4368,4096,7934,4691
REFERENCE_ollama,WKdm,0,0,649,872,4096,6892,5580
REFERENCE_ollama,WKdm,0,0,650,4368,4096,7915,4705
REFERENCE_ollama,WKdm,0,0,651,4368,4096,7899,4687
REFERENCE_ollama,WKdm,0,0,652,4368,4096,7911,4692
REFERENCE_ollama,WKdm,0,0,653,4368,4096,7900,4695
REFERENCE_ollama,WKdm,0,0,654,4368,4096,7900,4692
REFERENCE_ollama,WKdm,0,0,655,4368,4096,8169,4747
REFERENCE_ollama,WKdm,0,0,656,4368,4096,7903,4691
REFERENCE_ollama,WKdm,0,0,657,4368,4096,9780,4522
REFERENCE_ollama,WKdm,0,0,658,1152,4096,7388,6045
REFERENCE_ollama,WKdm,0,0,659,4368,4096,7380,4386
REFERENCE_ollama,WKdm,0,0,660,4368,4096,7370,4378
REFERENCE_ollama,WKdm,0,0,661,4368,4096,7355,4400
REFERENCE_ollama,WKdm,0,0,662,4368,4096,7378,4368
REFERENCE_ollama,WKdm,0,0,663,4368,4096,7364,4363
REFERENCE_ollama,WKdm,0,0,664,4368,4096,7383,4364
REFERENCE_ollama,WKdm,0,0,665,4368,4096,7377,4416
REFERENCE_ollama,WKdm,0,0,666,3408,4096,6819,4345
REFERENCE_ollama,WKdm,0,0,667,4368,4096,7374,4377
REFERENCE_ollama,WKdm,0,0,668,4368,4096,7367,4388
REFERENCE_ollama,WKdm,0,0,669,4368,4096,10906,4851
REFERENCE_ollama,WKdm,0,0,670,4368,4096,7908,4692
REFERENCE_ollama,WKdm,0,0,671,4368,4096,7878,4695
REFERENCE_ollama,WKdm,0,0,672,4368,4096,7906,4687
REFERENCE_ollama,WKdm,0,0,673,4232,4096,8999,5572
REFERENCE_ollama,WKdm,0,0,674,4368,4096,7890,4681
REFERENCE_ollama,WKdm,0,0,675,4368,4096,7898,4685
REFERENCE_ollama,WKdm,0,0,676,4368,4096,7895,4673
REFERENCE_ollama,WKdm,0,0,677,4368,4096,7928,4677
REFERENCE_ollama,WKdm,0,0,678,4368,4096,7915,4683
REFERENCE_ollama,WKdm,0,0,679,4368,4096,7901,4691
REFERENCE_ollama,WKdm,0,0,680,4368,4096,7884,4680
REFERENCE_ollama,WKdm,0,0,681,4368,4096,8142,4709
REFERENCE_ollama,WKdm,0,0,682,4368,4096,7887,4665
REFERENCE_ollama,WKdm,0,0,683,4368,4096,9619,4362
REFERENCE_ollama,WKdm,0,0,684,4368,4096,7378,4370
REFERENCE_ollama,WKdm,0,0,685,4368,4096,7388,4368
REFERENCE_ollama,WKdm,0,0,686,4368,4096,7379,4370
REFERENCE_ollama,WKdm,0,0,687,4368,4096,7371,4391
REFERENCE_ollama,WKdm,0,0,688,4368,4096,7368,4377
REFERENCE_ollama,WKdm,0,0,689,4368,4096,7363,4367
REFERENCE_ollama,WKdm,0,0,690,4368,4096,7369,4379
REFERENCE_ollama,WKdm,0,0,691,4368,4096,7381,4386
REFERENCE_ollama,WKdm,0,0,692,4368,4096,7373,4378
REFERENCE_ollama,WKdm,0,0,693,4368,4096,7371,4375
REFERENCE_ollama,WKdm,0,0,694,4368,4096,7385,4366
REFERENCE_ollama,WKdm,0,0,695,4368,4096,11141,4645
REFERENCE_ollama,WKdm,0,0,696,4368,4096,7879,4686
REFERENCE_ollama,WKdm,0,0,697,4368,4096,7883,4667
REFERENCE_ollama,WKdm,0,0,698,4368,4096,7905,4674
REFERENCE_ollama,WKdm,0,0,699,4368,4096,7914,4681
REFERENCE_ollama,WKdm,0,0,700,4368,4096,7898,4674
REFERENCE_ollama,WKdm,0,0,701,4368,4096,7894,4690
REFERENCE_ollama,WKdm,0,0,702,4368,4096,7874,4680
REFERENCE_ollama,WKdm,0,0,703,4368,4096,7904,4678
REFERENCE_ollama,WKdm,0,0,704,4368,4096,7901,4716
REFERENCE_ollama,WKdm,0,0,705,4368,4096,7887,4676
REFERENCE_ollama,WKdm,0,0,706,4368,4096,7886,4706
REFERENCE_ollama,WKdm,0,0,707,4368,4096,7776,4713
REFERENCE_ollama,WKdm,0,0,708,4368,4096,7897,4680
REFERENCE_ollama,WKdm,0,0,709,4368,4096,7890,4678
REFERENCE_ollama,WKdm,0,0,710,4368,4096,7931,4702
REFERENCE_ollama,WKdm,0,0,711,4368,4096,7892,4682
REFERENCE_ollama,WKdm,0,0,712,4368,4096,7903,4684
REFERENCE_ollama,WKdm,0,0,713,4368,4096,7893,4699
REFERENCE_ollama,WKdm,0,0,714,4368,4096,7910,4685
REFERENCE_ollama,WKdm,0,0,715,4368,4096,7897,4697
REFERENCE_ollama,WKdm,0,0,716,4368,4096,7875,4677
REFERENCE_ollama,WKdm,0,0,717,4368,4096,7918,4663
REFERENCE_ollama,WKdm,0,0,718,4368,4096,7900,4689
REFERENCE_ollama,WKdm,0,0,719,4368,4096,7879,4690
REFERENCE_ollama,WKdm,0,0,720,4368,4096,8155,4696
REFERENCE_ollama,WKdm,0,0,721,4368,4096,8003,4739
REFERENCE_ollama,WKdm,0,0,722,852,4096,6958,5684
REFERENCE_ollama,WKdm,0,0,723,4368,4096,7919,4680
REFERENCE_ollama,WKdm,0,0,724,4368,4096,7909,4686
REFERENCE_ollama,WKdm,0,0,725,4368,4096,7889,4676
REFERENCE_ollama,WKdm,0,0,726,4368,4096,7878,4678
REFERENCE_ollama,WKdm,0,0,727,4372,4096,7985,4748
REFERENCE_ollama,WKdm,0,0,728,4368,4096,7900,4697
REFERENCE_ollama,WKdm,0,0,729,4368,4096,7902,4705
REFERENCE_ollama,WKdm,0,0,730,4368,4096,7909,4687
REFERENCE_ollama,WKdm,0,0,731,4368,4096,7901,4694
REFERENCE_ollama,WKdm,0,0,732,4368,4096,7879,4699
REFERENCE_ollama,WKdm,0,0,733,4368,4096,7931,5096
REFERENCE_ollama,WKdm,0,0,734,4368,4096,7868,4689
REFERENCE_ollama,WKdm,0,0,735,4368,4096,7910,4685
REFERENCE_ollama,WKdm,0,0,736,4368,4096,7902,4664
REFERENCE_ollama,WKdm,0,0,737,4368,4096,7894,4681
REFERENCE_ollama,WKdm,0,0,738,4368,4096,7898,4686
REFERENCE_ollama,WKdm,0,0,739,4368,4096,7923,4686
REFERENCE_ollama,WKdm,0,0,740,4368,4096,7909,4675
REFERENCE_ollama,WKdm,0,0,741,868,4096,6860,5545
REFERENCE_ollama,WKdm,0,0,742,4368,4096,7918,4700
REFERENCE_ollama,WKdm,0,0,743,4368,4096,7922,4702
REFERENCE_ollama,WKdm,0,0,744,4368,4096,7910,4655
REFERENCE_ollama,WKdm,0,0,745,4368,4096,7925,4699
REFERENCE_ollama,WKdm,0,0,746,4368,4096,7905,4942
REFERENCE_ollama,WKdm,0,0,747,888,4096,7022,5691
REFERENCE_ollama,WKdm,0,0,748,4368,4096,7912,4683
REFERENCE_ollama,WKdm,0,0,749,4368,4096,7898,4700
REFERENCE_ollama,WKdm,0,0,750,4368,4096,7958,4689
REFERENCE_ollama,WKdm,0,0,751,4368,4096,7920,4695
REFERENCE_ollama,WKdm,0,0,752,4368,4096,7917,4714
REFERENCE_ollama,WKdm,0,0,753,4368,4096,7895,4708
REFERENCE_ollama,WKdm,0,0,754,4368,4096,7903,4671
REFERENCE_ollama,WKdm,0,0,755,4368,4096,7902,4695
REFERENCE_ollama,WKdm,0,0,756,4368,4096,7932,4702
REFERENCE_ollama,WKdm,0,0,757,4368,4096,7902,4718
REFERENCE_ollama,WKdm,0,0,758,1360,4096,6026,4605
REFERENCE_ollama,WKdm,0,0,759,4368,4096,7919,4944
REFERENCE_ollama,WKdm,0,0,760,4368,4096,7879,4692
REFERENCE_ollama,WKdm,0,0,761,4368,4096,7912,4718
REFERENCE_ollama,WKdm,0,0,762,4368,4096,7891,4696
REFERENCE_ollama,WKdm,0,0,763,4368,4096,7899,4691
REFERENCE_ollama,WKdm,0,0,764,4368,4096,7897,4708
REFERENCE_ollama,WKdm,0,0,765,4368,4096,7887,4704
REFERENCE_ollama,WKdm,0,0,766,4368,4096,7885,4706
REFERENCE_ollama,WKdm,0,0,767,4368,4096,7908,4704
REFERENCE_ollama,WKdm,0,0,768,4368,4096,7910,4684
REFERENCE_ollama,WKdm,0,0,769,4368,4096,7895,4689
REFERENCE_ollama,WKdm,0,0,770,4368,4096,7904,4699
REFERENCE_ollama,WKdm,0,0,771,4368,4096,7899,4700
REFERENCE_ollama,WKdm,0,0,772,4368,4096,7918,4680
REFERENCE_ollama,WKdm,0,0,773,4372,4096,7976,4716
REFERENCE_ollama,WKdm,0,0,774,4368,4096,7893,4701
REFERENCE_ollama,WKdm,0,0,775,4368,4096,7912,4665
REFERENCE_ollama,WKdm,0,0,776,4368,4096,11468,4987
REFERENCE_ollama,WKdm,0,0,777,4368,4096,9200,5456
REFERENCE_ollama,WKdm,0,0,778,4368,4096,9199,5465
REFERENCE_ollama,WKdm,0,0,779,4368,4096,9196,5464
REFERENCE_ollama,WKdm,0,0,780,4368,4096,9213,5464
REFERENCE_ollama,WKdm,0,0,781,1040,4096,9009,6849
REFERENCE_ollama,WKdm,0,0,782,4368,4096,9211,5497
REFERENCE_ollama,WKdm,0,0,783,4368,4096,9508,5481
REFERENCE_ollama,WKdm,0,0,784,4368,4096,9213,5463
REFERENCE_ollama,WKdm,0,0,785,4368,4096,9217,5471
REFERENCE_ollama,WKdm,0,0,786,4368,4096,9201,5461
REFERENCE_ollama,WKdm,0,0,787,4368,4096,11049,5017
REFERENCE_ollama,WKdm,0,0,788,4368,4096,7914,4720
REFERENCE_ollama,WKdm,0,0,789,4368,4096,7894,4693
REFERENCE_ollama,WKdm,0,0,790,4368,4096,7897,4692
REFERENCE_ollama,WKdm,0,0,791,4368,4096,7893,4691
REFERENCE_ollama,WKdm,0,0,792,4372,4096,7944,4728
REFERENCE_ollama,WKdm,0,0,793,4368,4096,7911,4685
REFERENCE_ollama,WKdm,0,0,794,4368,4096,7904,4708
REFERENCE_ollama,WKdm,0,0,795,4368,4096,8125,4705
REFERENCE_ollama,WKdm,0,0,796,4368,4096,12320,5468
REFERENCE_ollama,WKdm,0,0,797,4368,4096,9201,5487
REFERENCE_ollama,WKdm,0,0,798,4368,4096,9201,5484
REFERENCE_ollama,WKdm,0,0,799,4368,4096,9191,5451
REFERENCE_ollama,WKdm,0,0,800,4368,4096,9209,5447
REFERENCE_ollama,WKdm,0,0,801,4368,4096,9231,5461
REFERENCE_ollama,WKdm,0,0,802,4368,4096,9216,5468
REFERENCE_ollama,WKdm,0,0,803,4368,4096,9207,5476
REFERENCE_ollama,WKdm,0,0,804,4368,4096,9194,5465
REFERENCE_ollama,WKdm,0,0,805,1052,4096,8251,6491
REFERENCE_ollama,WKdm,0,0,806,4368,4096,9527,5471
REFERENCE_ollama,WKdm,0,0,807,4368,4096,11666,5309
REFERENCE_ollama,WKdm,0,0,808,4368,4096,7891,4684
REFERENCE_ollama,WKdm,0,0,809,4368,4096,7896,4684
REFERENCE_ollama,WKdm,0,0,810,4368,4096,7915,4694
REFERENCE_ollama,WKdm,0,0,811,4368,4096,7885,4691
REFERENCE_ollama,WKdm,0,0,812,4368,4096,7891,4689
REFERENCE_ollama,WKdm,0,0,813,4368,4096,7886,4674
REFERENCE_ollama,WKdm,0,0,814,4368,4096,11588,5029
REFERENCE_ollama,WKdm,0,0,815,4368,4096,9181,5445
REFERENCE_ollama,WKdm,0,0,816,4368,4096,9200,5459
REFERENCE_ollama,WKdm,0,0,817,4368,4096,9198,5480
REFERENCE_ollama,WKdm,0,0,818,4368,4096,9481,5454
REFERENCE_ollama,WKdm,0,0,819,4368,4096,9218,5462
REFERENCE_ollama,WKdm,0,0,820,4368,4096,9226,5448
REFERENCE_ollama,WKdm,0,0,821,4368,4096,9204,5436
REFERENCE_ollama,WKdm,0,0,822,4368,4096,9210,5464
REFERENCE_ollama,WKdm,0,0,823,4368,4096,9206,5474
REFERENCE_ollama,WKdm,0,0,824,4368,4096,9193,5475
REFERENCE_ollama,WKdm,0,0,825,732,4096,8400,9365
REFERENCE_ollama,WKdm,0,0,826,4368,4096,7948,4696
REFERENCE_ollama,WKdm,0,0,827,4368,4096,7910,4696
REFERENCE_ollama,WKdm,0,0,828,4368,4096,7891,4676
REFERENCE_ollama,WKdm,0,0,829,4368,4096,8140,4715
REFERENCE_ollama,WKdm,0,0,830,4368,4096,7887,4708
REFERENCE_ollama,WKdm,0,0,831,4368,4096,7899,4693
REFERENCE_ollama,WKdm,0,0,832,4368,4096,7879,4678
REFERENCE_ollama,WKdm,0,0,833,4368,4096,7910,4662
REFERENCE_ollama,WKdm,0,0,834,4368,4096,7897,4691
REFERENCE_ollama,WKdm,0,0,835,4368,4096,11285,4857
REFERENCE_ollama,WKdm,0,0,836,4368,4096,9219,5475
REFERENCE_ollama,WKdm,0,0,837,4368,4096,9201,5463
REFERENCE_ollama,WKdm,0,0,838,4368,4096,9190,5464
REFERENCE_ollama,WKdm,0,0,839,4368,4096,9228,5467
REFERENCE_ollama,WKdm,0,0,840,4368,4096,9231,5465
REFERENCE_ollama,WKdm,0,0,841,4368,4096,9466,5465
REFERENCE_ollama,WKdm,0,0,842,4368,4096,9229,5452
REFERENCE_ollama,WKdm,0,0,843,4368,4096,9254,5471
REFERENCE_ollama,WKdm,0,0,844,4368,4096,9214,5458
REFERENCE_ollama,WKdm,0,0,845,4368,4096,9194,5465
REFERENCE_ollama,WKdm,0,0,846,4368,4096,11369,5154
REFERENCE_ollama,WKdm,0,0,847,4368,4096,7869,4676
REFERENCE_ollama,WKdm,0,0,848,4368,4096,7892,4686
REFERENCE_ollama,WKdm,0,0,849,4368,4096,7904,4696
REFERENCE_ollama,WKdm,0,0,850,4368,4096,7899,4682
REFERENCE_ollama,WKdm,0,0,851,4368,4096,7901,4672
REFERENCE_ollama,WKdm,0,0,852,2044,4096,9169,6313
REFERENCE_ollama,WKdm,0,0,853,4368,4096,7956,4719
REFERENCE_ollama,WKdm,0,0,854,4368,4096,7913,4686
REFERENCE_ollama,WKdm,0,0,855,4368,4096,7901,4686
REFERENCE_ollama,WKdm,0,0,856,4368,4096,7919,4697
REFERENCE_ollama,WKdm,0,0,857,4368,4096,7887,4678
REFERENCE_ollama,WKdm,0,0,858,4368,4096,7903,4679
REFERENCE_ollama,WKdm,0,0,859,4368,4096,7914,4669
REFERENCE_ollama,WKdm,0,0,860,4368,4096,7920,4696
REFERENCE_ollama,WKdm,0,0,861,4368,4096,7894,4696
REFERENCE_ollama,WKdm,0,0,862,4368,4096,7908,4691
REFERENCE_ollama,WKdm,0,0,863,4368,4096,7882,4686
REFERENCE_ollama,WKdm,0,0,864,852,4096,7288,5985
REFERENCE_ollama,WKdm,0,0,865,4368,4096,8367,4732
REFERENCE_ollama,WKdm,0,0,866,4368,4096,7912,4692
REFERENCE_ollama,WKdm,0,0,867,4368,4096,7917,4688
REFERENCE_ollama,WKdm,0,0,868,4368,4096,7883,4696
REFERENCE_ollama,WKdm,0,0,869,4368,4096,7895,4691
REFERENCE_ollama,WKdm,0,0,870,4368,4096,7914,4704
REFERENCE_ollama,WKdm,0,0,871,4368,4096,7916,4732
REFERENCE_ollama,WKdm,0,0,872,4368,4096,7886,4691
REFERENCE_ollama,WKdm,0,0,873,4368,4096,7893,4698
REFERENCE_ollama,WKdm,0,0,874,4368,4096,7920,4701
REFERENCE_ollama,WKdm,0,0,875,4368,4096,7884,4699
REFERENCE_ollama,WKdm,0,0,876,4368,4096,7906,4704
REFERENCE_ollama,WKdm,0,0,877,4368,4096,7916,4683
REFERENCE_ollama,WKdm,0,0,878,4368,4096,7898,4505
REFERENCE_ollama,WKdm,0,0,879,972,4096,7297,5831
REFERENCE_ollama,WKdm,0,0,880,4368,4096,7906,4698
REFERENCE_ollama,WKdm,0,0,881,4368,4096,7903,4705
REFERENCE_ollama,WKdm,0,0,882,4368,4096,7937,4703
REFERENCE_ollama,WKdm,0,0,883,4368,4096,7925,4684
REFERENCE_ollama,WKdm,0,0,884,4368,4096,7915,4683
REFERENCE_ollama,WKdm,0,0,885,4368,4096,7916,4705
REFERENCE_ollama,WKdm,0,0,886,4368,4096,7921,4686
REFERENCE_ollama,WKdm,0,0,887,4368,4096,7907,4696
REFERENCE_ollama,WKdm,0,0,888,4368,4096,7899,4681
REFERENCE_ollama,WKdm,0,0,889,4368,4096,7925,4668
REFERENCE_ollama,WKdm,0,0,890,4368,4096,7906,4699
REFERENCE_ollama,WKdm,0,0,891,4368,4096,8123,4714
REFERENCE_ollama,WKdm,0,0,892,4368,4096,7904,4667
REFERENCE_ollama,WKdm,0,0,893,4368,4096,7912,4668
REFERENCE_ollama,WKdm,0,0,894,4368,4096,7889,4674
REFERENCE_ollama,WKdm,0,0,895,4368,4096,7907,4678
REFERENCE_ollama,WKdm,0,0,896,4368,4096,7895,4687
REFERENCE_ollama,WKdm,0,0,897,4368,4096,7914,4685
REFERENCE_ollama,WKdm,0,0,898,4368,4096,7895,4677
REFERENCE_ollama,WKdm,0,0,899,4368,4096,7886,4680
REFERENCE_ollama,WKdm,0,0,900,4368,4096,7886,4671
REFERENCE_ollama,WKdm,0,0,901,4368,4096,7900,4702
REFERENCE_ollama,WKdm,0,0,902,4368,4096,7889,4706
REFERENCE_ollama,WKdm,0,0,903,4368,4096,7908,4680
REFERENCE_ollama,WKdm,0,0,904,4368,4096,8136,4709
REFERENCE_ollama,WKdm,0,0,905,4368,4096,7884,4700
REFERENCE_ollama,WKdm,0,0,906,4368,4096,7910,4687
REFERENCE_ollama,WKdm,0,0,907,4368,4096,7894,4694
REFERENCE_ollama,WKdm,0,0,908,4368,4096,7929,4683
REFERENCE_ollama,WKdm,0,0,909,4368,4096,7895,4697
REFERENCE_ollama,WKdm,0,0,910,4368,4096,7929,4693
REFERENCE_ollama,WKdm,0,0,911,4368,4096,7917,4698
REFERENCE_ollama,WKdm,0,0,912,4368,4096,7891,4666
REFERENCE_ollama,WKdm,0,0,913,4368,4096,7901,4677
REFERENCE_ollama,WKdm,0,0,914,4368,4096,7922,4678
REFERENCE_ollama,WKdm,0,0,915,4368,4096,7927,4690
REFERENCE_ollama,WKdm,0,0,916,4368,4096,7887,4982
REFERENCE_ollama,WKdm,0,0,917,4368,4096,7898,4692
REFERENCE_ollama,WKdm,0,0,918,4368,4096,7906,4684
REFERENCE_ollama,WKdm,0,0,919,4368,4096,7913,4679
REFERENCE_ollama,WKdm,0,0,920,4368,4096,7912,4707
REFERENCE_ollama,WKdm,0,0,921,4368,4096,7887,4682
REFERENCE_ollama,WKdm,0,0,922,4368,4096,7902,4683
REFERENCE_ollama,WKdm,0,0,923,4368,4096,7895,4681
REFERENCE_ollama,WKdm,0,0,924,4368,4096,7902,4668
REFERENCE_ollama,WKdm,0,0,925,4368,4096,7903,4683
REFERENCE_ollama,WKdm,0,0,926,4368,4096,7905,4675
REFERENCE_ollama,WKdm,0,0,927,4368,4096,7906,4688
REFERENCE_ollama,WKdm,0,0,928,4368,4096,7906,4699
REFERENCE_ollama,WKdm,0,0,929,4368,4096,8138,4684
REFERENCE_ollama,WKdm,0,0,930,4368,4096,7917,4684
REFERENCE_ollama,WKdm,0,0,931,4368,4096,7916,4714
REFERENCE_ollama,WKdm,0,0,932,4368,4096,7912,4713
REFERENCE_ollama,WKdm,0,0,933,4368,4096,7889,4676
REFERENCE_ollama,WKdm,0,0,934,4368,4096,7894,4697
REFERENCE_ollama,WKdm,0,0,935,4368,4096,7895,4710
REFERENCE_ollama,WKdm,0,0,936,4368,4096,7908,4730
REFERENCE_ollama,WKdm,0,0,937,4368,4096,7898,4701
REFERENCE_ollama,WKdm,0,0,938,4368,4096,7888,4670
REFERENCE_ollama,WKdm,0,0,939,4368,4096,7882,4690
REFERENCE_ollama,WKdm,0,0,940,4368,4096,7893,4685
REFERENCE_ollama,WKdm,0,0,941,4368,4096,7912,4696
REFERENCE_ollama,WKdm,0,0,942,4368,4096,8148,4688
REFERENCE_ollama,WKdm,0,0,943,4368,4096,7919,4676
REFERENCE_ollama,WKdm,0,0,944,4368,4096,7888,4682
REFERENCE_ollama,WKdm,0,0,945,4368,4096,7896,4681
REFERENCE_ollama,WKdm,0,0,946,4368,4096,7898,4679
REFERENCE_ollama,WKdm,0,0,947,4368,4096,7898,4682
REFERENCE_ollama,WKdm,0,0,948,4368,4096,7893,4673
REFERENCE_ollama,WKdm,0,0,949,4368,4096,7889,4683
REFERENCE_ollama,WKdm,0,0,950,4364,4096,8033,4766
REFERENCE_ollama,WKdm,0,0,951,4368,4096,7902,4694
REFERENCE_ollama,WKdm,0,0,952,4368,4096,7885,4700
REFERENCE_ollama,WKdm,0,0,953,4368,4096,7889,4680
REFERENCE_ollama,WKdm,0,0,954,4368,4096,7888,4701
REFERENCE_ollama,WKdm,0,0,955,4368,4096,8141,4698
REFERENCE_ollama,WKdm,0,0,956,4368,4096,7890,4673
REFERENCE_ollama,WKdm,0,0,957,4368,4096,7904,4687
REFERENCE_ollama,WKdm,0,0,958,4368,4096,7924,4682
REFERENCE_ollama,WKdm,0,0,959,2024,4096,9574,6479
REFERENCE_ollama,WKdm,0,0,960,4368,4096,7908,4711
REFERENCE_ollama,WKdm,0,0,961,4368,4096,7890,4682
REFERENCE_ollama,WKdm,0,0,962,4368,4096,7922,4680
REFERENCE_ollama,WKdm,0,0,963,4368,4096,7898,4712
REFERENCE_ollama,WKdm,0,0,964,4368,4096,7901,4679
REFERENCE_ollama,WKdm,0,0,965,4368,4096,7911,4694
REFERENCE_ollama,WKdm,0,0,966,4368,4096,7900,4706
REFERENCE_ollama,WKdm,0,0,967,4368,4096,7878,4690
REFERENCE_ollama,WKdm,0,0,968,4368,4096,8188,4705
REFERENCE_ollama,WKdm,0,0,969,4368,4096,7895,4670
REFERENCE_ollama,WKdm,0,0,970,4368,4096,7915,4671
REFERENCE_ollama,WKdm,0,0,971,4364,4096,7993,4769
REFERENCE_ollama,WKdm,0,0,972,4368,4096,7926,4682
REFERENCE_ollama,WKdm,0,0,973,4368,4096,7937,4690
REFERENCE_ollama,WKdm,0,0,974,872,4096,7214,5625
REFERENCE_ollama,WKdm,0,0,975,4368,4096,7935,4705
REFERENCE_ollama,WKdm,0,0,976,4368,4096,7930,4714
REFERENCE_ollama,WKdm,0,0,977,4368,4096,7913,4684
REFERENCE_ollama,WKdm,0,0,978,4368,4096,7930,4693
REFERENCE_ollama,WKdm,0,0,979,4368,4096,7905,4712
REFERENCE_ollama,WKdm,0,0,980,4368,4096,8132,4707
REFERENCE_ollama,WKdm,0,0,981,4368,4096,8049,4802
REFERENCE_ollama,WKdm,0,0,982,4368,4096,7932,4694
REFERENCE_ollama,WKdm,0,0,983,4368,4096,7931,4688
REFERENCE_ollama,WKdm,0,0,984,4368,4096,7917,4670
REFERENCE_ollama,WKdm,0,0,985,4368,4096,7938,4678
REFERENCE_ollama,WKdm,0,0,986,1060,4096,7627,5960
REFERENCE_ollama,WKdm,0,0,987,4368,4096,7937,4717
REFERENCE_ollama,WKdm,0,0,988,4372,4096,8009,4750
REFERENCE_ollama,WKdm,0,0,989,4368,4096,7933,4711
REFERENCE_ollama,WKdm,0,0,990,4368,4096,7939,4677
REFERENCE_ollama,WKdm,0,0,991,4368,4096,7936,4691
REFERENCE_ollama,WKdm,0,0,992,4368,4096,7929,4687
REFERENCE_ollama,WKdm,0,0,993,3412,4096,7604,4706
REFERENCE_ollama,WKdm,0,0,994,4368,4096,7921,4683
REFERENCE_ollama,WKdm,0,0,995,4368,4096,7931,4697
REFERENCE_ollama,WKdm,0,0,996,4368,4096,7941,4698
REFERENCE_ollama,WKdm,0,0,997,4360,4096,8011,4788
REFERENCE_ollama,WKdm,0,0,998,4368,4096,7901,4700
REFERENCE_ollama,WKdm,0,0,999,888,4096,7130,5612
REFERENCE_ollama,WKdm,0,0,1000,4368,4096,7919,4682
REFERENCE_ollama,WKdm,0,0,1001,4368,4096,7913,4678
REFERENCE_ollama,WKdm,0,0,1002,4368,4096,7912,4681
REFERENCE_ollama,WKdm,0,0,1003,4368,4096,7897,4699
REFERENCE_ollama,WKdm,0,0,1004,4368,4096,7886,4712
REFERENCE_ollama,WKdm,0,0,1005,4368,4096,7882,4694
REFERENCE_ollama,WKdm,0,0,1006,4368,4096,8142,4696
REFERENCE_ollama,WKdm,0,0,1007,4368,4096,7899,4672
REFERENCE_ollama,WKdm,0,0,1008,4368,4096,7917,4689
REFERENCE_ollama,WKdm,0,0,1009,4368,4096,7927,4695
REFERENCE_ollama,WKdm,0,0,1010,4368,4096,7889,4690
REFERENCE_ollama,WKdm,0,0,1011,4368,4096,7918,4684
REFERENCE_ollama,WKdm,0,0,1012,4368,4096,7908,4696
REFERENCE_ollama,WKdm,0,0,1013,4368,4096,7889,4715
REFERENCE_ollama,WKdm,0,0,1014,4368,4096,7923,4698
REFERENCE_ollama,WKdm,0,0,1015,4368,4096,7892,4697
REFERENCE_ollama,WKdm,0,0,1016,4368,4096,7907,4681
REFERENCE_ollama,WKdm,0,0,1017,4368,4096,7894,4709
REFERENCE_ollama,WKdm,0,0,1018,4368,4096,7923,4690
REFERENCE_ollama,WKdm,0,0,1019,4368,4096,8171,4706
REFERENCE_ollama,WKdm,0,0,1020,1360,4096,5996,4574
REFERENCE_ollama,WKdm,0,0,1021,4368,4096,7895,4681
REFERENCE_ollama,WKdm,0,0,1022,4368,4096,7911,4681
REFERENCE_ollama,WKdm,0,0,1023,4368,4096,7886,4677
REFERENCE_ollama,WKdm,0,0,1024,4368,4096,7887,4680
REFERENCE_ollama,WKdm,0,0,1025,692,4096,7483,6342
REFERENCE_ollama,WKdm,0,0,1026,4368,4096,7919,4708
REFERENCE_ollama,WKdm,0,0,1027,4368,4096,7909,4686
REFERENCE_ollama,WKdm,0,0,1028,4368,4096,7885,4706
REFERENCE_ollama,WKdm,0,0,1029,656,4096,7142,5929
REFERENCE_ollama,WKdm,0,0,1030,4368,4096,7902,4704
REFERENCE_ollama,WKdm,0,0,1031,4368,4096,7896,4703
REFERENCE_ollama,WKdm,0,0,1032,4368,4096,8254,4710
REFERENCE_ollama,WKdm,0,0,1033,4368,4096,7913,4670
REFERENCE_ollama,WKdm,0,0,1034,4368,4096,7882,4661
REFERENCE_ollama,WKdm,0,0,1035,4368,4096,7913,4685
REFERENCE_ollama,WKdm,0,0,1036,4368,4096,7913,4690
REFERENCE_ollama,WKdm,0,0,1037,4368,4096,7911,4664
REFERENCE_ollama,WKdm,0,0,1038,4368,4096,7909,4684
REFERENCE_ollama,WKdm,0,0,1039,4368,4096,7901,4678
REFERENCE_ollama,WKdm,0,0,1040,4368,4096,7902,4694
REFERENCE_ollama,WKdm,0,0,1041,4368,4096,7912,4687
REFERENCE_ollama,WKdm,0,0,1042,4368,4096,7919,4685
REFERENCE_ollama,WKdm,0,0,1043,4368,4096,7921,4694
REFERENCE_ollama,WKdm,0,0,1044,4368,4096,7913,4345
REFERENCE_ollama,WKdm,0,0,1045,4368,4096,12422,5461
REFERENCE_ollama,WKdm,0,0,1046,4368,4096,9203,5466
REFERENCE_ollama,WKdm,0,0,1047,4368,4096,9205,5455
REFERENCE_ollama,WKdm,0,0,1048,4368,4096,9190,5446
REFERENCE_ollama,WKdm,0,0,1049,4368,4096,9208,5465
REFERENCE_ollama,WKdm,0,0,1050,4368,4096,9219,5467
REFERENCE_ollama,WKdm,0,0,1051,4368,4096,9222,5446
REFERENCE_ollama,WKdm,0,0,1052,4368,4096,9205,5457
REFERENCE_ollama,WKdm,0,0,1053,4368,4096,9202,5454
REFERENCE_ollama,WKdm,0,0,1054,4368,4096,9224,5447
REFERENCE_ollama,WKdm,0,0,1055,4368,4096,9089,5505
REFERENCE_ollama,WKdm,0,0,1056,4368,4096,9262,5461
REFERENCE_ollama,WKdm,0,0,1057,4368,4096,10905,4850
REFERENCE_ollama,WKdm,0,0,1058,4368,4096,7929,4688
REFERENCE_ollama,WKdm,0,0,1059,4368,4096,7915,4686
REFERENCE_ollama,WKdm,0,0,1060,4368,4096,7897,4678
REFERENCE_ollama,WKdm,0,0,1061,4368,4096,7906,4678
REFERENCE_ollama,WKdm,0,0,1062,4368,4096,7891,4691
REFERENCE_ollama,WKdm,0,0,1063,880,4096,7681,6036
REFERENCE_ollama,WKdm,0,0,1064,1116,4096,8353,6704
REFERENCE_ollama,WKdm,0,0,1065,4368,4096,7910,4730
REFERENCE_ollama,WKdm,0,0,1066,4372,4096,7967,4777
REFERENCE_ollama,WKdm,0,0,1067,4368,4096,7919,5232
REFERENCE_ollama,WKdm,0,0,1068,4368,4096,7911,4702
REFERENCE_ollama,WKdm,0,0,1069,4368,4096,7887,4675
REFERENCE_ollama,WKdm,0,0,1070,4368,4096,7898,4687
REFERENCE_ollama,WKdm,0,0,1071,4368,4096,7903,4693
REFERENCE_ollama,WKdm,0,0,1072,4368,4096,7889,4683
REFERENCE_ollama,WKdm,0,0,1073,4368,4096,7901,4693
REFERENCE_ollama,WKdm,0,0,1074,4368,4096,7911,4705
REFERENCE_ollama,WKdm,0,0,1075,4368,4096,7915,4704
REFERENCE_ollama,WKdm,0,0,1076,4368,4096,7909,4696
REFERENCE_ollama,WKdm,0,0,1077,4368,4096,7905,4680
REFERENCE_ollama,WKdm,0,0,1078,4368,4096,7910,4699
REFERENCE_ollama,WKdm,0,0,1079,4368,4096,7902,4695
REFERENCE_ollama,WKdm,0,0,1080,4368,4096,7734,4688
REFERENCE_ollama,WKdm,0,0,1081,4368,4096,7901,4676
REFERENCE_ollama,WKdm,0,0,1082,4368,4096,7913,4691
REFERENCE_ollama,WKdm,0,0,1083,4368,4096,7902,4692
REFERENCE_ollama,WKdm,0,0,1084,4368,4096,7903,4686
REFERENCE_ollama,WKdm,0,0,1085,4368,4096,7902,4691
REFERENCE_ollama,WKdm,0,0,1086,4368,4096,7922,4699
REFERENCE_ollama,WKdm,0,0,1087,4368,4096,7910,4695
REFERENCE_ollama,WKdm,0,0,1088,4368,4096,7884,4680
REFERENCE_ollama,WKdm,0,0,1089,4368,4096,7885,4689
REFERENCE_ollama,WKdm,0,0,1090,4368,4096,7889,4682
REFERENCE_ollama,WKdm,0,0,1091,4368,4096,7903,4675
REFERENCE_ollama,WKdm,0,0,1092,4368,4096,7882,4686
REFERENCE_ollama,WKdm,0,0,1093,4368,4096,7816,8172
REFERENCE_ollama,WKdm,0,0,1094,4368,4096,9229,5470
REFERENCE_ollama,WKdm,0,0,1095,4368,4096,9219,5469
REFERENCE_ollama,WKdm,0,0,1096,4368,4096,9219,5476
REFERENCE_ollama,WKdm,0,0,1097,4372,4096,9264,5493
REFERENCE_ollama,WKdm,0,0,1098,4368,4096,9213,5467
REFERENCE_ollama,WKdm,0,0,1099,4368,4096,9211,5466
REFERENCE_ollama,WKdm,0,0,1100,4368,4096,9233,5457
REFERENCE_ollama,WKdm,0,0,1101,4368,4096,9225,5460
REFERENCE_ollama,WKdm,0,0,1102,4368,4096,9192,5465
REFERENCE_ollama,WKdm,0,0,1103,4368,4096,9196,5468
REFERENCE_ollama,WKdm,0,0,1104,4368,4096,9228,5232
REFERENCE_ollama,WKdm,0,0,1105,4372,4096,9261,5507
REFERENCE_ollama,WKdm,0,0,1106,4368,4096,10462,4702
REFERENCE_ollama,WKdm,0,0,1107,4368,4096,7892,4704
REFERENCE_ollama,WKdm,0,0,1108,4368,4096,7911,4683
REFERENCE_ollama,WKdm,0,0,1109,4368,4096,7902,4673
REFERENCE_ollama,WKdm,0,0,1110,1020,4096,7631,5977
REFERENCE_ollama,WKdm,0,0,1111,4368,4096,7927,4704
REFERENCE_ollama,WKdm,0,0,1112,4368,4096,7921,4684
REFERENCE_ollama,WKdm,0,0,1113,4368,4096,7882,4699
REFERENCE_ollama,WKdm,0,0,1114,4368,4096,7889,4706
REFERENCE_ollama,WKdm,0,0,1115,4368,4096,7898,4692
REFERENCE_ollama,WKdm,0,0,1116,4368,4096,8153,4705
REFERENCE_ollama,WKdm,0,0,1117,4368,4096,7922,4685
REFERENCE_ollama,WKdm,0,0,1118,1024,4096,7433,5847
REFERENCE_ollama,WKdm,0,0,1119,4368,4096,7892,4717
REFERENCE_ollama,WKdm,0,0,1120,4368,4096,7901,4668
REFERENCE_ollama,WKdm,0,0,1121,4368,4096,7916,4672
REFERENCE_ollama,WKdm,0,0,1122,4368,4096,7923,4684
REFERENCE_ollama,WKdm,0,0,1123,4368,4096,7907,4679
REFERENCE_ollama,WKdm,0,0,1124,4368,4096,7899,4687
REFERENCE_ollama,WKdm,0,0,1125,3408,4096,7316,4660
REFERENCE_ollama,WKdm,0,0,1126,4368,4096,7874,4678
REFERENCE_ollama,WKdm,0,0,1127,4372,4096,7969,4758
REFERENCE_ollama,WKdm,0,0,1128,4368,4096,7901,4700
REFERENCE_ollama,WKdm,0,0,1129,4368,4096,8173,4686
REFERENCE_ollama,WKdm,0,0,1130,4368,4096,7921,4699
REFERENCE_ollama,WKdm,0,0,1131,4368,4096,7903,4693
REFERENCE_ollama,WKdm,0,0,1132,4368,4096,7903,4694
REFERENCE_ollama,WKdm,0,0,1133,4368,4096,7913,4701
REFERENCE_ollama,WKdm,0,0,1134,4368,4096,7886,4687
REFERENCE_ollama,WKdm,0,0,1135,4368,4096,7909,4703
REFERENCE_ollama,WKdm,0,0,1136,4368,4096,7883,4682
REFERENCE_ollama,WKdm,0,0,1137,4368,4096,7907,4677
REFERENCE_ollama,WKdm,0,0,1138,4368,4096,7910,4694
REFERENCE_ollama,WKdm,0,0,1139,4368,4096,7930,4682
REFERENCE_ollama,WKdm,0,0,1140,4368,4096,7898,4676
REFERENCE_ollama,WKdm,0,0,1141,4368,4096,7893,4695
REFERENCE_ollama,WKdm,0,0,1142,808,4096,7245,5658
REFERENCE_ollama,WKdm,0,0,1143,4368,4096,7915,4696
REFERENCE_ollama,WKdm,0,0,1144,4368,4096,7921,4697
REFERENCE_ollama,WKdm,0,0,1145,4368,4096,7915,4693
REFERENCE_ollama,WKdm,0,0,1146,4368,4096,7912,4711
REFERENCE_ollama,WKdm,0,0,1147,4368,4096,7897,4683
REFERENCE_ollama,WKdm,0,0,1148,4368,4096,7924,4714
REFERENCE_ollama,WKdm,0,0,1149,4368,4096,7912,4677
REFERENCE_ollama,WKdm,0,0,1150,4368,4096,7882,4691
REFERENCE_ollama,WKdm,0,0,1151,4368,4096,7899,4695
REFERENCE_ollama,WKdm,0,0,1152,4368,4096,7894,4695
REFERENCE_ollama,WKdm,0,0,1153,4368,4096,7899,4713
REFERENCE_ollama,WKdm,0,0,1154,4368,4096,7910,4698
REFERENCE_ollama,WKdm,0,0,1155,4368,4096,8143,4680
REFERENCE_ollama,WKdm,0,0,1156,4368,4096,7888,4667
REFERENCE_ollama,WKdm,0,0,1157,4368,4096,7881,4686
REFERENCE_ollama,WKdm,0,0,1158,4368,4096,7905,4668
REFERENCE_ollama,WKdm,0,0,1159,4368,4096,7908,4662
REFERENCE_ollama,WKdm,0,0,1160,4368,4096,7895,4700
REFERENCE_ollama,WKdm,0,0,1161,4368,4096,7917,4697
REFERENCE_ollama,WKdm,0,0,1162,4368,4096,7889,4692
REFERENCE_ollama,WKdm,0,0,1163,4368,4096,7903,4687
REFERENCE_ollama,WKdm,0,0,1164,344,4096,5680,4796
REFERENCE_ollama,WKdm,0,0,1165,4368,4096,7906,4687
REFERENCE_ollama,WKdm,0,0,1166,4368,4096,7905,4684
REFERENCE_ollama,WKdm,0,0,1167,4368,4096,7897,4690
REFERENCE_ollama,WKdm,0,0,1168,1360,4096,6243,4564
REFERENCE_ollama,WKdm,0,0,1169,4368,4096,7915,4687
REFERENCE_ollama,WKdm,0,0,1170,4368,4096,7900,4711
REFERENCE_ollama,WKdm,0,0,1171,4368,4096,7908,4694
REFERENCE_ollama,WKdm,0,0,1172,4368,4096,7893,4695
REFERENCE_ollama,WKdm,0,0,1173,4368,4096,7891,4669
REFERENCE_ollama,WKdm,0,0,1174,4368,4096,7910,4690
REFERENCE_ollama,WKdm,0,0,1175,4368,4096,7902,4702
REFERENCE_ollama,WKdm,0,0,1176,4368,4096,7921,4695
REFERENCE_ollama,WKdm,0,0,1177,4368,4096,7891,4692
REFERENCE_ollama,WKdm,0,0,1178,4368,4096,7905,4678
REFERENCE_ollama,WKdm,0,0,1179,4368,4096,7894,4687
REFERENCE_ollama,WKdm,0,0,1180,4368,4096,7922,4694
REFERENCE_ollama,WKdm,0,0,1181,4368,4096,7921,4993
REFERENCE_ollama,WKdm,0,0,1182,904,4096,7016,5616
REFERENCE_ollama,WKdm,0,0,1183,4368,4096,7938,4713
REFERENCE_ollama,WKdm,0,0,1184,4368,4096,7911,4670
REFERENCE_ollama,WKdm,0,0,1185,4368,4096,7922,4667
REFERENCE_ollama,WKdm,0,0,1186,4368,4096,7932,4670
REFERENCE_ollama,WKdm,0,0,1187,4368,4096,7923,4693
REFERENCE_ollama,WKdm,0,0,1188,4368,4096,7925,4692
REFERENCE_ollama,WKdm,0,0,1189,3344,4096,7301,4679
REFERENCE_ollama,WKdm,0,0,1190,1072,4096,7586,5949
REFERENCE_ollama,WKdm,0,0,1191,4368,4096,7941,4689
REFERENCE_ollama,WKdm,0,0,1192,4368,4096,7945,4661
REFERENCE_ollama,WKdm,0,0,1193,4368,4096,7948,4669
REFERENCE_ollama,WKdm,0,0,1194,4368,4096,7933,4710
REFERENCE_ollama,WKdm,0,0,1195,4368,4096,7907,4709
REFERENCE_ollama,WKdm,0,0,1196,4368,4096,7926,4708
REFERENCE_ollama,WKdm,0,0,1197,4368,4096,7935,4678
REFERENCE_ollama,WKdm,0,0,1198,4368,4096,7932,4699
REFERENCE_ollama,WKdm,0,0,1199,4368,4096,7944,4686
REFERENCE_ollama,WKdm,0,0,1200,4368,4096,7925,4704
REFERENCE_ollama,WKdm,0,0,1201,4368,4096,7919,4693
REFERENCE_ollama,WKdm,0,0,1202,4364,4096,8008,4805
REFERENCE_ollama,WKdm,0,0,1203,4368,4096,7937,4705
REFERENCE_ollama,WKdm,0,0,1204,4368,4096,7912,4687
REFERENCE_ollama,WKdm,0,0,1205,4368,4096,7926,4695
REFERENCE_ollama,WKdm,0,0,1206,812,4096,7078,5805
REFERENCE_ollama,WKdm,0,0,1207,4368,4096,7900,4679
REFERENCE_ollama,WKdm,0,0,1208,4368,4096,7905,4669
REFERENCE_ollama,WKdm,0,0,1209,900,4096,7011,5625
REFERENCE_ollama,WKdm,0,0,1210,4368,4096,7904,4674
REFERENCE_ollama,WKdm,0,0,1211,4368,4096,7908,4674
REFERENCE_ollama,WKdm,0,0,1212,4368,4096,7911,4692
REFERENCE_ollama,WKdm,0,0,1213,4368,4096,7918,4692
REFERENCE_ollama,WKdm,0,0,1214,4368,4096,7926,4686
REFERENCE_ollama,WKdm,0,0,1215,4368,4096,7919,4687
REFERENCE_ollama,WKdm,0,0,1216,4368,4096,7924,4692
REFERENCE_ollama,WKdm,0,0,1217,4372,4096,8010,4751
REFERENCE_ollama,WKdm,0,0,1218,4368,4096,7933,4675
REFERENCE_ollama,WKdm,0,0,1219,4368,4096,8160,4708
REFERENCE_ollama,WKdm,0,0,1220,4368,4096,7917,4702
REFERENCE_ollama,WKdm,0,0,1221,4368,4096,7889,4706
REFERENCE_ollama,WKdm,0,0,1222,4368,4096,7896,4691
REFERENCE_ollama,WKdm,0,0,1223,4368,4096,7894,4703
REFERENCE_ollama,WKdm,0,0,1224,4368,4096,7889,4701
REFERENCE_ollama,WKdm,0,0,1225,4368,4096,7919,4695
REFERENCE_ollama,WKdm,0,0,1226,4368,4096,7901,4695
REFERENCE_ollama,WKdm,0,0,1227,4368,4096,7889,4698
REFERENCE_ollama,WKdm,0,0,1228,4368,4096,7911,4703
REFERENCE_ollama,WKdm,0,0,1229,4368,4096,7900,4701
REFERENCE_ollama,WKdm,0,0,1230,4368,4096,7889,4700
REFERENCE_ollama,WKdm,0,0,1231,4368,4096,7884,4717
REFERENCE_ollama,WKdm,0,0,1232,4368,4096,7457,4690
REFERENCE_ollama,WKdm,0,0,1233,4368,4096,7898,4688
REFERENCE_ollama,WKdm,0,0,1234,4368,4096,7900,4692
REFERENCE_ollama,WKdm,0,0,1235,4368,4096,7906,4693
REFERENCE_ollama,WKdm,0,0,1236,4368,4096,7919,4678
REFERENCE_ollama,WKdm,0,0,1237,4368,4096,7896,4685
REFERENCE_ollama,WKdm,0,0,1238,4368,4096,7911,4699
REFERENCE_ollama,WKdm,0,0,1239,4368,4096,7896,4685
REFERENCE_ollama,WKdm,0,0,1240,4368,4096,7904,4695
REFERENCE_ollama,WKdm,0,0,1241,4368,4096,7897,4702
REFERENCE_ollama,WKdm,0,0,1242,3992,4096,9015,6107
REFERENCE_ollama,WKdm,0,0,1243,4368,4096,7908,4699
REFERENCE_ollama,WKdm,0,0,1244,4368,4096,7890,4695
REFERENCE_ollama,WKdm,0,0,1245,4368,4096,8140,4700
REFERENCE_ollama,WKdm,0,0,1246,4368,4096,7902,4711
REFERENCE_ollama,WKdm,0,0,1247,4368,4096,7882,4683
REFERENCE_ollama,WKdm,0,0,1248,4368,4096,7909,4680
REFERENCE_ollama,WKdm,0,0,1249,4368,4096,7904,4681
REFERENCE_ollama,WKdm,0,0,1250,4368,4096,7903,4697
REFERENCE_ollama,WKdm,0,0,1251,4368,4096,7909,4695
REFERENCE_ollama,WKdm,0,0,1252,4368,4096,7908,4689
REFERENCE_ollama,WKdm,0,0,1253,4368,4096,7909,4670
REFERENCE_ollama,WKdm,0,0,1254,4368,4096,7897,4697
REFERENCE_ollama,WKdm,0,0,1255,4368,4096,7893,4689
REFERENCE_ollama,WKdm,0,0,1256,4372,4096,7944,4741
REFERENCE_ollama,WKdm,0,0,1257,4368,4096,7919,4936
REFERENCE_ollama,WKdm,0,0,1258,4368,4096,7878,4680
REFERENCE_ollama,WKdm,0,0,1259,4368,4096,7892,4690
REFERENCE_ollama,WKdm,0,0,1260,4368,4096,7892,4691
REFERENCE_ollama,WKdm,0,0,1261,4364,4096,7988,4782
REFERENCE_ollama,WKdm,0,0,1262,4368,4096,7899,4687
REFERENCE_ollama,WKdm,0,0,1263,4368,4096,7909,4666
REFERENCE_ollama,WKdm,0,0,1264,4368,4096,7905,4666
REFERENCE_ollama,WKdm,0,0,1265,4368,4096,7886,4662
REFERENCE_ollama,WKdm,0,0,1266,920,4096,8583,6945
REFERENCE_ollama,WKdm,0,0,1267,4368,4096,7896,4671
REFERENCE_ollama,WKdm,0,0,1268,4368,4096,7870,4675
REFERENCE_ollama,WKdm,0,0,1269,4368,4096,7885,4666
REFERENCE_ollama,WKdm,0,0,1270,4368,4096,8141,4678
REFERENCE_ollama,WKdm,0,0,1271,4368,4096,7910,4693
REFERENCE_ollama,WKdm,0,0,1272,4368,4096,7911,4692
REFERENCE_ollama,WKdm,0,0,1273,4368,4096,7896,4679
REFERENCE_ollama,WKdm,0,0,1274,4368,4096,7895,4679
REFERENCE_ollama,WKdm,0,0,1275,4368,4096,7924,4676
REFERENCE_ollama,WKdm,0,0,1276,4368,4096,7913,4682
REFERENCE_ollama,WKdm,0,0,1277,4368,4096,7909,4678
REFERENCE_ollama,WKdm,0,0,1278,4368,4096,7928,4681
REFERENCE_ollama,WKdm,0,0,1279,4368,4096,7898,4692
REFERENCE_ollama,WKdm,0,0,1280,4368,4096,7902,4689
REFERENCE_ollama,WKdm,0,0,1281,4372,4096,7945,4740
REFERENCE_ollama,WKdm,0,0,1282,916,4096,7053,5738
REFERENCE_ollama,WKdm,0,0,1283,4368,4096,8159,4687
REFERENCE_ollama,WKdm,0,0,1284,4368,4096,7921,4704
REFERENCE_ollama,WKdm,0,0,1285,4368,4096,7909,4698
REFERENCE_ollama,WKdm,0,0,1286,4368,4096,7911,4692
REFERENCE_ollama,WKdm,0,0,1287,4368,4096,7916,4690
REFERENCE_ollama,WKdm,0,0,1288,4368,4096,7928,4685
REFERENCE_ollama,WKdm,0,0,1289,4368,4096,7915,4684
REFERENCE_ollama,WKdm,0,0,1290,4368,4096,7900,4687
REFERENCE_ollama,WKdm,0,0,1291,4368,4096,7902,4695
REFERENCE_ollama,WKdm,0,0,1292,4368,4096,7893,4686
REFERENCE_ollama,WKdm,0,0,1293,904,4096,7127,5652
REFERENCE_ollama,WKdm,0,0,1294,4368,4096,7904,4710
REFERENCE_ollama,WKdm,0,0,1295,1028,4096,7572,6145
REFERENCE_ollama,WKdm,0,0,1296,4368,4096,7936,4290
REFERENCE_ollama,WKdm,0,0,1297,4368,4096,7892,4679
REFERENCE_ollama,WKdm,0,0,1298,4368,4096,7888,4682
REFERENCE_ollama,WKdm,0,0,1299,4368,4096,7901,4704
REFERENCE_ollama,WKdm,0,0,1300,4368,4096,7893,4694
REFERENCE_ollama,WKdm,0,0,1301,4368,4096,7919,4692
REFERENCE_ollama,WKdm,0,0,1302,4368,4096,7906,4683
REFERENCE_ollama,WKdm,0,0,1303,872,4096,7000,5698
REFERENCE_ollama,WKdm,0,0,1304,1092,4096,9067,7155
REFERENCE_ollama,WKdm,0,0,1305,4368,4096,7924,4688
REFERENCE_ollama,WKdm,0,0,1306,4368,4096,7915,4715
REFERENCE_ollama,WKdm,0,0,1307,4368,4096,7921,4691
REFERENCE_ollama,WKdm,0,0,1308,4368,4096,7930,4932
REFERENCE_ollama,WKdm,0,0,1309,4368,4096,7908,4679
REFERENCE_ollama,WKdm,0,0,1310,4372,4096,7983,4793
REFERENCE_ollama,WKdm,0,0,1311,4368,4096,7922,4685
REFERENCE_ollama,WKdm,0,0,1312,4368,4096,7892,4684
REFERENCE_ollama,WKdm,0,0,1313,4368,4096,7911,4693
REFERENCE_ollama,WKdm,0,0,1314,824,4096,7473,6057
REFERENCE_ollama,WKdm,0,0,1315,4368,4096,7927,4691
REFERENCE_ollama,WKdm,0,0,1316,852,4096,7119,5719
REFERENCE_ollama,WKdm,0,0,1317,4368,4096,7903,4699
REFERENCE_ollama,WKdm,0,0,1318,4368,4096,7924,4691
REFERENCE_ollama,WKdm,0,0,1319,4368,4096,7897,4683
REFERENCE_ollama,WKdm,0,0,1320,4368,4096,7935,4676
REFERENCE_ollama,WKdm,0,0,1321,4368,4096,8158,4705
REFERENCE_ollama,WKdm,0,0,1322,864,4096,6956,5568
REFERENCE_ollama,WKdm,0,0,1323,4368,4096,7913,4681
REFERENCE_ollama,WKdm,0,0,1324,4368,4096,7903,4701
REFERENCE_ollama,WKdm,0,0,1325,4368,4096,7901,4683
REFERENCE_ollama,WKdm,0,0,1326,4368,4096,7891,4684
REFERENCE_ollama,WKdm,0,0,1327,4368,4096,7915,4692
REFERENCE_ollama,WKdm,0,0,1328,4368,4096,7915,4713
REFERENCE_ollama,WKdm,0,0,1329,1312,4096,9998,7838
REFERENCE_ollama,WKdm,0,0,1330,4368,4096,7933,4703
REFERENCE_ollama,WKdm,0,0,1331,4368,4096,7903,4692
REFERENCE_ollama,WKdm,0,0,1332,4368,4096,7905,4679
REFERENCE_ollama,WKdm,0,0,1333,4364,4096,8023,4809
REFERENCE_ollama,WKdm,0,0,1334,996,4096,7600,5888
REFERENCE_ollama,WKdm,0,0,1335,4368,4096,7926,4710
REFERENCE_ollama,WKdm,0,0,1336,4368,4096,7905,4696
REFERENCE_ollama,WKdm,0,0,1337,4368,4096,7926,4684
REFERENCE_ollama,WKdm,0,0,1338,4368,4096,7920,4715
REFERENCE_ollama,WKdm,0,0,1339,4368,4096,7909,4692
REFERENCE_ollama,WKdm,0,0,1340,4368,4096,7898,4686
REFERENCE_ollama,WKdm,0,0,1341,1516,4096,10256,7639
REFERENCE_ollama,WKdm,0,0,1342,1024,4096,8664,6633
REFERENCE_ollama,WKdm,0,0,1343,876,4096,8453,6423
REFERENCE_ollama,WKdm,0,0,1344,4368,4096,7927,4699
REFERENCE_ollama,WKdm,0,0,1345,4368,4096,7909,4684
REFERENCE_ollama,WKdm,0,0,1346,4368,4096,9172,5342
REFERENCE_ollama,WKdm,0,0,1347,848,4096,8429,6786
REFERENCE_ollama,WKdm,0,0,1348,2384,4096,7769,5385
REFERENCE_ollama,WKdm,0,0,1349,4368,4096,9243,5475
REFERENCE_ollama,WKdm,0,0,1350,4368,4096,9222,5451
REFERENCE_ollama,WKdm,0,0,1351,4368,4096,9216,5471
REFERENCE_ollama,WKdm,0,0,1352,4368,4096,9218,5470
REFERENCE_ollama,WKdm,0,0,1353,904,4096,8540,6719
REFERENCE_ollama,WKdm,0,0,1354,4368,4096,9199,5491
REFERENCE_ollama,WKdm,0,0,1355,4368,4096,9215,5464
REFERENCE_ollama,WKdm,0,0,1356,4368,4096,9217,5763
REFERENCE_ollama,WKdm,0,0,1357,940,4096,8487,6748
REFERENCE_ollama,WKdm,0,0,1358,4368,4096,8467,7530
REFERENCE_ollama,WKdm,0,0,1359,4368,4096,7902,4683
REFERENCE_ollama,WKdm,0,0,1360,1072,4096,8165,6504
REFERENCE_ollama,WKdm,0,0,1361,884,4096,7003,5705
REFERENCE_ollama,WKdm,0,0,1362,4368,4096,7926,4703
REFERENCE_ollama,WKdm,0,0,1363,4140,4096,7800,4729
REFERENCE_ollama,WKdm,0,0,1364,4368,4096,7916,4700
REFERENCE_ollama,WKdm,0,0,1365,1360,4096,6036,4551
REFERENCE_ollama,WKdm,0,0,1366,4368,4096,7912,4708
REFERENCE_ollama,WKdm,0,0,1367,880,4096,7255,5790
REFERENCE_ollama,WKdm,0,0,1368,880,4096,6852,5465
REFERENCE_ollama,WKdm,0,0,1369,4368,4096,7936,4959
REFERENCE_ollama,WKdm,0,0,1370,4368,4096,7922,4703
REFERENCE_ollama,WKdm,0,0,1371,1068,4096,7857,5974
REFERENCE_ollama,WKdm,0,0,1372,952,4096,7430,5915
REFERENCE_ollama,WKdm,0,0,1373,4368,4096,7919,4711
REFERENCE_ollama,WKdm,0,0,1374,4368,4096,7907,4680
REFERENCE_ollama,WKdm,0,0,1375,4368,4096,7925,4702
REFERENCE_ollama,WKdm,0,0,1376,1436,4096,9397,7105
REFERENCE_ollama,WKdm,0,0,1377,4368,4096,7914,4717
REFERENCE_ollama,WKdm,0,0,1378,3408,4096,7309,4700
REFERENCE_ollama,WKdm,0,0,1379,4368,4096,7903,4676
REFERENCE_ollama,WKdm,0,0,1380,988,4096,7572,5943
REFERENCE_ollama,WKdm,0,0,1381,1484,4096,9183,7384
REFERENCE_ollama,WKdm,0,0,1382,4368,4096,8003,4725
REFERENCE_ollama,WKdm,0,0,1383,4368,4096,7919,4676
REFERENCE_ollama,WKdm,0,0,1384,1028,4096,7570,5918
REFERENCE_ollama,WKdm,0,0,1385,4368,4096,7898,4687
REFERENCE_ollama,WKdm,0,0,1386,4368,4096,7907,4704
REFERENCE_ollama,WKdm,0,0,1387,4368,4096,7921,4673
REFERENCE_ollama,WKdm,0,0,1388,4368,4096,7905,4694
REFERENCE_ollama,WKdm,0,0,1389,4368,4096,7885,4677
REFERENCE_ollama,WKdm,0,0,1390,4368,4096,7900,4683
REFERENCE_ollama,WKdm,0,0,1391,4372,4096,8003,4721
REFERENCE_ollama,WKdm,0,0,1392,4372,4096,7947,4724
REFERENCE_ollama,WKdm,0,0,1393,4368,4096,7932,4718
REFERENCE_ollama,WKdm,0,0,1394,4368,4096,8155,4716
REFERENCE_ollama,WKdm,0,0,1395,876,4096,7018,5630
REFERENCE_ollama,WKdm,0,0,1396,1072,4096,7745,5966
REFERENCE_ollama,WKdm,0,0,1397,836,4096,6934,5512
REFERENCE_ollama,WKdm,0,0,1398,4368,4096,7947,4709
REFERENCE_ollama,WKdm,0,0,1399,984,4096,7441,5882
REFERENCE_ollama,WKdm,0,0,1400,916,4096,8623,6892
REFERENCE_ollama,WKdm,0,0,1401,284,4096,5360,4572
REFERENCE_ollama,WKdm,0,0,1402,368,4096,5671,4791
REFERENCE_ollama,WKdm,0,0,1403,1240,4096,6614,4335
REFERENCE_ollama,WKdm,0,0,1404,4368,4096,7940,4711
REFERENCE_ollama,WKdm,0,0,1405,456,4096,6173,5109
REFERENCE_ollama,WKdm,0,0,1406,1540,4096,10250,7846
REFERENCE_ollama,WKdm,0,0,1407,872,4096,7566,5885
REFERENCE_ollama,WKdm,0,0,1408,4368,4096,7961,4706
REFERENCE_ollama,WKdm,0,0,1409,4368,4096,7922,4689
REFERENCE_ollama,WKdm,0,0,1410,4368,4096,7909,4708
REFERENCE_ollama,WKdm,0,0,1411,4368,4096,7911,4670
REFERENCE_ollama,WKdm,0,0,1412,652,4096,7445,6040
REFERENCE_ollama,WKdm,0,0,1413,4368,4096,7905,4702
REFERENCE_ollama,WKdm,0,0,1414,4368,4096,7924,4679
REFERENCE_ollama,WKdm,0,0,1415,4368,4096,7905,4686
REFERENCE_ollama,WKdm,0,0,1416,4368,4096,7963,4676
REFERENCE_ollama,WKdm,0,0,1417,860,4096,7006,5557
REFERENCE_ollama,WKdm,0,0,1418,4368,4096,7933,4696
REFERENCE_ollama,WKdm,0,0,1419,4368,4096,8215,4698
REFERENCE_ollama,WKdm,0,0,1420,708,4096,6018,4724
REFERENCE_ollama,WKdm,0,0,1421,4368,4096,7947,4674
REFERENCE_ollama,WKdm,0,0,1422,4368,4096,7917,4696
REFERENCE_ollama,WKdm,0,0,1423,4368,4096,7930,4711
REFERENCE_ollama,WKdm,0,0,1424,1316,4096,7458,5774
REFERENCE_ollama,WKdm,0,0,1425,4368,4096,7921,4710
REFERENCE_ollama,WKdm,0,0,1426,4368,4096,7903,4678
REFERENCE_ollama,WKdm,0,0,1427,4368,4096,7897,4714
REFERENCE_ollama,WKdm,0,0,1428,604,4096,6871,5639
REFERENCE_ollama,WKdm,0,0,1429,1356,4096,9447,6992
REFERENCE_ollama,WKdm,0,0,1430,4368,4096,7927,4709
REFERENCE_ollama,WKdm,0,0,1431,3344,4096,7327,4702
REFERENCE_ollama,WKdm,0,0,1432,4368,4096,8194,4767
REFERENCE_ollama,WKdm,0,0,1433,4368,4096,7919,4693
REFERENCE_ollama,WKdm,0,0,1434,668,4096,6820,5525
REFERENCE_ollama,WKdm,0,0,1435,4368,4096,7936,4684
REFERENCE_ollama,WKdm,0,0,1436,4368,4096,7902,4677
REFERENCE_ollama,WKdm,0,0,1437,4368,4096,7913,4685
REFERENCE_ollama,WKdm,0,0,1438,4368,4096,7917,4676
REFERENCE_ollama,WKdm,0,0,1439,4368,4096,7920,4724
REFERENCE_ollama,WKdm,0,0,1440,1216,4096,8482,6636
REFERENCE_ollama,WKdm,0,0,1441,4368,4096,7911,4703
REFERENCE_ollama,WKdm,0,0,1442,892,4096,7269,5850
REFERENCE_ollama,WKdm,0,0,1443,4368,4096,7937,4702
REFERENCE_ollama,WKdm,0,0,1444,1400,4096,9018,7259
REFERENCE_ollama,WKdm,0,0,1445,4368,4096,7916,4713
REFERENCE_ollama,WKdm,0,0,1446,4368,4096,7908,4686
REFERENCE_ollama,WKdm,0,0,1447,2168,4096,9565,6132
REFERENCE_ollama,WKdm,0,0,1448,4368,4096,7914,4710
REFERENCE_ollama,WKdm,0,0,1449,4368,4096,7928,4697
REFERENCE_ollama,WKdm,0,0,1450,4368,4096,7934,4678
REFERENCE_ollama,WKdm,0,0,1451,1604,4096,12162,8617
REFERENCE_ollama,WKdm,0,0,1452,1692,4096,11418,8189
REFERENCE_ollama,WKdm,0,0,1453,1556,4096,11285,8458
REFERENCE_ollama,WKdm,0,0,1454,1812,4096,9641,6836
REFERENCE_ollama,WKdm,0,0,1455,4368,4096,8228,4748
REFERENCE_ollama,WKdm,0,0,1456,4368,4096,7951,4687
REFERENCE_ollama,WKdm,0,0,1457,1124,4096,7904,6401
REFERENCE_ollama,WKdm,0,0,1458,4372,4096,8002,4847
REFERENCE_ollama,WKdm,0,0,1459,4268,4096,7943,4863
REFERENCE_ollama,WKdm,0,0,1460,4368,4096,7914,4689
REFERENCE_ollama,WKdm,0,0,1461,4368,4096,7894,4679
REFERENCE_ollama,WKdm,0,0,1462,4368,4096,7937,4687
REFERENCE_ollama,WKdm,0,0,1463,4368,4096,7903,4693
REFERENCE_ollama,WKdm,0,0,1464,4368,4096,7897,4694
REFERENCE_ollama,WKdm,0,0,1465,884,4096,7387,5774
REFERENCE_ollama,WKdm,0,0,1466,916,4096,7783,6274
REFERENCE_ollama,WKdm,0,0,1467,4368,4096,7914,4705
REFERENCE_ollama,WKdm,0,0,1468,4368,4096,7943,4929
REFERENCE_ollama,WKdm,0,0,1469,4368,4096,7914,4695
REFERENCE_ollama,WKdm,0,0,1470,728,4096,6814,5492
REFERENCE_ollama,WKdm,0,0,1471,4368,4096,7924,4696
REFERENCE_ollama,WKdm,0,0,1472,4368,4096,7903,4701
REFERENCE_ollama,WKdm,0,0,1473,4368,4096,7896,4690
REFERENCE_ollama,WKdm,0,0,1474,4368,4096,7912,4693
REFERENCE_ollama,WKdm,0,0,1475,4368,4096,7884,4700
REFERENCE_ollama,WKdm,0,0,1476,4368,4096,7902,4693
REFERENCE_ollama,WKdm,0,0,1477,1204,4096,7542,5639
REFERENCE_ollama,WKdm,0,0,1478,4368,4096,7939,4687
REFERENCE_ollama,WKdm,0,0,1479,4368,4096,7920,4695
REFERENCE_ollama,WKdm,0,0,1480,4368,4096,7897,4957
REFERENCE_ollama,WKdm,0,0,1481,4368,4096,7921,4744
REFERENCE_ollama,WKdm,0,0,1482,4368,4096,7893,4688
REFERENCE_ollama,WKdm,0,0,1483,720,4096,7464,6201
REFERENCE_ollama,WKdm,0,0,1484,4368,4096,7928,4684
REFERENCE_ollama,WKdm,0,0,1485,4368,4096,7932,4700
REFERENCE_ollama,WKdm,0,0,1486,4368,4096,7899,4708
REFERENCE_ollama,WKdm,0,0,1487,4368,4096,7901,4687
REFERENCE_ollama,WKdm,0,0,1488,4368,4096,7904,4684
REFERENCE_ollama,WKdm,0,0,1489,4368,4096,7897,4673
REFERENCE_ollama,WKdm,0,0,1490,4368,4096,7907,4682
REFERENCE_ollama,WKdm,0,0,1491,4368,4096,7924,4689
REFERENCE_ollama,WKdm,0,0,1492,4368,4096,7907,4679
REFERENCE_ollama,WKdm,0,0,1493,4368,4096,8106,4715
REFERENCE_ollama,WKdm,0,0,1494,4372,4096,7982,4741
REFERENCE_ollama,WKdm,0,0,1495,4368,4096,7911,4711
REFERENCE_ollama,WKdm,0,0,1496,4368,4096,7908,4675
REFERENCE_ollama,WKdm,0,0,1497,4368,4096,7910,4664
REFERENCE_ollama,WKdm,0,0,1498,4368,4096,7896,4700
REFERENCE_ollama,WKdm,0,0,1499,4368,4096,7905,4687
REFERENCE_ollama,WKdm,0,0,1500,852,4096,7406,5849
REFERENCE_ollama,WKdm,0,0,1501,584,4096,7015,5606
REFERENCE_ollama,WKdm,0,0,1502,4368,4096,7925,4707
REFERENCE_ollama,WKdm,0,0,1503,4368,4096,7908,4688
REFERENCE_ollama,WKdm,0,0,1504,4368,4096,8017,4751
REFERENCE_ollama,WKdm,0,0,1505,4372,4096,7952,4715
REFERENCE_ollama,WKdm,0,0,1506,4368,4096,8199,4715
REFERENCE_ollama,WKdm,0,0,1507,1092,4096,7863,6138
REFERENCE_ollama,WKdm,0,0,1508,948,4096,10365,6411
REFERENCE_ollama,WKdm,0,0,1509,704,4096,7214,5839
REFERENCE_ollama,WKdm,0,0,1510,4368,4096,7410,4396
REFERENCE_ollama,WKdm,0,0,1511,4368,4096,7394,4363
REFERENCE_ollama,WKdm,0,0,1512,4368,4096,7382,4376
REFERENCE_ollama,WKdm,0,0,1513,892,4096,6618,5241
REFERENCE_ollama,WKdm,0,0,1514,4368,4096,7408,4395
REFERENCE_ollama,WKdm,0,0,1515,880,4096,6746,5381
REFERENCE_ollama,WKdm,0,0,1516,920,4096,6758,5414
REFERENCE_ollama,WKdm,0,0,1517,4368,4096,7401,4382
REFERENCE_ollama,WKdm,0,0,1518,576,4096,5842,4838
REFERENCE_ollama,WKdm,0,0,1519,4368,4096,7411,4632
REFERENCE_ollama,WKdm,0,0,1520,1360,4096,5616,4293
REFERENCE_ollama,WKdm,0,0,1521,4368,4096,7381,4381
REFERENCE_ollama,WKdm,0,0,1522,4368,4096,7378,4380
REFERENCE_ollama,WKdm,0,0,1523,4368,4096,7389,4372
REFERENCE_ollama,WKdm,0,0,1524,4368,4096,7370,4372
REFERENCE_ollama,WKdm,0,0,1525,4368,4096,7374,4374
REFERENCE_ollama,WKdm,0,0,1526,1056,4096,6939,5300
REFERENCE_ollama,WKdm,0,0,1527,912,4096,8001,6371
REFERENCE_ollama,WKdm,0,0,1528,4368,4096,7380,4406
REFERENCE_ollama,WKdm,0,0,1529,4368,4096,7397,4394
REFERENCE_ollama,WKdm,0,0,1530,4356,4096,7561,4553
REFERENCE_ollama,WKdm,0,0,1531,1360,4096,9320,7115
REFERENCE_ollama,WKdm,0,0,1532,4368,4096,7065,7653
REFERENCE_ollama,WKdm,0,0,1533,2516,4096,9822,6766
REFERENCE_ollama,WKdm,0,0,1534,4368,4096,7917,4702
REFERENCE_ollama,WKdm,0,0,1535,4368,4096,7894,4681
REFERENCE_ollama,WKdm,0,0,1536,4368,4096,7925,4696
REFERENCE_ollama,WKdm,0,0,1537,4368,4096,7936,4675
REFERENCE_ollama,WKdm,0,0,1538,4368,4096,7920,4682
REFERENCE_ollama,WKdm,0,0,1539,4372,4096,7966,4731
REFERENCE_ollama,WKdm,0,0,1540,4368,4096,7906,4693
REFERENCE_ollama,WKdm,0,0,1541,4368,4096,7885,4669
REFERENCE_ollama,WKdm,0,0,1542,1084,4096,7764,5897
REFERENCE_ollama,WKdm,0,0,1543,4368,4096,7894,4686
REFERENCE_ollama,WKdm,0,0,1544,4368,4096,7898,4683
REFERENCE_ollama,WKdm,0,0,1545,4368,4096,8154,4696
REFERENCE_ollama,WKdm,0,0,1546,4372,4096,7979,4725
REFERENCE_ollama,WKdm,0,0,1547,4368,4096,7921,4689
REFERENCE_ollama,WKdm,0,0,1548,4368,4096,7908,4682
REFERENCE_ollama,WKdm,0,0,1549,4368,4096,7889,4694
REFERENCE_ollama,WKdm,0,0,1550,4368,4096,7903,4686
REFERENCE_ollama,WKdm,0,0,1551,4368,4096,7922,4690
REFERENCE_ollama,WKdm,0,0,1552,852,4096,7183,5922
REFERENCE_ollama,WKdm,0,0,1553,4368,4096,7939,4686
REFERENCE_ollama,WKdm,0,0,1554,4368,4096,7883,4676
REFERENCE_ollama,WKdm,0,0,1555,4368,4096,7892,4709
REFERENCE_ollama,WKdm,0,0,1556,848,4096,6842,5455
REFERENCE_ollama,WKdm,0,0,1557,608,4096,6900,5869
REFERENCE_ollama,WKdm,0,0,1558,1560,4096,11039,7921
REFERENCE_ollama,WKdm,0,0,1559,848,4096,7109,5651
REFERENCE_ollama,WKdm,0,0,1560,844,4096,6877,5390
REFERENCE_ollama,WKdm,0,0,1561,4368,4096,7943,4721
REFERENCE_ollama,WKdm,0,0,1562,4368,4096,7918,4692
REFERENCE_ollama,WKdm,0,0,1563,4368,4096,7891,4695
REFERENCE_ollama,WKdm,0,0,1564,4368,4096,11491,5001
REFERENCE_ollama,WKdm,0,0,1565,4368,4096,9245,5458
REFERENCE_ollama,WKdm,0,0,1566,788,4096,8415,6698
REFERENCE_ollama,WKdm,0,0,1567,4368,4096,9229,5500
REFERENCE_ollama,WKdm,0,0,1568,4368,4096,9226,5472
REFERENCE_ollama,WKdm,0,0,1569,4368,4096,9216,5593
REFERENCE_ollama,WKdm,0,0,1570,888,4096,7168,5733
REFERENCE_ollama,WKdm,0,0,1571,976,4096,7723,6219
REFERENCE_ollama,WKdm,0,0,1572,4368,4096,7929,4696
REFERENCE_ollama,WKdm,0,0,1573,4368,4096,7915,4655
REFERENCE_ollama,WKdm,0,0,1574,4368,4096,7914,4676
REFERENCE_ollama,WKdm,0,0,1575,4368,4096,7909,4686
REFERENCE_ollama,WKdm,0,0,1576,1156,4096,8160,6568
REFERENCE_ollama,WKdm,0,0,1577,4368,4096,7508,6551
REFERENCE_ollama,WKdm,0,0,1578,4368,4096,7395,4375
REFERENCE_ollama,WKdm,0,0,1579,4368,4096,7387,4386
REFERENCE_ollama,WKdm,0,0,1580,880,4096,6511,5199
REFERENCE_ollama,WKdm,0,0,1581,4368,4096,7748,4349
REFERENCE_ollama,WKdm,0,0,1582,4368,4096,7367,4378
REFERENCE_ollama,WKdm,0,0,1583,4368,4096,7382,4385
REFERENCE_ollama,WKdm,0,0,1584,4368,4096,7398,4371
REFERENCE_ollama,WKdm,0,0,1585,4368,4096,7382,4398
REFERENCE_ollama,WKdm,0,0,1586,604,4096,6649,5250
REFERENCE_ollama,WKdm,0,0,1587,1204,4096,8392,6837
REFERENCE_ollama,WKdm,0,0,1588,1224,4096,8183,6321
REFERENCE_ollama,WKdm,0,0,1589,4368,4096,7425,4401
REFERENCE_ollama,WKdm,0,0,1590,4368,4096,7394,4376
REFERENCE_ollama,WKdm,0,0,1591,4368,4096,7399,4355
REFERENCE_ollama,WKdm,0,0,1592,1020,4096,7056,5795
REFERENCE_ollama,WKdm,0,0,1593,4368,4096,7378,4408
REFERENCE_ollama,WKdm,0,0,1594,880,4096,6298,5030
REFERENCE_ollama,WKdm,0,0,1595,4368,4096,11244,4680
REFERENCE_ollama,WKdm,0,0,1596,4368,4096,7918,4687
REFERENCE_ollama,WKdm,0,0,1597,4368,4096,7923,4706
REFERENCE_ollama,WKdm,0,0,1598,1460,4096,10243,7786
REFERENCE_ollama,WKdm,0,0,1599,4368,4096,7930,4694
REFERENCE_ollama,WKdm,0,0,1600,4368,4096,7922,4704
REFERENCE_ollama,WKdm,0,0,1601,2044,4096,13332,7299
REFERENCE_ollama,WKdm,0,0,1602,1416,4096,10897,8635
REFERENCE_ollama,WKdm,0,0,1603,4368,4096,9252,5478
REFERENCE_ollama,WKdm,0,0,1604,4368,4096,9232,5472
REFERENCE_ollama,WKdm,0,0,1605,4368,4096,9229,5776
REFERENCE_ollama,WKdm,0,0,1606,4368,4096,9242,5471
REFERENCE_ollama,WKdm,0,0,1607,4368,4096,9216,5465
REFERENCE_ollama,WKdm,0,0,1608,4368,4096,9209,5477
REFERENCE_ollama,WKdm,0,0,1609,4368,4096,9225,5477
REFERENCE_ollama,WKdm,0,0,1610,4368,4096,9212,5439
REFERENCE_ollama,WKdm,0,0,1611,1232,4096,9468,7545
REFERENCE_ollama,WKdm,0,0,1612,4368,4096,10739,4693
REFERENCE_ollama,WKdm,0,0,1613,4368,4096,7916,4682
REFERENCE_ollama,WKdm,0,0,1614,4368,4096,7916,4701
REFERENCE_ollama,WKdm,0,0,1615,4368,4096,7912,4689
REFERENCE_ollama,WKdm,0,0,1616,4368,4096,7877,4692
REFERENCE_ollama,WKdm,0,0,1617,4368,4096,8171,4700
REFERENCE_ollama,WKdm,0,0,1618,4368,4096,7888,4670
REFERENCE_ollama,WKdm,0,0,1619,1360,4096,6056,4615
REFERENCE_ollama,WKdm,0,0,1620,4368,4096,7899,4709
REFERENCE_ollama,WKdm,0,0,1621,4368,4096,7913,4700
REFERENCE_ollama,WKdm,0,0,1622,4372,4096,7989,4733
REFERENCE_ollama,WKdm,0,0,1623,4364,4096,7990,4761
REFERENCE_ollama,WKdm,0,0,1624,4368,4096,7920,4690
REFERENCE_ollama,WKdm,0,0,1625,4368,4096,7877,4705
REFERENCE_ollama,WKdm,0,0,1626,4368,4096,7908,7814
REFERENCE_ollama,WKdm,0,0,1627,4368,4096,9206,5463
REFERENCE_ollama,WKdm,0,0,1628,4368,4096,9219,5480
REFERENCE_ollama,WKdm,0,0,1629,832,4096,8511,6442
REFERENCE_ollama,WKdm,0,0,1630,884,4096,7464,8406
REFERENCE_ollama,WKdm,0,0,1631,1168,4096,8003,6431
REFERENCE_ollama,WKdm,0,0,1632,280,4096,5354,4562
REFERENCE_ollama,WKdm,0,0,1633,992,4096,7598,5754
REFERENCE_ollama,WKdm,0,0,1634,4368,4096,7947,4724
REFERENCE_ollama,WKdm,0,0,1635,1012,4096,7973,6263
REFERENCE_ollama,WKdm,0,0,1636,960,4096,7616,5989
REFERENCE_ollama,WKdm,0,0,1637,4368,4096,7944,4706
REFERENCE_ollama,WKdm,0,0,1638,4368,4096,7923,4683
REFERENCE_ollama,WKdm,0,0,1639,4368,4096,7915,4679
REFERENCE_ollama,WKdm,0,0,1640,916,4096,6939,5573
REFERENCE_ollama,WKdm,0,0,1641,4368,4096,7923,4714
REFERENCE_ollama,WKdm,0,0,1642,4368,4096,8312,4724
REFERENCE_ollama,WKdm,0,0,1643,4368,4096,7908,4689
REFERENCE_ollama,WKdm,0,0,1644,4368,4096,7883,4684
REFERENCE_ollama,WKdm,0,0,1645,4368,4096,7879,4692
REFERENCE_ollama,WKdm,0,0,1646,4368,4096,7894,4702
REFERENCE_ollama,WKdm,0,0,1647,892,4096,6756,5372
REFERENCE_ollama,WKdm,0,0,1648,668,4096,6710,5479
REFERENCE_ollama,WKdm,0,0,1649,4368,4096,7913,4692
REFERENCE_ollama,WKdm,0,0,1650,4368,4096,7905,4706
REFERENCE_ollama,WKdm,0,0,1651,4368,4096,7893,4707
REFERENCE_ollama,WKdm,0,0,1652,4368,4096,7913,4716
REFERENCE_ollama,WKdm,0,0,1653,4368,4096,7886,4698
REFERENCE_ollama,WKdm,0,0,1654,4368,4096,7879,4701
REFERENCE_ollama,WKdm,0,0,1655,4368,4096,8164,4724
REFERENCE_ollama,WKdm,0,0,1656,4368,4096,7479,6623
REFERENCE_ollama,WKdm,0,0,1657,844,4096,6678,5364
REFERENCE_ollama,WKdm,0,0,1658,4368,4096,7390,4380
REFERENCE_ollama,WKdm,0,0,1659,4368,4096,7376,4399
REFERENCE_ollama,WKdm,0,0,1660,4368,4096,7384,4400
REFERENCE_ollama,WKdm,0,0,1661,4372,4096,7456,4424
REFERENCE_ollama,WKdm,0,0,1662,4368,4096,7373,4382
REFERENCE_ollama,WKdm,0,0,1663,1616,4096,8288,5870
REFERENCE_ollama,WKdm,0,0,1664,4368,4096,7402,4404
REFERENCE_ollama,WKdm,0,0,1665,4368,4096,7403,4381
REFERENCE_ollama,WKdm,0,0,1666,4368,4096,7405,4390
REFERENCE_ollama,WKdm,0,0,1667,4368,4096,7387,4375
REFERENCE_ollama,WKdm,0,0,1668,4368,4096,7665,4408
REFERENCE_ollama,WKdm,0,0,1669,4368,4096,7402,4398
REFERENCE_ollama,WKdm,0,0,1670,4368,4096,7377,4378
REFERENCE_ollama,WKdm,0,0,1671,912,4096,7939,6405
REFERENCE_ollama,WKdm,0,0,1672,1012,4096,7531,5749
REFERENCE_ollama,WKdm,0,0,1673,796,4096,7722,6350
REFERENCE_ollama,WKdm,0,0,1674,4368,4096,7415,4398
REFERENCE_ollama,WKdm,0,0,1675,4368,4096,7382,4394
REFERENCE_ollama,WKdm,0,0,1676,2216,4096,10222,7823
REFERENCE_ollama,WKdm,0,0,1677,1084,4096,7970,6011
REFERENCE_ollama,WKdm,0,0,1678,1192,4096,5585,4296
REFERENCE_ollama,WKdm,0,0,1679,2044,4096,9391,6339
REFERENCE_ollama,WKdm,0,0,1680,904,4096,6598,5400
REFERENCE_ollama,WKdm,0,0,1681,4368,4096,7442,4388
REFERENCE_ollama,WKdm,0,0,1682,1108,4096,8147,6417
REFERENCE_ollama,WKdm,0,0,1683,4368,4096,7399,4386
REFERENCE_ollama,WKdm,0,0,1684,4368,4096,7398,4393
REFERENCE_ollama,WKdm,0,0,1685,4368,4096,7404,4396
REFERENCE_ollama,WKdm,0,0,1686,328,4096,5137,4354
REFERENCE_ollama,WKdm,0,0,1687,1032,4096,7226,5362
REFERENCE_ollama,WKdm,0,0,1688,4368,4096,7409,4399
REFERENCE_ollama,WKdm,0,0,1689,872,4096,6550,5241
REFERENCE_ollama,WKdm,0,0,1690,1060,4096,7288,5694
REFERENCE_ollama,WKdm,0,0,1691,4368,4096,7400,4413
REFERENCE_ollama,WKdm,0,0,1692,876,4096,6384,5161
REFERENCE_ollama,WKdm,0,0,1693,4368,4096,7392,4396
REFERENCE_ollama,WKdm,0,0,1694,4368,4096,10758,4941
REFERENCE_ollama,WKdm,0,0,1695,1692,4096,11863,9071
REFERENCE_ollama,WKdm,0,0,1696,4368,4096,7950,4693
REFERENCE_ollama,WKdm,0,0,1697,4368,4096,7920,4703
REFERENCE_ollama,WKdm,0,0,1698,4368,4096,7935,4685
REFERENCE_ollama,WKdm,0,0,1699,892,4096,7208,5669
REFERENCE_ollama,WKdm,0,0,1700,944,4096,7580,6262
REFERENCE_ollama,WKdm,0,0,1701,1492,4096,10052,7479
REFERENCE_ollama,WKdm,0,0,1702,1768,4096,11604,8576
REFERENCE_ollama,WKdm,0,0,1703,4368,4096,7951,4721
REFERENCE_ollama,WKdm,0,0,1704,872,4096,7387,5928
REFERENCE_ollama,WKdm,0,0,1705,4368,4096,8176,4709
REFERENCE_ollama,WKdm,0,0,1706,4368,4096,7921,4687
REFERENCE_ollama,WKdm,0,0,1707,4368,4096,7900,4675
REFERENCE_ollama,WKdm,0,0,1708,840,4096,7005,5564
REFERENCE_ollama,WKdm,0,0,1709,4368,4096,7934,4690
REFERENCE_ollama,WKdm,0,0,1710,4368,4096,7898,4701
REFERENCE_ollama,WKdm,0,0,1711,4368,4096,7911,4699
REFERENCE_ollama,WKdm,0,0,1712,4368,4096,7893,4685
REFERENCE_ollama,WKdm,0,0,1713,4368,4096,7903,4670
REFERENCE_ollama,WKdm,0,0,1714,4368,4096,7896,4684
REFERENCE_ollama,WKdm,0,0,1715,4368,4096,7889,4676
REFERENCE_ollama,WKdm,0,0,1716,1052,4096,7987,5946
REFERENCE_ollama,WKdm,0,0,1717,4368,4096,7901,4719
REFERENCE_ollama,WKdm,0,0,1718,4368,4096,7583,4722
REFERENCE_ollama,WKdm,0,0,1719,4368,4096,7490,6606
REFERENCE_ollama,WKdm,0,0,1720,4368,4096,7382,4375
REFERENCE_ollama,WKdm,0,0,1721,4368,4096,7362,4374
REFERENCE_ollama,WKdm,0,0,1722,4368,4096,7367,4385
REFERENCE_ollama,WKdm,0,0,1723,832,4096,6713,5496
REFERENCE_ollama,WKdm,0,0,1724,4368,4096,7414,4409
REFERENCE_ollama,WKdm,0,0,1725,4368,4096,7390,4381
REFERENCE_ollama,WKdm,0,0,1726,4368,4096,7399,4376
REFERENCE_ollama,WKdm,0,0,1727,4368,4096,7391,4381
REFERENCE_ollama,WKdm,0,0,1728,1360,4096,5594,4270
REFERENCE_ollama,WKdm,0,0,1729,1256,4096,7850,6245
REFERENCE_ollama,WKdm,0,0,1730,732,4096,7260,5979
REFERENCE_ollama,WKdm,0,0,1731,4368,4096,7419,4733
REFERENCE_ollama,WKdm,0,0,1732,4368,4096,7394,4377
REFERENCE_ollama,WKdm,0,0,1733,4368,4096,7375,4365
REFERENCE_ollama,WKdm,0,0,1734,4368,4096,7371,4364
REFERENCE_ollama,WKdm,0,0,1735,4368,4096,7398,4371
REFERENCE_ollama,WKdm,0,0,1736,3348,4096,6872,4436
REFERENCE_ollama,WKdm,0,0,1737,1360,4096,5578,4268
REFERENCE_ollama,WKdm,0,0,1738,4368,4096,7386,4383
REFERENCE_ollama,WKdm,0,0,1739,1116,4096,7649,6089
REFERENCE_ollama,WKdm,0,0,1740,4368,4096,7382,4389
REFERENCE_ollama,WKdm,0,0,1741,4368,4096,7391,4385
REFERENCE_ollama,WKdm,0,0,1742,4368,4096,7389,4371
REFERENCE_ollama,WKdm,0,0,1743,4368,4096,7394,4382
REFERENCE_ollama,WKdm,0,0,1744,4368,4096,7391,4380
REFERENCE_ollama,WKdm,0,0,1745,4368,4096,8092,4146
REFERENCE_ollama,WKdm,0,0,1746,876,4096,6613,5251
REFERENCE_ollama,WKdm,0,0,1747,1152,4096,7318,5650
REFERENCE_ollama,WKdm,0,0,1748,1908,4096,9251,7341
REFERENCE_ollama,WKdm,0,0,1749,4368,4096,7441,4424
REFERENCE_ollama,WKdm,0,0,1750,4368,4096,7358,4370
REFERENCE_ollama,WKdm,0,0,1751,4368,4096,7379,4384
REFERENCE_ollama,WKdm,0,0,1752,932,4096,6624,5244
REFERENCE_ollama,WKdm,0,0,1753,1076,4096,7363,5754
REFERENCE_ollama,WKdm,0,0,1754,4368,4096,7381,4400
REFERENCE_ollama,WKdm,0,0,1755,4368,4096,7389,4389
REFERENCE_ollama,WKdm,0,0,1756,652,4096,6205,5099
REFERENCE_ollama,WKdm,0,0,1757,4368,4096,7391,4384
REFERENCE_ollama,WKdm,0,0,1758,292,4096,4795,7393
REFERENCE_ollama,WKdm,0,0,1759,1440,4096,9807,7406
REFERENCE_ollama,WKdm,0,0,1760,4368,4096,7927,4722
REFERENCE_ollama,WKdm,0,0,1761,4368,4096,7899,4676
REFERENCE_ollama,WKdm,0,0,1762,4368,4096,7905,4694
REFERENCE_ollama,WKdm,0,0,1763,4368,4096,7927,4697
REFERENCE_ollama,WKdm,0,0,1764,4368,4096,7928,4671
REFERENCE_ollama,WKdm,0,0,1765,852,4096,7198,5656
REFERENCE_ollama,WKdm,0,0,1766,4368,4096,7951,4696
REFERENCE_ollama,WKdm,0,0,1767,4372,4096,8011,4755
REFERENCE_ollama,WKdm,0,0,1768,984,4096,7329,5715
REFERENCE_ollama,WKdm,0,0,1769,4368,4096,7944,4693
REFERENCE_ollama,WKdm,0,0,1770,4368,4096,12646,5483
REFERENCE_ollama,WKdm,0,0,1771,4368,4096,9257,5446
REFERENCE_ollama,WKdm,0,0,1772,4368,4096,10696,4689
REFERENCE_ollama,WKdm,0,0,1773,4316,4096,7959,4805
REFERENCE_ollama,WKdm,0,0,1774,4368,4096,7935,4698
REFERENCE_ollama,WKdm,0,0,1775,4368,4096,7911,4672
REFERENCE_ollama,WKdm,0,0,1776,4368,4096,7923,4684
REFERENCE_ollama,WKdm,0,0,1777,1912,4096,8837,6229
REFERENCE_ollama,WKdm,0,0,1778,624,4096,7195,5924
REFERENCE_ollama,WKdm,0,0,1779,4368,4096,7940,4699
REFERENCE_ollama,WKdm,0,0,1780,4368,4096,7951,4695
REFERENCE_ollama,WKdm,0,0,1781,4368,4096,7927,4716
REFERENCE_ollama,WKdm,0,0,1782,4368,4096,8165,4723
REFERENCE_ollama,WKdm,0,0,1783,4368,4096,8010,4744
REFERENCE_ollama,WKdm,0,0,1784,892,4096,8282,6476
REFERENCE_ollama,WKdm,0,0,1785,4368,4096,9786,4526
REFERENCE_ollama,WKdm,0,0,1786,4368,4096,10623,4471
REFERENCE_ollama,WKdm,0,0,1787,3408,4096,7355,4665
REFERENCE_ollama,WKdm,0,0,1788,3412,4096,7401,4721
REFERENCE_ollama,WKdm,0,0,1789,4368,4096,7964,4694
REFERENCE_ollama,WKdm,0,0,1790,4368,4096,8458,5164
REFERENCE_ollama,WKdm,0,0,1791,4368,4096,9274,5470
REFERENCE_ollama,WKdm,0,0,1792,4368,4096,9274,5464
REFERENCE_ollama,WKdm,0,0,1793,4368,4096,9246,5475
REFERENCE_ollama,WKdm,0,0,1794,4368,4096,9524,5477
REFERENCE_ollama,WKdm,0,0,1795,4368,4096,9248,5452
REFERENCE_ollama,WKdm,0,0,1796,4368,4096,9221,5469
REFERENCE_ollama,WKdm,0,0,1797,4368,4096,9271,5437
REFERENCE_ollama,WKdm,0,0,1798,4368,4096,9260,5453
REFERENCE_ollama,WKdm,0,0,1799,4368,4096,9256,5444
REFERENCE_ollama,WKdm,0,0,1800,4368,4096,9247,5453
REFERENCE_ollama,WKdm,0,0,1801,4368,4096,9239,5480
REFERENCE_ollama,WKdm,0,0,1802,4368,4096,9267,5440
REFERENCE_ollama,WKdm,0,0,1803,4368,4096,9260,5475
REFERENCE_ollama,WKdm,0,0,1804,1360,4096,7017,5349
REFERENCE_ollama,WKdm,0,0,1805,884,4096,9283,7355
REFERENCE_ollama,WKdm,0,0,1806,1588,4096,11001,8419
REFERENCE_ollama,WKdm,0,0,1807,1632,4096,15034,10845
REFERENCE_ollama,WKdm,0,0,1808,976,4096,10388,8080
REFERENCE_ollama,WKdm,0,0,1809,920,4096,10474,8572
REFERENCE_ollama,WKdm,0,0,1810,4368,4096,9256,5490
REFERENCE_ollama,WKdm,0,0,1811,4368,4096,9243,5497
REFERENCE_ollama,WKdm,0,0,1812,4368,4096,9240,5485
REFERENCE_ollama,WKdm,0,0,1813,4368,4096,9235,5492
REFERENCE_ollama,WKdm,0,0,1814,4368,4096,9253,5471
REFERENCE_ollama,WKdm,0,0,1815,4368,4096,9512,5474
REFERENCE_ollama,WKdm,0,0,1816,4368,4096,7926,4728
REFERENCE_ollama,WKdm,0,0,1817,1076,4096,8147,6385
REFERENCE_ollama,WKdm,0,0,1818,4368,4096,7902,4699
REFERENCE_ollama,WKdm,0,0,1819,4132,4096,8476,5407
REFERENCE_ollama,WKdm,0,0,1820,1168,4096,8727,6566
REFERENCE_ollama,WKdm,0,0,1821,4368,4096,7906,4699
REFERENCE_ollama,WKdm,0,0,1822,832,4096,7328,6022
REFERENCE_ollama,WKdm,0,0,1823,1360,4096,6006,4588
REFERENCE_ollama,WKdm,0,0,1824,4368,4096,8022,4752
REFERENCE_ollama,WKdm,0,0,1825,4368,4096,7895,4700
REFERENCE_ollama,WKdm,0,0,1826,4368,4096,7897,4689
REFERENCE_ollama,WKdm,0,0,1827,708,4096,6342,4697
REFERENCE_ollama,WKdm,0,0,1828,4372,4096,7955,4738
REFERENCE_ollama,WKdm,0,0,1829,4368,4096,7907,4689
REFERENCE_ollama,WKdm,0,0,1830,4368,4096,7911,4697
REFERENCE_ollama,WKdm,0,0,1831,4368,4096,7886,4672
REFERENCE_ollama,WKdm,0,0,1832,4368,4096,7894,4681
REFERENCE_ollama,WKdm,0,0,1833,4368,4096,7902,4686
REFERENCE_ollama,WKdm,0,0,1834,1104,4096,8905,7067
REFERENCE_ollama,WKdm,0,0,1835,4364,4096,8007,4774
REFERENCE_ollama,WKdm,0,0,1836,1080,4096,7866,6167
REFERENCE_ollama,WKdm,0,0,1837,2384,4096,6665,4621
REFERENCE_ollama,WKdm,0,0,1838,4368,4096,7928,4721
REFERENCE_ollama,WKdm,0,0,1839,4368,4096,7892,4693
REFERENCE_ollama,WKdm,0,0,1840,4368,4096,7907,4247
REFERENCE_ollama,WKdm,0,0,1841,4368,4096,7903,4685
REFERENCE_ollama,WKdm,0,0,1842,4368,4096,7897,4685
REFERENCE_ollama,WKdm,0,0,1843,4368,4096,7890,4705
REFERENCE_ollama,WKdm,0,0,1844,840,4096,7183,5728
REFERENCE_ollama,WKdm,0,0,1845,4372,4096,8006,4738
REFERENCE_ollama,WKdm,0,0,1846,4368,4096,7936,4708
REFERENCE_ollama,WKdm,0,0,1847,3408,4096,7316,4660
REFERENCE_ollama,WKdm,0,0,1848,4368,4096,7964,4741
REFERENCE_ollama,WKdm,0,0,1849,4368,4096,7933,4700
REFERENCE_ollama,WKdm,0,0,1850,4368,4096,7885,4698
REFERENCE_ollama,WKdm,0,0,1851,308,4096,5511,4676
REFERENCE_ollama,WKdm,0,0,1852,4368,4096,7897,4701
REFERENCE_ollama,WKdm,0,0,1853,4368,4096,8382,4756
REFERENCE_ollama,WKdm,0,0,1854,4368,4096,7923,4715
REFERENCE_ollama,WKdm,0,0,1855,652,4096,7419,6090
REFERENCE_ollama,WKdm,0,0,1856,4368,4096,7930,4698
REFERENCE_ollama,WKdm,0,0,1857,4368,4096,7922,4690
REFERENCE_ollama,WKdm,0,0,1858,4368,4096,7938,4722
REFERENCE_ollama,WKdm,0,0,1859,4368,4096,7891,4695
REFERENCE_ollama,WKdm,0,0,1860,4368,4096,7908,4685
REFERENCE_ollama,WKdm,0,0,1861,4368,4096,7905,4695
REFERENCE_ollama,WKdm,0,0,1862,4368,4096,7898,4682
REFERENCE_ollama,WKdm,0,0,1863,4368,4096,7888,4681
REFERENCE_ollama,WKdm,0,0,1864,1092,4096,8569,6627
REFERENCE_ollama,WKdm,0,0,1865,4368,4096,7926,4998
REFERENCE_ollama,WKdm,0,0,1866,1996,4096,9281,6997
REFERENCE_ollama,WKdm,0,0,1867,4368,4096,7920,4698
REFERENCE_ollama,WKdm,0,0,1868,4372,4096,7971,4764
REFERENCE_ollama,WKdm,0,0,1869,720,4096,7568,6267
REFERENCE_ollama,WKdm,0,0,1870,1100,4096,8222,6241
REFERENCE_ollama,WKdm,0,0,1871,4368,4096,7923,4744
REFERENCE_ollama,WKdm,0,0,1872,4368,4096,7890,4699
REFERENCE_ollama,WKdm,0,0,1873,4368,4096,7890,4696
REFERENCE_ollama,WKdm,0,0,1874,896,4096,7256,5960
REFERENCE_ollama,WKdm,0,0,1875,4368,4096,7931,4697
REFERENCE_ollama,WKdm,0,0,1876,4368,4096,7916,4671
REFERENCE_ollama,WKdm,0,0,1877,4368,4096,7947,4701
REFERENCE_ollama,WKdm,0,0,1878,1072,4096,8329,6436
REFERENCE_ollama,WKdm,0,0,1879,1676,4096,9516,6996
REFERENCE_ollama,WKdm,0,0,1880,2032,4096,6604,4755
REFERENCE_ollama,WKdm,0,0,1881,984,4096,7287,5902
REFERENCE_ollama,WKdm,0,0,1882,1940,4096,9042,6553
REFERENCE_ollama,WKdm,0,0,1883,4368,4096,7924,4697
REFERENCE_ollama,WKdm,0,0,1884,4368,4096,8007,4793
REFERENCE_ollama,WKdm,0,0,1885,1548,4096,10218,7628
REFERENCE_ollama,WKdm,0,0,1886,316,4096,5483,4628
REFERENCE_ollama,WKdm,0,0,1887,1388,4096,7019,5291
REFERENCE_ollama,WKdm,0,0,1888,476,4096,6164,5163
REFERENCE_ollama,WKdm,0,0,1889,904,4096,8044,6636
REFERENCE_ollama,WKdm,0,0,1890,848,4096,7475,6150
REFERENCE_ollama,WKdm,0,0,1891,948,4096,8947,6961
REFERENCE_ollama,WKdm,0,0,1892,4368,4096,7973,4689
REFERENCE_ollama,WKdm,0,0,1893,4368,4096,7913,4683
REFERENCE_ollama,WKdm,0,0,1894,4368,4096,7920,4673
REFERENCE_ollama,WKdm,0,0,1895,3344,4096,7308,4698
REFERENCE_ollama,WKdm,0,0,1896,4368,4096,7932,4696
REFERENCE_ollama,WKdm,0,0,1897,3344,4096,7260,4652
REFERENCE_ollama,WKdm,0,0,1898,1428,4096,9416,7129
REFERENCE_ollama,WKdm,0,0,1899,4368,4096,7931,4690
REFERENCE_ollama,WKdm,0,0,1900,4368,4096,7929,4697
REFERENCE_ollama,WKdm,0,0,1901,1092,4096,7871,6128
REFERENCE_ollama,WKdm,0,0,1902,4368,4096,8182,4727
REFERENCE_ollama,WKdm,0,0,1903,944,4096,7343,5968
REFERENCE_ollama,WKdm,0,0,1904,1212,4096,9490,7551
REFERENCE_ollama,WKdm,0,0,1905,556,4096,6886,5708
REFERENCE_ollama,WKdm,0,0,1906,4368,4096,7948,4699
REFERENCE_ollama,WKdm,0,0,1907,4368,4096,7927,4687
REFERENCE_ollama,WKdm,0,0,1908,4368,4096,7900,4691
REFERENCE_ollama,WKdm,0,0,1909,4368,4096,7893,4707
REFERENCE_ollama,WKdm,0,0,1910,1388,4096,9088,6793
REFERENCE_ollama,WKdm,0,0,1911,796,4096,7705,6276
REFERENCE_ollama,WKdm,0,0,1912,1284,4096,7941,6110
REFERENCE_ollama,WKdm,0,0,1913,4368,4096,7906,4701
REFERENCE_ollama,WKdm,0,0,1914,844,4096,7860,6058
REFERENCE_ollama,WKdm,0,0,1915,4368,4096,7924,4669
REFERENCE_ollama,WKdm,0,0,1916,884,4096,7144,5751
REFERENCE_ollama,WKdm,0,0,1917,4368,4096,7921,4690
REFERENCE_ollama,WKdm,0,0,1918,1248,4096,9265,6851
REFERENCE_ollama,WKdm,0,0,1919,1192,4096,5959,4602
REFERENCE_ollama,WKdm,0,0,1920,4368,4096,7889,4711
REFERENCE_ollama,WKdm,0,0,1921,4368,4096,7904,4710
REFERENCE_ollama,WKdm,0,0,1922,4368,4096,7920,4714
REFERENCE_ollama,WKdm,0,0,1923,3408,4096,7361,4687
REFERENCE_ollama,WKdm,0,0,1924,4368,4096,7931,4686
REFERENCE_ollama,WKdm,0,0,1925,1152,4096,8016,6502
REFERENCE_ollama,WKdm,0,0,1926,1008,4096,7706,6094
REFERENCE_ollama,WKdm,0,0,1927,4368,4096,7653,4723
REFERENCE_ollama,WKdm,0,0,1928,1440,4096,8437,6044
REFERENCE_ollama,WKdm,0,0,1929,4368,4096,7904,4682
REFERENCE_ollama,WKdm,0,0,1930,4368,4096,7904,4703
REFERENCE_ollama,WKdm,0,0,1931,4368,4096,7933,4692
REFERENCE_ollama,WKdm,0,0,1932,4368,4096,7891,4687
REFERENCE_ollama,WKdm,0,0,1933,4368,4096,7934,4663
REFERENCE_ollama,WKdm,0,0,1934,4368,4096,7889,4669
REFERENCE_ollama,WKdm,0,0,1935,4368,4096,7897,4672
REFERENCE_ollama,WKdm,0,0,1936,4368,4096,7917,4711
REFERENCE_ollama,WKdm,0,0,1937,872,4096,7083,5690
REFERENCE_ollama,WKdm,0,0,1938,4368,4096,7925,4698
REFERENCE_ollama,WKdm,0,0,1939,4372,4096,7999,5004
REFERENCE_ollama,WKdm,0,0,1940,4368,4096,7897,4702
REFERENCE_ollama,WKdm,0,0,1941,4368,4096,7899,4711
REFERENCE_ollama,WKdm,0,0,1942,844,4096,6835,5430
REFERENCE_ollama,WKdm,0,0,1943,576,4096,6300,5191
REFERENCE_ollama,WKdm,0,0,1944,1704,4096,9429,7543
REFERENCE_ollama,WKdm,0,0,1945,1576,4096,8128,6223
REFERENCE_ollama,WKdm,0,0,1946,844,4096,6957,5714
REFERENCE_ollama,WKdm,0,0,1947,504,4096,6096,5021
REFERENCE_ollama,WKdm,0,0,1948,4368,4096,7956,4705
REFERENCE_ollama,WKdm,0,0,1949,988,4096,7233,5711
REFERENCE_ollama,WKdm,0,0,1950,4368,4096,7918,4721
REFERENCE_ollama,WKdm,0,0,1951,4368,4096,7905,4694
REFERENCE_ollama,WKdm,0,0,1952,1828,4096,10882,8184
REFERENCE_ollama,WKdm,0,0,1953,4368,4096,7925,4704
REFERENCE_ollama,WKdm,0,0,1954,288,4096,5384,4618
REFERENCE_ollama,WKdm,0,0,1955,876,4096,7333,5860
REFERENCE_ollama,WKdm,0,0,1956,304,4096,5426,4614
REFERENCE_ollama,WKdm,0,0,1957,1908,4096,11519,8700
REFERENCE_ollama,WKdm,0,0,1958,892,4096,7964,6415
REFERENCE_ollama,WKdm,0,0,1959,284,4096,5353,4580
REFERENCE_ollama,WKdm,0,0,1960,2460,4096,10393,7124
REFERENCE_ollama,WKdm,0,0,1961,320,4096,5476,4614
REFERENCE_ollama,WKdm,0,0,1962,1900,4096,11397,8396
REFERENCE_ollama,WKdm,0,0,1963,4368,4096,7944,4692
REFERENCE_ollama,WKdm,0,0,1964,424,4096,6129,5065
REFERENCE_ollama,WKdm,0,0,1965,4372,4096,7988,4771
REFERENCE_ollama,WKdm,0,0,1966,4368,4096,7918,4684
REFERENCE_ollama,WKdm,0,0,1967,4368,4096,7915,4658
REFERENCE_ollama,WKdm,0,0,1968,4368,4096,7925,4684
REFERENCE_ollama,WKdm,0,0,1969,1832,4096,11805,8735
REFERENCE_ollama,WKdm,0,0,1970,912,4096,8121,6407
REFERENCE_ollama,WKdm,0,0,1971,4368,4096,7920,4705
REFERENCE_ollama,WKdm,0,0,1972,312,4096,5438,4686
REFERENCE_ollama,WKdm,0,0,1973,1896,4096,8643,6214
REFERENCE_ollama,WKdm,0,0,1974,1032,4096,8708,6722
REFERENCE_ollama,WKdm,0,0,1975,4368,4096,7957,4701
REFERENCE_ollama,WKdm,0,0,1976,4368,4096,8198,4704
REFERENCE_ollama,WKdm,0,0,1977,4368,4096,7913,4718
REFERENCE_ollama,WKdm,0,0,1978,4368,4096,7925,4697
REFERENCE_ollama,WKdm,0,0,1979,4368,4096,7931,4708
REFERENCE_ollama,WKdm,0,0,1980,4368,4096,7918,4693
REFERENCE_ollama,WKdm,0,0,1981,4368,4096,7910,4696
REFERENCE_ollama,WKdm,0,0,1982,1360,4096,5986,4573
REFERENCE_ollama,WKdm,0,0,1983,4368,4096,7913,4698
REFERENCE_ollama,WKdm,0,0,1984,4368,4096,7886,4697
REFERENCE_ollama,WKdm,0,0,1985,1032,4096,8588,6832
REFERENCE_ollama,WKdm,0,0,1986,4368,4096,7936,4684
REFERENCE_ollama,WKdm,0,0,1987,4368,4096,7907,4687
REFERENCE_ollama,WKdm,0,0,1988,4368,4096,8154,4681
REFERENCE_ollama,WKdm,0,0,1989,364,4096,5502,4635
REFERENCE_ollama,WKdm,0,0,1990,4368,4096,7915,4696
REFERENCE_ollama,WKdm,0,0,1991,4368,4096,7895,4692
REFERENCE_ollama,WKdm,0,0,1992,872,4096,7267,5785
REFERENCE_ollama,WKdm,0,0,1993,4368,4096,7913,4705
REFERENCE_ollama,WKdm,0,0,1994,1068,4096,7754,6132
REFERENCE_ollama,WKdm,0,0,1995,996,4096,7721,5874
REFERENCE_ollama,WKdm,0,0,1996,596,4096,6535,5459
REFERENCE_ollama,WKdm,0,0,1997,4368,4096,7957,4701
REFERENCE_ollama,WKdm,0,0,1998,4368,4096,7909,4687
REFERENCE_ollama,WKdm,0,0,1999,4368,4096,7939,4685
REFERENCE_ollama,WKdm,0,0,2000,4368,4096,7934,4688
REFERENCE_ollama,WKdm,0,0,2001,4368,4096,8219,4700
REFERENCE_ollama,WKdm,0,0,2002,4368,4096,7936,4701
REFERENCE_ollama,WKdm,0,0,2003,4368,4096,7912,4700
REFERENCE_ollama,WKdm,0,0,2004,884,4096,6947,5583
REFERENCE_ollama,WKdm,0,0,2005,1556,4096,8424,6555
REFERENCE_ollama,WKdm,0,0,2006,4368,4096,7951,4688
REFERENCE_ollama,WKdm,0,0,2007,4368,4096,7946,4678
REFERENCE_ollama,WKdm,0,0,2008,4368,4096,7932,4696
REFERENCE_ollama,WKdm,0,0,2009,3408,4096,7297,4661
REFERENCE_ollama,WKdm,0,0,2010,1068,4096,7939,6470
REFERENCE_ollama,WKdm,0,0,2011,4368,4096,7955,4687
REFERENCE_ollama,WKdm,0,0,2012,4368,4096,7952,4676
REFERENCE_ollama,WKdm,0,0,2013,4368,4096,7926,4693
REFERENCE_ollama,WKdm,0,0,2014,4368,4096,8184,4691
REFERENCE_ollama,WKdm,0,0,2015,1256,4096,6573,5071
REFERENCE_ollama,WKdm,0,0,2016,4368,4096,7933,4696
REFERENCE_ollama,WKdm,0,0,2017,4368,4096,7953,4671
REFERENCE_ollama,WKdm,0,0,2018,4368,4096,7931,4679
REFERENCE_ollama,WKdm,0,0,2019,4368,4096,7928,4692
REFERENCE_ollama,WKdm,0,0,2020,4372,4096,7999,4749
REFERENCE_ollama,WKdm,0,0,2021,4368,4096,7925,4699
REFERENCE_ollama,WKdm,0,0,2022,4368,4096,7936,4717
REFERENCE_ollama,WKdm,0,0,2023,4368,4096,7934,4683
REFERENCE_ollama,WKdm,0,0,2024,2408,4096,10951,7762
REFERENCE_ollama,WKdm,0,0,2025,1048,4096,7073,5457
REFERENCE_ollama,WKdm,0,0,2026,4368,4096,7988,4560
REFERENCE_ollama,WKdm,0,0,2027,4368,4096,7944,4683
REFERENCE_ollama,WKdm,0,0,2028,4368,4096,7944,4683
REFERENCE_ollama,WKdm,0,0,2029,4368,4096,7949,4684
REFERENCE_ollama,WKdm,0,0,2030,4368,4096,7918,4692
REFERENCE_ollama,WKdm,0,0,2031,4368,4096,7928,4688
REFERENCE_ollama,WKdm,0,0,2032,4368,4096,7921,4686
REFERENCE_ollama,WKdm,0,0,2033,1000,4096,7451,5793
REFERENCE_ollama,WKdm,0,0,2034,284,4096,5346,4598
REFERENCE_ollama,WKdm,0,0,2035,1016,4096,8016,6384
REFERENCE_ollama,WKdm,0,0,2036,4368,4096,7931,4709
REFERENCE_ollama,WKdm,0,0,2037,1028,4096,8365,6462
REFERENCE_ollama,WKdm,0,0,2038,4368,4096,7927,4713
REFERENCE_ollama,WKdm,0,0,2039,888,4096,7264,6018
REFERENCE_ollama,WKdm,0,0,2040,4368,4096,7951,4684
REFERENCE_ollama,WKdm,0,0,2041,4368,4096,7907,4668
REFERENCE_ollama,WKdm,0,0,2042,4368,4096,8030,4783
REFERENCE_ollama,WKdm,0,0,2043,4368,4096,7923,4705
REFERENCE_ollama,WKdm,0,0,2044,1076,4096,7571,5854
REFERENCE_ollama,WKdm,0,0,2045,4368,4096,7923,4724
REFERENCE_ollama,WKdm,0,0,2046,4368,4096,7932,4694
REFERENCE_ollama,WKdm,0,0,2047,4368,4096,7889,4695
REFERENCE_ollama,WKdm,0,0,2048,1400,4096,9027,6680
REFERENCE_ollama,WKdm,0,0,2049,4368,4096,7955,4678
REFERENCE_ollama,WKdm,0,0,2050,4368,4096,7916,4685
REFERENCE_ollama,WKdm,0,0,2051,4368,4096,7922,4928
REFERENCE_ollama,WKdm,0,0,2052,4368,4096,7956,4683
REFERENCE_ollama,WKdm,0,0,2053,4368,4096,7931,4684
REFERENCE_ollama,WKdm,0,0,2054,3408,4096,7348,4679
REFERENCE_ollama,WKdm,0,0,2055,884,4096,7339,5811
REFERENCE_ollama,WKdm,0,0,2056,4368,4096,7928,4687
REFERENCE_ollama,WKdm,0,0,2057,4368,4096,7912,4685
REFERENCE_ollama,WKdm,0,0,2058,4368,4096,7920,4690
REFERENCE_ollama,WKdm,0,0,2059,1056,4096,7938,6356
REFERENCE_ollama,WKdm,0,0,2060,728,4096,6898,5692
REFERENCE_ollama,WKdm,0,0,2061,4368,4096,8037,4783
REFERENCE_ollama,WKdm,0,0,2062,4368,4096,7943,4703
REFERENCE_ollama,WKdm,0,0,2063,4368,4096,7918,4686
REFERENCE_ollama,WKdm,0,0,2064,1828,4096,9931,6816
REFERENCE_ollama,WKdm,0,0,2065,4368,4096,7938,4689
REFERENCE_ollama,WKdm,0,0,2066,676,4096,6710,5546
REFERENCE_ollama,WKdm,0,0,2067,4368,4096,7923,4698
REFERENCE_ollama,WKdm,0,0,2068,4368,4096,7908,4682
REFERENCE_ollama,WKdm,0,0,2069,648,4096,7416,6149
REFERENCE_ollama,WKdm,0,0,2070,4368,4096,7901,4695
REFERENCE_ollama,WKdm,0,0,2071,908,4096,7503,5891
REFERENCE_ollama,WKdm,0,0,2072,4368,4096,7919,4720
REFERENCE_ollama,WKdm,0,0,2073,4368,4096,7923,4676
REFERENCE_ollama,WKdm,0,0,2074,1040,4096,7721,5886
REFERENCE_ollama,WKdm,0,0,2075,1428,4096,9458,7162
REFERENCE_ollama,WKdm,0,0,2076,372,4096,5549,4652
REFERENCE_ollama,WKdm,0,0,2077,1096,4096,8383,6099
REFERENCE_ollama,WKdm,0,0,2078,2024,4096,12515,8903
REFERENCE_ollama,WKdm,0,0,2079,4372,4096,8021,4755
REFERENCE_ollama,WKdm,0,0,2080,4368,4096,7965,4722
REFERENCE_ollama,WKdm,0,0,2081,2436,4096,11553,7935
REFERENCE_ollama,WKdm,0,0,2082,1408,4096,9075,6630
REFERENCE_ollama,WKdm,0,0,2083,1532,4096,9948,7304
REFERENCE_ollama,WKdm,0,0,2084,428,4096,6337,5207
REFERENCE_ollama,WKdm,0,0,2085,1920,4096,10032,7293
REFERENCE_ollama,WKdm,0,0,2086,4368,4096,7954,4710
REFERENCE_ollama,WKdm,0,0,2087,1660,4096,8755,6560
REFERENCE_ollama,WKdm,0,0,2088,1432,4096,11197,8183
REFERENCE_ollama,WKdm,0,0,2089,4368,4096,7947,4706
REFERENCE_ollama,WKdm,0,0,2090,860,4096,7402,6120
REFERENCE_ollama,WKdm,0,0,2091,4368,4096,7945,4692
REFERENCE_ollama,WKdm,0,0,2092,4368,4096,7935,4714
REFERENCE_ollama,WKdm,0,0,2093,4368,4096,7952,4683
REFERENCE_ollama,WKdm,0,0,2094,2756,4096,9778,7225
REFERENCE_ollama,WKdm,0,0,2095,1740,4096,10416,7510
REFERENCE_ollama,WKdm,0,0,2096,4372,4096,8059,4736
REFERENCE_ollama,WKdm,0,0,2097,4368,4096,7940,4703
REFERENCE_ollama,WKdm,0,0,2098,4368,4096,7918,4680
REFERENCE_ollama,WKdm,0,0,2099,4368,4096,8171,4690
REFERENCE_ollama,WKdm,0,0,2100,4368,4096,7926,4677
REFERENCE_ollama,WKdm,0,0,2101,4368,4096,7917,4676
REFERENCE_ollama,WKdm,0,0,2102,4368,4096,7929,4683
REFERENCE_ollama,WKdm,0,0,2103,4368,4096,7898,4694
REFERENCE_ollama,WKdm,0,0,2104,4368,4096,7912,4686
REFERENCE_ollama,WKdm,0,0,2105,4368,4096,7900,4674
REFERENCE_ollama,WKdm,0,0,2106,4368,4096,7932,4691
REFERENCE_ollama,WKdm,0,0,2107,4368,4096,7926,4679
REFERENCE_ollama,WKdm,0,0,2108,4368,4096,7918,4673
REFERENCE_ollama,WKdm,0,0,2109,4368,4096,7915,4673
REFERENCE_ollama,WKdm,0,0,2110,4368,4096,7943,4692
REFERENCE_ollama,WKdm,0,0,2111,4344,4096,7945,4735
REFERENCE_ollama,WKdm,0,0,2112,4368,4096,8146,4701
REFERENCE_ollama,WKdm,0,0,2113,4368,4096,7919,4687
REFERENCE_ollama,WKdm,0,0,2114,3408,4096,7339,4685
REFERENCE_ollama,WKdm,0,0,2115,1360,4096,5966,4559
REFERENCE_ollama,WKdm,0,0,2116,4368,4096,7906,4697
REFERENCE_ollama,WKdm,0,0,2117,4368,4096,7903,4714
REFERENCE_ollama,WKdm,0,0,2118,4368,4096,7919,4692
REFERENCE_ollama,WKdm,0,0,2119,1040,4096,8011,6384
REFERENCE_ollama,WKdm,0,0,2120,4368,4096,7924,4715
REFERENCE_ollama,WKdm,0,0,2121,4368,4096,7905,4703
REFERENCE_ollama,WKdm,0,0,2122,4368,4096,7932,4690
REFERENCE_ollama,WKdm,0,0,2123,876,4096,7302,5784
REFERENCE_ollama,WKdm,0,0,2124,692,4096,7434,6272
REFERENCE_ollama,WKdm,0,0,2125,4368,4096,7952,4706
REFERENCE_ollama,WKdm,0,0,2126,4368,4096,7885,4698
REFERENCE_ollama,WKdm,0,0,2127,4368,4096,7905,4703
REFERENCE_ollama,WKdm,0,0,2128,1032,4096,7327,5944
REFERENCE_ollama,WKdm,0,0,2129,876,4096,7159,5684
REFERENCE_ollama,WKdm,0,0,2130,912,4096,7129,5683
REFERENCE_ollama,WKdm,0,0,2131,4368,4096,7916,4713
REFERENCE_ollama,WKdm,0,0,2132,4368,4096,7921,4687
REFERENCE_ollama,WKdm,0,0,2133,4368,4096,7908,4690
REFERENCE_ollama,WKdm,0,0,2134,1156,4096,8116,6528
REFERENCE_ollama,WKdm,0,0,2135,4368,4096,7903,4713
REFERENCE_ollama,WKdm,0,0,2136,1040,4096,7629,6106
REFERENCE_ollama,WKdm,0,0,2137,4368,4096,7898,4934
REFERENCE_ollama,WKdm,0,0,2138,4368,4096,7894,4697
REFERENCE_ollama,WKdm,0,0,2139,4356,4096,8088,4860
REFERENCE_ollama,WKdm,0,0,2140,4368,4096,7935,4704
REFERENCE_ollama,WKdm,0,0,2141,4368,4096,7895,4683
REFERENCE_ollama,WKdm,0,0,2142,4368,4096,7905,4688
REFERENCE_ollama,WKdm,0,0,2143,4368,4096,7889,4688
REFERENCE_ollama,WKdm,0,0,2144,4368,4096,7897,4688
REFERENCE_ollama,WKdm,0,0,2145,4368,4096,7888,4700
REFERENCE_ollama,WKdm,0,0,2146,832,4096,7106,5560
REFERENCE_ollama,WKdm,0,0,2147,4368,4096,7924,4700
REFERENCE_ollama,WKdm,0,0,2148,4368,4096,7890,4671
REFERENCE_ollama,WKdm,0,0,2149,4368,4096,7913,4687
REFERENCE_ollama,WKdm,0,0,2150,4368,4096,7897,4333
REFERENCE_ollama,WKdm,0,0,2151,4368,4096,7902,4686
REFERENCE_ollama,WKdm,0,0,2152,4368,4096,7914,4683
REFERENCE_ollama,WKdm,0,0,2153,1072,4096,8609,7033
REFERENCE_ollama,WKdm,0,0,2154,4368,4096,7915,4713
REFERENCE_ollama,WKdm,0,0,2155,4368,4096,7928,4700
REFERENCE_ollama,WKdm,0,0,2156,4368,4096,7909,4691
REFERENCE_ollama,WKdm,0,0,2157,4368,4096,7870,4688
REFERENCE_ollama,WKdm,0,0,2158,4368,4096,7912,4694
REFERENCE_ollama,WKdm,0,0,2159,4368,4096,7895,4687
REFERENCE_ollama,WKdm,0,0,2160,4368,4096,7907,4692
REFERENCE_ollama,WKdm,0,0,2161,988,4096,8039,6444
REFERENCE_ollama,WKdm,0,0,2162,284,4096,5339,4568
REFERENCE_ollama,WKdm,0,0,2163,4368,4096,7927,4689
REFERENCE_ollama,WKdm,0,0,2164,4368,4096,7916,4670
REFERENCE_ollama,WKdm,0,0,2165,4368,4096,7926,4680
REFERENCE_ollama,WKdm,0,0,2166,4368,4096,7913,4694
REFERENCE_ollama,WKdm,0,0,2167,4368,4096,7901,4722
REFERENCE_ollama,WKdm,0,0,2168,1360,4096,6036,4629
REFERENCE_ollama,WKdm,0,0,2169,4368,4096,7896,4691
REFERENCE_ollama,WKdm,0,0,2170,4368,4096,7899,4692
REFERENCE_ollama,WKdm,0,0,2171,1016,4096,7547,5807
REFERENCE_ollama,WKdm,0,0,2172,4368,4096,7938,4723
REFERENCE_ollama,WKdm,0,0,2173,448,4096,5886,4909
REFERENCE_ollama,WKdm,0,0,2174,1828,4096,9001,6368
REFERENCE_ollama,WKdm,0,0,2175,4368,4096,8196,4766
REFERENCE_ollama,WKdm,0,0,2176,472,4096,6190,5130
REFERENCE_ollama,WKdm,0,0,2177,1232,4096,8113,6531
REFERENCE_ollama,WKdm,0,0,2178,4368,4096,7892,4704
REFERENCE_ollama,WKdm,0,0,2179,1072,4096,7787,6074
REFERENCE_ollama,WKdm,0,0,2180,892,4096,7109,5590
REFERENCE_ollama,WKdm,0,0,2181,4368,4096,7909,4730
REFERENCE_ollama,WKdm,0,0,2182,4368,4096,7885,4701
REFERENCE_ollama,WKdm,0,0,2183,4368,4096,7897,4711
REFERENCE_ollama,WKdm,0,0,2184,4368,4096,7887,4684
REFERENCE_ollama,WKdm,0,0,2185,4368,4096,7916,4682
REFERENCE_ollama,WKdm,0,0,2186,4368,4096,7886,4683
REFERENCE_ollama,WKdm,0,0,2187,4368,4096,7880,4672
REFERENCE_ollama,WKdm,0,0,2188,4368,4096,8163,4706
REFERENCE_ollama,WKdm,0,0,2189,4368,4096,7922,4695
REFERENCE_ollama,WKdm,0,0,2190,4368,4096,7911,4704
REFERENCE_ollama,WKdm,0,0,2191,4368,4096,7906,4685
REFERENCE_ollama,WKdm,0,0,2192,440,4096,6044,5071
REFERENCE_ollama,WKdm,0,0,2193,4368,4096,7927,4679
REFERENCE_ollama,WKdm,0,0,2194,4368,4096,7909,4707
REFERENCE_ollama,WKdm,0,0,2195,4368,4096,7906,4684
REFERENCE_ollama,WKdm,0,0,2196,4368,4096,7919,4705
REFERENCE_ollama,WKdm,0,0,2197,928,4096,7192,5654
REFERENCE_ollama,WKdm,0,0,2198,4368,4096,7920,4712
REFERENCE_ollama,WKdm,0,0,2199,1360,4096,5994,4575
REFERENCE_ollama,WKdm,0,0,2200,4368,4096,7897,4693
REFERENCE_ollama,WKdm,0,0,2201,4368,4096,11753,5019
REFERENCE_ollama,WKdm,0,0,2202,4368,4096,9218,5469
REFERENCE_ollama,WKdm,0,0,2203,4368,4096,9192,5465
REFERENCE_ollama,WKdm,0,0,2204,4368,4096,9229,5473
REFERENCE_ollama,WKdm,0,0,2205,4368,4096,9200,5466
REFERENCE_ollama,WKdm,0,0,2206,1292,4096,10101,7494
REFERENCE_ollama,WKdm,0,0,2207,4368,4096,9268,5507
REFERENCE_ollama,WKdm,0,0,2208,4368,4096,9201,5518
REFERENCE_ollama,WKdm,0,0,2209,4368,4096,9205,5467
REFERENCE_ollama,WKdm,0,0,2210,352,4096,6591,5578
REFERENCE_ollama,WKdm,0,0,2211,2136,4096,10119,7117
REFERENCE_ollama,WKdm,0,0,2212,4368,4096,9565,5525
REFERENCE_ollama,WKdm,0,0,2213,4368,4096,8975,7748
REFERENCE_ollama,WKdm,0,0,2214,4368,4096,7906,4664
REFERENCE_ollama,WKdm,0,0,2215,4368,4096,7908,4701
REFERENCE_ollama,WKdm,0,0,2216,4368,4096,7913,4718
REFERENCE_ollama,WKdm,0,0,2217,4368,4096,7939,4688
REFERENCE_ollama,WKdm,0,0,2218,1516,4096,9900,7391
REFERENCE_ollama,WKdm,0,0,2219,888,4096,7479,5898
REFERENCE_ollama,WKdm,0,0,2220,1028,4096,8389,6642
REFERENCE_ollama,WKdm,0,0,2221,4372,4096,8059,4741
REFERENCE_ollama,WKdm,0,0,2222,4368,4096,7935,4684
REFERENCE_ollama,WKdm,0,0,2223,4368,4096,7944,4686
REFERENCE_ollama,WKdm,0,0,2224,852,4096,7579,5867
REFERENCE_ollama,WKdm,0,0,2225,4368,4096,7921,4687
REFERENCE_ollama,WKdm,0,0,2226,4368,4096,7927,4683
REFERENCE_ollama,WKdm,0,0,2227,932,4096,7309,6004
REFERENCE_ollama,WKdm,0,0,2228,4368,4096,7913,4692
REFERENCE_ollama,WKdm,0,0,2229,4368,4096,7900,4674
REFERENCE_ollama,WKdm,0,0,2230,1532,4096,8486,6289
REFERENCE_ollama,WKdm,0,0,2231,4368,4096,7912,4709
REFERENCE_ollama,WKdm,0,0,2232,4368,4096,7929,4682
REFERENCE_ollama,WKdm,0,0,2233,1360,4096,6039,4608
REFERENCE_ollama,WKdm,0,0,2234,4368,4096,7910,4704
REFERENCE_ollama,WKdm,0,0,2235,4368,4096,7911,4684
REFERENCE_ollama,WKdm,0,0,2236,1112,4096,7800,6457
REFERENCE_ollama,WKdm,0,0,2237,4368,4096,7940,4714
REFERENCE_ollama,WKdm,0,0,2238,4368,4096,7922,4697
REFERENCE_ollama,WKdm,0,0,2239,1940,4096,9186,6566
REFERENCE_ollama,WKdm,0,0,2240,4368,4096,7900,4702
REFERENCE_ollama,WKdm,0,0,2241,4368,4096,7913,4701
REFERENCE_ollama,WKdm,0,0,2242,4368,4096,7908,4705
REFERENCE_ollama,WKdm,0,0,2243,4368,4096,7912,4694
REFERENCE_ollama,WKdm,0,0,2244,884,4096,6965,5618
REFERENCE_ollama,WKdm,0,0,2245,824,4096,7265,6022
REFERENCE_ollama,WKdm,0,0,2246,4368,4096,7934,4691
REFERENCE_ollama,WKdm,0,0,2247,4368,4096,7918,4692
REFERENCE_ollama,WKdm,0,0,2248,4368,4096,7918,4685
REFERENCE_ollama,WKdm,0,0,2249,4368,4096,11739,5433
REFERENCE_ollama,WKdm,0,0,2250,4368,4096,9212,5462
REFERENCE_ollama,WKdm,0,0,2251,1728,4096,10412,7609
REFERENCE_ollama,WKdm,0,0,2252,316,4096,6314,5357
REFERENCE_ollama,WKdm,0,0,2253,1212,4096,10096,7587
REFERENCE_ollama,WKdm,0,0,2254,1240,4096,10663,8201
REFERENCE_ollama,WKdm,0,0,2255,1272,4096,10707,7856
REFERENCE_ollama,WKdm,0,0,2256,4368,4096,9277,5533
REFERENCE_ollama,WKdm,0,0,2257,4368,4096,9277,5508
REFERENCE_ollama,WKdm,0,0,2258,4368,4096,9256,5466
REFERENCE_ollama,WKdm,0,0,2259,4368,4096,9553,5474
REFERENCE_ollama,WKdm,0,0,2260,916,4096,10048,8026
REFERENCE_ollama,WKdm,0,0,2261,4368,4096,9263,5462
REFERENCE_ollama,WKdm,0,0,2262,4368,4096,9250,5456
REFERENCE_ollama,WKdm,0,0,2263,4368,4096,9219,5462
REFERENCE_ollama,WKdm,0,0,2264,4368,4096,9243,5481
REFERENCE_ollama,WKdm,0,0,2265,4368,4096,9243,5475
REFERENCE_ollama,WKdm,0,0,2266,4368,4096,9261,5456
REFERENCE_ollama,WKdm,0,0,2267,4368,4096,9239,5459
REFERENCE_ollama,WKdm,0,0,2268,4368,4096,9241,5465
REFERENCE_ollama,WKdm,0,0,2269,4248,4096,9140,5521
REFERENCE_ollama,WKdm,0,0,2270,2516,4096,11140,7584
REFERENCE_ollama,WKdm,0,0,2271,912,4096,10082,7879
REFERENCE_ollama,WKdm,0,0,2272,4368,4096,9244,5488
REFERENCE_ollama,WKdm,0,0,2273,4368,4096,9196,5438
REFERENCE_ollama,WKdm,0,0,2274,4368,4096,9229,5459
REFERENCE_ollama,WKdm,0,0,2275,4368,4096,9207,5457
REFERENCE_ollama,WKdm,0,0,2276,4368,4096,9230,5455
REFERENCE_ollama,WKdm,0,0,2277,1344,4096,9955,7747
REFERENCE_ollama,WKdm,0,0,2278,1060,4096,9885,7730
REFERENCE_ollama,WKdm,0,0,2279,1828,4096,13046,9692
REFERENCE_ollama,WKdm,0,0,2280,4368,4096,9774,5523
REFERENCE_ollama,WKdm,0,0,2281,4368,4096,9228,5472
REFERENCE_ollama,WKdm,0,0,2282,4368,4096,9223,5456
REFERENCE_ollama,WKdm,0,0,2283,4368,4096,9220,5466
REFERENCE_ollama,WKdm,0,0,2284,4368,4096,9215,5473
REFERENCE_ollama,WKdm,0,0,2285,4368,4096,9193,5459
REFERENCE_ollama,WKdm,0,0,2286,4368,4096,9220,5465
REFERENCE_ollama,WKdm,0,0,2287,836,4096,8622,6784
REFERENCE_ollama,WKdm,0,0,2288,4368,4096,9242,5483
REFERENCE_ollama,WKdm,0,0,2289,4368,4096,9234,5450
REFERENCE_ollama,WKdm,0,0,2290,4368,4096,9197,5488
REFERENCE_ollama,WKdm,0,0,2291,4368,4096,9481,5480
REFERENCE_ollama,WKdm,0,0,2292,4368,4096,9197,5453
REFERENCE_ollama,WKdm,0,0,2293,900,4096,8321,6886
REFERENCE_ollama,WKdm,0,0,2294,472,4096,7154,5939
REFERENCE_ollama,WKdm,0,0,2295,904,4096,8323,6674
REFERENCE_ollama,WKdm,0,0,2296,4368,4096,9222,5478
REFERENCE_ollama,WKdm,0,0,2297,1092,4096,9329,6835
REFERENCE_ollama,WKdm,0,0,2298,1540,4096,9954,7244
REFERENCE_ollama,WKdm,0,0,2299,4368,4096,9219,5447
REFERENCE_ollama,WKdm,0,0,2300,4368,4096,9248,5440
REFERENCE_ollama,WKdm,0,0,2301,1264,4096,11518,8641
REFERENCE_ollama,WKdm,0,0,2302,1296,4096,10590,7737
REFERENCE_ollama,WKdm,0,0,2303,1000,4096,9973,7532
REFERENCE_ollama,WKdm,0,0,2304,4368,4096,9268,5484
REFERENCE_ollama,WKdm,0,0,2305,4368,4096,9251,5457
REFERENCE_ollama,WKdm,0,0,2306,4368,4096,9228,5460
REFERENCE_ollama,WKdm,0,0,2307,4368,4096,9234,5470
REFERENCE_ollama,WKdm,0,0,2308,4368,4096,9233,5458
REFERENCE_ollama,WKdm,0,0,2309,4368,4096,9224,5438
REFERENCE_ollama,WKdm,0,0,2310,624,4096,7542,6334
REFERENCE_ollama,WKdm,0,0,2311,1124,4096,9063,7355
REFERENCE_ollama,WKdm,0,0,2312,4368,4096,9509,5510
REFERENCE_ollama,WKdm,0,0,2313,4368,4096,10666,4685
REFERENCE_ollama,WKdm,0,0,2314,4368,4096,7906,4682
REFERENCE_ollama,WKdm,0,0,2315,4368,4096,7888,4686
REFERENCE_ollama,WKdm,0,0,2316,4368,4096,7866,4695
REFERENCE_ollama,WKdm,0,0,2317,4368,4096,7903,4672
REFERENCE_ollama,WKdm,0,0,2318,4368,4096,7874,4675
REFERENCE_ollama,WKdm,0,0,2319,1244,4096,8666,6808
REFERENCE_ollama,WKdm,0,0,2320,4368,4096,7935,4711
REFERENCE_ollama,WKdm,0,0,2321,4368,4096,7889,4696
REFERENCE_ollama,WKdm,0,0,2322,4368,4096,7890,4694
REFERENCE_ollama,WKdm,0,0,2323,4368,4096,7896,4695
REFERENCE_ollama,WKdm,0,0,2324,4368,4096,8257,4704
REFERENCE_ollama,WKdm,0,0,2325,4368,4096,7923,4688
REFERENCE_ollama,WKdm,0,0,2326,4368,4096,7926,4694
REFERENCE_ollama,WKdm,0,0,2327,876,4096,7317,5997
REFERENCE_ollama,WKdm,0,0,2328,4368,4096,7959,4711
REFERENCE_ollama,WKdm,0,0,2329,728,4096,6805,5494
REFERENCE_ollama,WKdm,0,0,2330,4368,4096,7912,4700
REFERENCE_ollama,WKdm,0,0,2331,4368,4096,7899,4681
REFERENCE_ollama,WKdm,0,0,2332,4368,4096,7901,4687
REFERENCE_ollama,WKdm,0,0,2333,4368,4096,7891,4699
REFERENCE_ollama,WKdm,0,0,2334,4368,4096,7898,4676
REFERENCE_ollama,WKdm,0,0,2335,4368,4096,7906,4707
REFERENCE_ollama,WKdm,0,0,2336,4368,4096,7903,4692
REFERENCE_ollama,WKdm,0,0,2337,4368,4096,8418,4854
REFERENCE_ollama,WKdm,0,0,2338,4368,4096,9202,5480
REFERENCE_ollama,WKdm,0,0,2339,4368,4096,9210,5458
REFERENCE_ollama,WKdm,0,0,2340,4368,4096,9205,5456
REFERENCE_ollama,WKdm,0,0,2341,708,4096,6984,5533
REFERENCE_ollama,WKdm,0,0,2342,4368,4096,9204,5472
REFERENCE_ollama,WKdm,0,0,2343,4368,4096,9196,5460
REFERENCE_ollama,WKdm,0,0,2344,4368,4096,9213,5464
REFERENCE_ollama,WKdm,0,0,2345,4368,4096,9210,5448
REFERENCE_ollama,WKdm,0,0,2346,4368,4096,9211,5454
REFERENCE_ollama,WKdm,0,0,2347,880,4096,8172,6507
REFERENCE_ollama,WKdm,0,0,2348,4368,4096,9501,5479
REFERENCE_ollama,WKdm,0,0,2349,4368,4096,9239,5481
REFERENCE_ollama,WKdm,0,0,2350,2352,4096,12964,7261
REFERENCE_ollama,WKdm,0,0,2351,1360,4096,6071,4583
REFERENCE_ollama,WKdm,0,0,2352,4368,4096,7939,4680
REFERENCE_ollama,WKdm,0,0,2353,820,4096,7533,6082
REFERENCE_ollama,WKdm,0,0,2354,4368,4096,7911,4722
REFERENCE_ollama,WKdm,0,0,2355,4368,4096,7915,4698
REFERENCE_ollama,WKdm,0,0,2356,1488,4096,9659,7152
REFERENCE_ollama,WKdm,0,0,2357,4368,4096,7929,4716
REFERENCE_ollama,WKdm,0,0,2358,4368,4096,7952,4702
REFERENCE_ollama,WKdm,0,0,2359,4368,4096,7915,4695
REFERENCE_ollama,WKdm,0,0,2360,4368,4096,7921,4224
REFERENCE_ollama,WKdm,0,0,2361,556,4096,6599,5460
REFERENCE_ollama,WKdm,0,0,2362,4368,4096,7944,4708
REFERENCE_ollama,WKdm,0,0,2363,4368,4096,7935,4693
REFERENCE_ollama,WKdm,0,0,2364,4368,4096,7947,4698
REFERENCE_ollama,WKdm,0,0,2365,920,4096,7086,5651
REFERENCE_ollama,WKdm,0,0,2366,4368,4096,7917,4711
REFERENCE_ollama,WKdm,0,0,2367,732,4096,7892,6381
REFERENCE_ollama,WKdm,0,0,2368,4368,4096,7925,4704
REFERENCE_ollama,WKdm,0,0,2369,1516,4096,8981,6994
REFERENCE_ollama,WKdm,0,0,2370,1008,4096,8141,6449
REFERENCE_ollama,WKdm,0,0,2371,4368,4096,7945,4709
REFERENCE_ollama,WKdm,0,0,2372,4368,4096,7928,4429
REFERENCE_ollama,WKdm,0,0,2373,4368,4096,7935,4682
REFERENCE_ollama,WKdm,0,0,2374,948,4096,8304,6677
REFERENCE_ollama,WKdm,0,0,2375,4368,4096,7915,4707
REFERENCE_ollama,WKdm,0,0,2376,820,4096,7069,5627
REFERENCE_ollama,WKdm,0,0,2377,4368,4096,7959,4730
REFERENCE_ollama,WKdm,0,0,2378,4368,4096,7932,4701
REFERENCE_ollama,WKdm,0,0,2379,1700,4096,12410,8829
REFERENCE_ollama,WKdm,0,0,2380,4368,4096,7940,4713
REFERENCE_ollama,WKdm,0,0,2381,4368,4096,7932,4700
REFERENCE_ollama,WKdm,0,0,2382,1792,4096,10650,7754
REFERENCE_ollama,WKdm,0,0,2383,4368,4096,7944,4697
REFERENCE_ollama,WKdm,0,0,2384,4368,4096,7940,5063
REFERENCE_ollama,WKdm,0,0,2385,4368,4096,7936,4693
REFERENCE_ollama,WKdm,0,0,2386,4312,4096,8001,4803
REFERENCE_ollama,WKdm,0,0,2387,4368,4096,7930,4693
REFERENCE_ollama,WKdm,0,0,2388,1056,4096,8207,6212
REFERENCE_ollama,WKdm,0,0,2389,1124,4096,8179,6160
REFERENCE_ollama,WKdm,0,0,2390,380,4096,5713,4855
REFERENCE_ollama,WKdm,0,0,2391,884,4096,7279,5889
REFERENCE_ollama,WKdm,0,0,2392,4368,4096,7953,4686
REFERENCE_ollama,WKdm,0,0,2393,4368,4096,7945,4706
REFERENCE_ollama,WKdm,0,0,2394,892,4096,7264,5751
REFERENCE_ollama,WKdm,0,0,2395,4368,4096,7936,4713
REFERENCE_ollama,WKdm,0,0,2396,832,4096,6969,5674
REFERENCE_ollama,WKdm,0,0,2397,4368,4096,7928,4973
REFERENCE_ollama,WKdm,0,0,2398,4368,4096,7898,4690
REFERENCE_ollama,WKdm,0,0,2399,4368,4096,7905,4680
REFERENCE_ollama,WKdm,0,0,2400,4368,4096,7908,4703
REFERENCE_ollama,WKdm,0,0,2401,640,4096,7360,6003
REFERENCE_ollama,WKdm,0,0,2402,4368,4096,7924,4688
REFERENCE_ollama,WKdm,0,0,2403,1368,4096,8552,6692
REFERENCE_ollama,WKdm,0,0,2404,4368,4096,7949,4701
REFERENCE_ollama,WKdm,0,0,2405,4368,4096,7923,4700
REFERENCE_ollama,WKdm,0,0,2406,4368,4096,7885,4696
REFERENCE_ollama,WKdm,0,0,2407,4368,4096,7897,4704
REFERENCE_ollama,WKdm,0,0,2408,4368,4096,7916,4693
REFERENCE_ollama,WKdm,0,0,2409,4368,4096,7666,4698
REFERENCE_ollama,WKdm,0,0,2410,4368,4096,7904,4694
REFERENCE_ollama,WKdm,0,0,2411,4368,4096,7933,4685
REFERENCE_ollama,WKdm,0,0,2412,344,4096,5697,4780
REFERENCE_ollama,WKdm,0,0,2413,4368,4096,7931,4689
REFERENCE_ollama,WKdm,0,0,2414,4368,4096,7933,4685
REFERENCE_ollama,WKdm,0,0,2415,4368,4096,7901,4695
REFERENCE_ollama,WKdm,0,0,2416,4368,4096,7922,4667
REFERENCE_ollama,WKdm,0,0,2417,888,4096,7125,5837
REFERENCE_ollama,WKdm,0,0,2418,4368,4096,7952,4690
REFERENCE_ollama,WKdm,0,0,2419,4368,4096,7920,4702
REFERENCE_ollama,WKdm,0,0,2420,1780,4096,12575,9125
REFERENCE_ollama,WKdm,0,0,2421,1140,4096,7620,5769
REFERENCE_ollama,WKdm,0,0,2422,4368,4096,8173,4687
REFERENCE_ollama,WKdm,0,0,2423,4272,4096,7896,4749
REFERENCE_ollama,WKdm,0,0,2424,4368,4096,7921,4690
REFERENCE_ollama,WKdm,0,0,2425,1488,4096,9771,7025
REFERENCE_ollama,WKdm,0,0,2426,1032,4096,9031,7219
REFERENCE_ollama,WKdm,0,0,2427,4368,4096,7973,4732
REFERENCE_ollama,WKdm,0,0,2428,4368,4096,7943,4686
REFERENCE_ollama,WKdm,0,0,2429,308,4096,5505,4691
REFERENCE_ollama,WKdm,0,0,2430,4368,4096,7930,4700
REFERENCE_ollama,WKdm,0,0,2431,504,4096,6046,5064
REFERENCE_ollama,WKdm,0,0,2432,4368,4096,7944,4719
REFERENCE_ollama,WKdm,0,0,2433,964,4096,7763,6119
REFERENCE_ollama,WKdm,0,0,2434,4368,4096,8450,4753
REFERENCE_ollama,WKdm,0,0,2435,4368,4096,7930,4680
REFERENCE_ollama,WKdm,0,0,2436,4368,4096,7920,4694
REFERENCE_ollama,WKdm,0,0,2437,4368,4096,7918,4690
REFERENCE_ollama,WKdm,0,0,2438,3408,4096,7319,4677
REFERENCE_ollama,WKdm,0,0,2439,4368,4096,7928,4733
REFERENCE_ollama,WKdm,0,0,2440,1020,4096,7484,5886
REFERENCE_ollama,WKdm,0,0,2441,692,4096,7481,6376
REFERENCE_ollama,WKdm,0,0,2442,596,4096,6924,5822
REFERENCE_ollama,WKdm,0,0,2443,4368,4096,7986,4693
REFERENCE_ollama,WKdm,0,0,2444,3408,4096,7328,4669
REFERENCE_ollama,WKdm,0,0,2445,4308,4096,7969,4781
REFERENCE_ollama,WKdm,0,0,2446,820,4096,7280,5916
REFERENCE_ollama,WKdm,0,0,2447,656,4096,7128,6394
REFERENCE_ollama,WKdm,0,0,2448,928,4096,7600,5857
REFERENCE_ollama,WKdm,0,0,2449,844,4096,7165,5706
REFERENCE_ollama,WKdm,0,0,2450,4368,4096,7943,4688
REFERENCE_ollama,WKdm,0,0,2451,344,4096,5657,4741
REFERENCE_ollama,WKdm,0,0,2452,4368,4096,7962,4704
REFERENCE_ollama,WKdm,0,0,2453,1500,4096,10202,7697
REFERENCE_ollama,WKdm,0,0,2454,4368,4096,7947,4719
REFERENCE_ollama,WKdm,0,0,2455,4368,4096,7920,4701
REFERENCE_ollama,WKdm,0,0,2456,1028,4096,7613,6078
REFERENCE_ollama,WKdm,0,0,2457,1576,4096,8227,6213
REFERENCE_ollama,WKdm,0,0,2458,872,4096,7323,5951
REFERENCE_ollama,WKdm,0,0,2459,4368,4096,8196,4722
REFERENCE_ollama,WKdm,0,0,2460,4368,4096,7926,4689
REFERENCE_ollama,WKdm,0,0,2461,4368,4096,7920,4697
REFERENCE_ollama,WKdm,0,0,2462,4368,4096,7926,4686
REFERENCE_ollama,WKdm,0,0,2463,4368,4096,7954,4692
REFERENCE_ollama,WKdm,0,0,2464,824,4096,7595,6219
REFERENCE_ollama,WKdm,0,0,2465,4368,4096,7945,4692
REFERENCE_ollama,WKdm,0,0,2466,996,4096,8779,7021
REFERENCE_ollama,WKdm,0,0,2467,1748,4096,9935,6896
REFERENCE_ollama,WKdm,0,0,2468,4368,4096,7968,4699
REFERENCE_ollama,WKdm,0,0,2469,796,4096,8360,6707
REFERENCE_ollama,WKdm,0,0,2470,4368,4096,7928,4666
REFERENCE_ollama,WKdm,0,0,2471,4368,4096,7915,4949
REFERENCE_ollama,WKdm,0,0,2472,4368,4096,7887,4673
REFERENCE_ollama,WKdm,0,0,2473,428,4096,5953,4996
REFERENCE_ollama,WKdm,0,0,2474,4368,4096,7940,4697
REFERENCE_ollama,WKdm,0,0,2475,4368,4096,7924,4696
REFERENCE_ollama,WKdm,0,0,2476,4368,4096,7935,4688
REFERENCE_ollama,WKdm,0,0,2477,4368,4096,7928,4686
REFERENCE_ollama,WKdm,0,0,2478,916,4096,6892,5591
REFERENCE_ollama,WKdm,0,0,2479,4368,4096,7923,4735
REFERENCE_ollama,WKdm,0,0,2480,4368,4096,7948,4694
REFERENCE_ollama,WKdm,0,0,2481,4368,4096,7920,4690
REFERENCE_ollama,WKdm,0,0,2482,4368,4096,7923,4693
REFERENCE_ollama,WKdm,0,0,2483,4368,4096,7931,4691
REFERENCE_ollama,WKdm,0,0,2484,4368,4096,8313,4715
REFERENCE_ollama,WKdm,0,0,2485,4368,4096,7908,4690
REFERENCE_ollama,WKdm,0,0,2486,4368,4096,7914,4713
REFERENCE_ollama,WKdm,0,0,2487,1292,4096,9529,7310
REFERENCE_ollama,WKdm,0,0,2488,2168,4096,10854,7925
REFERENCE_ollama,WKdm,0,0,2489,4368,4096,7912,4705
REFERENCE_ollama,WKdm,0,0,2490,4368,4096,7910,4732
REFERENCE_ollama,WKdm,0,0,2491,4368,4096,7929,4690
REFERENCE_ollama,WKdm,0,0,2492,596,4096,6555,5447
REFERENCE_ollama,WKdm,0,0,2493,4368,4096,7938,4711
REFERENCE_ollama,WKdm,0,0,2494,4368,4096,7934,4690
REFERENCE_ollama,WKdm,0,0,2495,4368,4096,7906,4684
REFERENCE_ollama,WKdm,0,0,2496,4368,4096,8164,4704
REFERENCE_ollama,WKdm,0,0,2497,4368,4096,7926,4689
REFERENCE_ollama,WKdm,0,0,2498,4368,4096,7947,4675
REFERENCE_ollama,WKdm,0,0,2499,4368,4096,7909,4696
REFERENCE_ollama,WKdm,0,0,2500,4368,4096,7897,4699
REFERENCE_ollama,WKdm,0,0,2501,4368,4096,7931,4702
REFERENCE_ollama,WKdm,0,0,2502,4368,4096,7918,4689
REFERENCE_ollama,WKdm,0,0,2503,4368,4096,7914,4726
REFERENCE_ollama,WKdm,0,0,2504,3344,4096,7296,4693
REFERENCE_ollama,WKdm,0,0,2505,864,4096,7142,5795
REFERENCE_ollama,WKdm,0,0,2506,2168,4096,9477,6092
REFERENCE_ollama,WKdm,0,0,2507,876,4096,7232,5928
REFERENCE_ollama,WKdm,0,0,2508,1360,4096,6016,4572
REFERENCE_ollama,WKdm,0,0,2509,4368,4096,7942,4928
REFERENCE_ollama,WKdm,0,0,2510,4368,4096,7918,4707
REFERENCE_ollama,WKdm,0,0,2511,3868,4096,9051,6073
REFERENCE_ollama,WKdm,0,0,2512,4368,4096,7926,4718
REFERENCE_ollama,WKdm,0,0,2513,1072,4096,8788,7137
REFERENCE_ollama,WKdm,0,0,2514,1256,4096,6832,5040
REFERENCE_ollama,WKdm,0,0,2515,4368,4096,7962,4749
REFERENCE_ollama,WKdm,0,0,2516,4368,4096,7956,4685
REFERENCE_ollama,WKdm,0,0,2517,4276,4096,7989,4814
REFERENCE_ollama,WKdm,0,0,2518,4368,4096,7942,4682
REFERENCE_ollama,WKdm,0,0,2519,4368,4096,7914,4687
REFERENCE_ollama,WKdm,0,0,2520,4368,4096,7909,4701
REFERENCE_ollama,WKdm,0,0,2521,4368,4096,8198,4699
REFERENCE_ollama,WKdm,0,0,2522,4368,4096,7939,4682
REFERENCE_ollama,WKdm,0,0,2523,4368,4096,7919,4708
REFERENCE_ollama,WKdm,0,0,2524,4368,4096,7916,4722
REFERENCE_ollama,WKdm,0,0,2525,1960,4096,8816,6446
REFERENCE_ollama,WKdm,0,0,2526,1060,4096,8357,6508
REFERENCE_ollama,WKdm,0,0,2527,1076,4096,8205,6374
REFERENCE_ollama,WKdm,0,0,2528,844,4096,7504,5966
REFERENCE_ollama,WKdm,0,0,2529,1012,4096,7985,6459
REFERENCE_ollama,WKdm,0,0,2530,4368,4096,7975,4709
REFERENCE_ollama,WKdm,0,0,2531,4368,4096,7927,4688
REFERENCE_ollama,WKdm,0,0,2532,4368,4096,7897,4701
REFERENCE_ollama,WKdm,0,0,2533,4368,4096,7927,4688
REFERENCE_ollama,WKdm,0,0,2534,1192,4096,7768,5943
REFERENCE_ollama,WKdm,0,0,2535,4368,4096,7945,4699
REFERENCE_ollama,WKdm,0,0,2536,4368,4096,7945,4689
REFERENCE_ollama,WKdm,0,0,2537,1056,4096,7869,6121
REFERENCE_ollama,WKdm,0,0,2538,1224,4096,9729,7533
REFERENCE_ollama,WKdm,0,0,2539,1028,4096,8505,6607
REFERENCE_ollama,WKdm,0,0,2540,364,4096,5519,4725
REFERENCE_ollama,WKdm,0,0,2541,1092,4096,9135,7118
REFERENCE_ollama,WKdm,0,0,2542,1536,4096,10878,8169
REFERENCE_ollama,WKdm,0,0,2543,1356,4096,10637,7831
REFERENCE_ollama,WKdm,0,0,2544,2736,4096,8705,5981
REFERENCE_ollama,WKdm,0,0,2545,1504,4096,10889,7911
REFERENCE_ollama,WKdm,0,0,2546,880,4096,7841,6264
REFERENCE_ollama,WKdm,0,0,2547,756,4096,6589,5094
REFERENCE_ollama,WKdm,0,0,2548,512,4096,6187,5089
REFERENCE_ollama,WKdm,0,0,2549,4368,4096,7940,4717
REFERENCE_ollama,WKdm,0,0,2550,452,4096,6288,5164
REFERENCE_ollama,WKdm,0,0,2551,1124,4096,8048,6430
REFERENCE_ollama,WKdm,0,0,2552,1832,4096,11095,8023
REFERENCE_ollama,WKdm,0,0,2553,912,4096,9038,7180
REFERENCE_ollama,WKdm,0,0,2554,4368,4096,7945,4703
REFERENCE_ollama,WKdm,0,0,2555,896,4096,6966,5237
REFERENCE_ollama,WKdm,0,0,2556,984,4096,7288,5855
REFERENCE_ollama,WKdm,0,0,2557,2528,4096,10151,7013
REFERENCE_ollama,WKdm,0,0,2558,1084,4096,10235,7718
REFERENCE_ollama,WKdm,0,0,2559,4368,4096,7917,4702
REFERENCE_ollama,WKdm,0,0,2560,720,4096,7684,6390
REFERENCE_ollama,WKdm,0,0,2561,704,4096,7697,6126
REFERENCE_ollama,WKdm,0,0,2562,764,4096,7252,6030
REFERENCE_ollama,WKdm,0,0,2563,464,4096,6167,5047
REFERENCE_ollama,WKdm,0,0,2564,596,4096,6533,5521
REFERENCE_ollama,WKdm,0,0,2565,692,4096,7637,6325
REFERENCE_ollama,WKdm,0,0,2566,1092,4096,9085,7225
REFERENCE_ollama,WKdm,0,0,2567,668,4096,6678,5430
REFERENCE_ollama,WKdm,0,0,2568,4368,4096,7975,5044
REFERENCE_ollama,WKdm,0,0,2569,380,4096,5748,4829
REFERENCE_ollama,WKdm,0,0,2570,1192,4096,7532,5666
REFERENCE_ollama,WKdm,0,0,2571,4368,4096,7921,4726
REFERENCE_ollama,WKdm,0,0,2572,996,4096,7555,5794
REFERENCE_ollama,WKdm,0,0,2573,4368,4096,7911,4689
REFERENCE_ollama,WKdm,0,0,2574,1084,4096,7936,6166
REFERENCE_ollama,WKdm,0,0,2575,384,4096,5699,4860
REFERENCE_ollama,WKdm,0,0,2576,1404,4096,8975,6786
REFERENCE_ollama,WKdm,0,0,2577,2976,4096,9205,6122
REFERENCE_ollama,WKdm,0,0,2578,948,4096,9110,7181
REFERENCE_ollama,WKdm,0,0,2579,4368,4096,7970,4700
REFERENCE_ollama,WKdm,0,0,2580,1236,4096,9409,7639
REFERENCE_ollama,WKdm,0,0,2581,284,4096,5385,4569
REFERENCE_ollama,WKdm,0,0,2582,4368,4096,7973,4710
REFERENCE_ollama,WKdm,0,0,2583,4368,4096,7919,4695
REFERENCE_ollama,WKdm,0,0,2584,4368,4096,7930,4687
REFERENCE_ollama,WKdm,0,0,2585,3032,4096,9837,6611
REFERENCE_ollama,WKdm,0,0,2586,632,4096,6703,5512
REFERENCE_ollama,WKdm,0,0,2587,1612,4096,7943,5990
REFERENCE_ollama,WKdm,0,0,2588,4368,4096,7921,4705
REFERENCE_ollama,WKdm,0,0,2589,1432,4096,9674,7108
REFERENCE_ollama,WKdm,0,0,2590,1892,4096,11440,8307
REFERENCE_ollama,WKdm,0,0,2591,1032,4096,8938,7330
REFERENCE_ollama,WKdm,0,0,2592,4368,4096,8243,4720
REFERENCE_ollama,WKdm,0,0,2593,2540,4096,8420,5803
REFERENCE_ollama,WKdm,0,0,2594,468,4096,5749,4687
REFERENCE_ollama,WKdm,0,0,2595,728,4096,6847,5524
REFERENCE_ollama,WKdm,0,0,2596,1940,4096,9042,6576
REFERENCE_ollama,WKdm,0,0,2597,4368,4096,7913,4719
REFERENCE_ollama,WKdm,0,0,2598,1216,4096,8336,6498
REFERENCE_ollama,WKdm,0,0,2599,932,4096,8326,6292
REFERENCE_ollama,WKdm,0,0,2600,880,4096,7797,6327
REFERENCE_ollama,WKdm,0,0,2601,4368,4096,7939,4715
REFERENCE_ollama,WKdm,0,0,2602,4368,4096,7905,4674
REFERENCE_ollama,WKdm,0,0,2603,344,4096,5739,4733
REFERENCE_ollama,WKdm,0,0,2604,4368,4096,7904,4921
REFERENCE_ollama,WKdm,0,0,2605,1008,4096,8205,6390
REFERENCE_ollama,WKdm,0,0,2606,1396,4096,9351,7066
REFERENCE_ollama,WKdm,0,0,2607,1056,4096,8250,6508
REFERENCE_ollama,WKdm,0,0,2608,364,4096,5557,4687
REFERENCE_ollama,WKdm,0,0,2609,1796,4096,11319,8098
REFERENCE_ollama,WKdm,0,0,2610,1004,4096,9150,7305
REFERENCE_ollama,WKdm,0,0,2611,4368,4096,7919,4700
REFERENCE_ollama,WKdm,0,0,2612,4368,4096,7917,4690
REFERENCE_ollama,WKdm,0,0,2613,344,4096,5660,4811
REFERENCE_ollama,WKdm,0,0,2614,1256,4096,8011,5897
REFERENCE_ollama,WKdm,0,0,2615,4368,4096,7930,4689
REFERENCE_ollama,WKdm,0,0,2616,4368,4096,7922,5001
REFERENCE_ollama,WKdm,0,0,2617,972,4096,8597,6941
REFERENCE_ollama,WKdm,0,0,2618,4368,4096,7619,6594
REFERENCE_ollama,WKdm,0,0,2619,804,4096,6192,5003
REFERENCE_ollama,WKdm,0,0,2620,3408,4096,6829,4381
REFERENCE_ollama,WKdm,0,0,2621,4368,4096,7413,4392
REFERENCE_ollama,WKdm,0,0,2622,2516,4096,8844,6216
REFERENCE_ollama,WKdm,0,0,2623,884,4096,7448,5895
REFERENCE_ollama,WKdm,0,0,2624,512,4096,5839,4739
REFERENCE_ollama,WKdm,0,0,2625,496,4096,5723,4665
REFERENCE_ollama,WKdm,0,0,2626,4368,4096,7463,4414
REFERENCE_ollama,WKdm,0,0,2627,928,4096,7165,5737
REFERENCE_ollama,WKdm,0,0,2628,844,4096,7562,6177
REFERENCE_ollama,WKdm,0,0,2629,1556,4096,9213,6607
REFERENCE_ollama,WKdm,0,0,2630,4368,4096,7449,4383
REFERENCE_ollama,WKdm,0,0,2631,584,4096,5738,4581
REFERENCE_ollama,WKdm,0,0,2632,640,4096,6837,5555
REFERENCE_ollama,WKdm,0,0,2633,1040,4096,8365,6457
REFERENCE_ollama,WKdm,0,0,2634,1028,4096,7414,5829
REFERENCE_ollama,WKdm,0,0,2635,1996,4096,9017,6897
REFERENCE_ollama,WKdm,0,0,2636,1060,4096,7833,5962
REFERENCE_ollama,WKdm,0,0,2637,1624,4096,9491,6803
REFERENCE_ollama,WKdm,0,0,2638,2212,4096,9516,6910
REFERENCE_ollama,WKdm,0,0,2639,4368,4096,7419,4405
REFERENCE_ollama,WKdm,0,0,2640,1104,4096,7330,5486
REFERENCE_ollama,WKdm,0,0,2641,4368,4096,7456,4682
REFERENCE_ollama,WKdm,0,0,2642,1072,4096,8294,6726
REFERENCE_ollama,WKdm,0,0,2643,1204,4096,7461,5647
REFERENCE_ollama,WKdm,0,0,2644,1168,4096,7862,5942
REFERENCE_ollama,WKdm,0,0,2645,960,4096,7895,6165
REFERENCE_ollama,WKdm,0,0,2646,4368,4096,7448,4399
REFERENCE_ollama,WKdm,0,0,2647,596,4096,6191,5220
REFERENCE_ollama,WKdm,0,0,2648,692,4096,6906,5809
REFERENCE_ollama,WKdm,0,0,2649,652,4096,6157,5090
REFERENCE_ollama,WKdm,0,0,2650,4368,4096,7397,4381
REFERENCE_ollama,WKdm,0,0,2651,824,4096,6318,4940
REFERENCE_ollama,WKdm,0,0,2652,1144,4096,8391,6578
REFERENCE_ollama,WKdm,0,0,2653,668,4096,6335,5104
REFERENCE_ollama,WKdm,0,0,2654,2772,4096,10579,10098
REFERENCE_ollama,WKdm,0,0,2655,1516,4096,10689,7878
REFERENCE_ollama,WKdm,0,0,2656,408,4096,6408,5349
REFERENCE_ollama,WKdm,0,0,2657,304,4096,5333,4601
REFERENCE_ollama,WKdm,0,0,2658,4368,4096,7944,4713
REFERENCE_ollama,WKdm,0,0,2659,1320,4096,6192,4722
REFERENCE_ollama,WKdm,0,0,2660,4372,4096,8031,4736
REFERENCE_ollama,WKdm,0,0,2661,4368,4096,7980,4784
REFERENCE_ollama,WKdm,0,0,2662,496,4096,6153,5060
REFERENCE_ollama,WKdm,0,0,2663,4368,4096,7924,4712
REFERENCE_ollama,WKdm,0,0,2664,720,4096,7498,6180
REFERENCE_ollama,WKdm,0,0,2665,4368,4096,7928,4686
REFERENCE_ollama,WKdm,0,0,2666,4368,4096,7931,4937
REFERENCE_ollama,WKdm,0,0,2667,4368,4096,7928,4687
REFERENCE_ollama,WKdm,0,0,2668,4372,4096,7752,4628
REFERENCE_ollama,WKdm,0,0,2669,4368,4096,7393,4403
REFERENCE_ollama,WKdm,0,0,2670,4368,4096,7395,4391
REFERENCE_ollama,WKdm,0,0,2671,4368,4096,7370,4383
REFERENCE_ollama,WKdm,0,0,2672,4368,4096,7391,4381
REFERENCE_ollama,WKdm,0,0,2673,4372,4096,7436,4425
REFERENCE_ollama,WKdm,0,0,2674,4368,4096,7399,4369
REFERENCE_ollama,WKdm,0,0,2675,4368,4096,7398,4382
REFERENCE_ollama,WKdm,0,0,2676,4368,4096,7382,4400
REFERENCE_ollama,WKdm,0,0,2677,1576,4096,5813,4396
REFERENCE_ollama,WKdm,0,0,2678,4368,4096,7400,4386
REFERENCE_ollama,WKdm,0,0,2679,4368,4096,7401,4385
REFERENCE_ollama,WKdm,0,0,2680,4368,4096,7615,4394
REFERENCE_ollama,WKdm,0,0,2681,4368,4096,7385,4365
REFERENCE_ollama,WKdm,0,0,2682,4368,4096,7413,4389
REFERENCE_ollama,WKdm,0,0,2683,4372,4096,7425,4416
REFERENCE_ollama,WKdm,0,0,2684,4368,4096,7381,4386
REFERENCE_ollama,WKdm,0,0,2685,4368,4096,7370,4383
REFERENCE_ollama,WKdm,0,0,2686,4368,4096,7368,4367
REFERENCE_ollama,WKdm,0,0,2687,4368,4096,7400,4397
REFERENCE_ollama,WKdm,0,0,2688,4368,4096,7395,4376
REFERENCE_ollama,WKdm,0,0,2689,4368,4096,7401,4376
REFERENCE_ollama,WKdm,0,0,2690,4368,4096,7400,4412
REFERENCE_ollama,WKdm,0,0,2691,4368,4096,7374,4374
REFERENCE_ollama,WKdm,0,0,2692,4368,4096,7376,4371
REFERENCE_ollama,WKdm,0,0,2693,4368,4096,7385,4394
REFERENCE_ollama,WKdm,0,0,2694,4368,4096,7387,4618
REFERENCE_ollama,WKdm,0,0,2695,4368,4096,7368,4374
REFERENCE_ollama,WKdm,0,0,2696,4368,4096,7389,4376
REFERENCE_ollama,WKdm,0,0,2697,4368,4096,7359,4378
REFERENCE_ollama,WKdm,0,0,2698,4368,4096,7381,4369
REFERENCE_ollama,WKdm,0,0,2699,4368,4096,7364,4373
REFERENCE_ollama,WKdm,0,0,2700,4368,4096,7376,4383
REFERENCE_ollama,WKdm,0,0,2701,4368,4096,7388,4391
REFERENCE_ollama,WKdm,0,0,2702,4368,4096,7382,4375
REFERENCE_ollama,WKdm,0,0,2703,4368,4096,7371,4377
REFERENCE_ollama,WKdm,0,0,2704,4368,4096,7398,4394
REFERENCE_ollama,WKdm,0,0,2705,4368,4096,7397,4383
REFERENCE_ollama,WKdm,0,0,2706,4368,4096,7379,4365
REFERENCE_ollama,WKdm,0,0,2707,4368,4096,7373,4618
REFERENCE_ollama,WKdm,0,0,2708,4368,4096,11001,4685
REFERENCE_ollama,WKdm,0,0,2709,4368,4096,7896,4671
REFERENCE_ollama,WKdm,0,0,2710,4368,4096,7917,4681
REFERENCE_ollama,WKdm,0,0,2711,4368,4096,7901,4699
REFERENCE_ollama,WKdm,0,0,2712,4368,4096,7907,4678
REFERENCE_ollama,WKdm,0,0,2713,4368,4096,7921,4670
REFERENCE_ollama,WKdm,0,0,2714,4368,4096,7908,4693
REFERENCE_ollama,WKdm,0,0,2715,4368,4096,7904,4692
REFERENCE_ollama,WKdm,0,0,2716,4368,4096,7916,4679
REFERENCE_ollama,WKdm,0,0,2717,4368,4096,7891,4696
REFERENCE_ollama,WKdm,0,0,2718,4368,4096,7886,4680
REFERENCE_ollama,WKdm,0,0,2719,4368,4096,7917,4681
REFERENCE_ollama,WKdm,0,0,2720,4368,4096,7934,4943
REFERENCE_ollama,WKdm,0,0,2721,4368,4096,7910,4689
REFERENCE_ollama,WKdm,0,0,2722,4368,4096,9734,4431
REFERENCE_ollama,WKdm,0,0,2723,4368,4096,7364,4374
REFERENCE_ollama,WKdm,0,0,2724,1404,4096,9058,6736
REFERENCE_ollama,WKdm,0,0,2725,4368,4096,7408,4393
REFERENCE_ollama,WKdm,0,0,2726,4368,4096,7400,4375
REFERENCE_ollama,WKdm,0,0,2727,4368,4096,7406,4377
REFERENCE_ollama,WKdm,0,0,2728,4368,4096,7397,4379
REFERENCE_ollama,WKdm,0,0,2729,4368,4096,7415,4374
REFERENCE_ollama,WKdm,0,0,2730,4368,4096,7401,4399
REFERENCE_ollama,WKdm,0,0,2731,4368,4096,7378,4365
REFERENCE_ollama,WKdm,0,0,2732,4368,4096,7404,4360
REFERENCE_ollama,WKdm,0,0,2733,4368,4096,7405,4639
REFERENCE_ollama,WKdm,0,0,2734,4368,4096,7511,4437
REFERENCE_ollama,WKdm,0,0,2735,4368,4096,7916,4660
REFERENCE_ollama,WKdm,0,0,2736,4368,4096,7948,4712
REFERENCE_ollama,WKdm,0,0,2737,4368,4096,7938,4663
REFERENCE_ollama,WKdm,0,0,2738,4364,4096,7988,4768
REFERENCE_ollama,WKdm,0,0,2739,4368,4096,7905,4684
REFERENCE_ollama,WKdm,0,0,2740,4368,4096,7923,4689
REFERENCE_ollama,WKdm,0,0,2741,4368,4096,7915,4679
REFERENCE_ollama,WKdm,0,0,2742,4368,4096,7950,4687
REFERENCE_ollama,WKdm,0,0,2743,4368,4096,7907,4693
REFERENCE_ollama,WKdm,0,0,2744,4368,4096,7924,4703
REFERENCE_ollama,WKdm,0,0,2745,4292,4096,8650,5284
REFERENCE_ollama,WKdm,0,0,2746,4368,4096,7937,4598
REFERENCE_ollama,WKdm,0,0,2747,4368,4096,7909,4685
REFERENCE_ollama,WKdm,0,0,2748,4368,4096,7933,4681
REFERENCE_ollama,WKdm,0,0,2749,4368,4096,9559,4377
REFERENCE_ollama,WKdm,0,0,2750,4368,4096,7390,4387
REFERENCE_ollama,WKdm,0,0,2751,4368,4096,7375,4374
REFERENCE_ollama,WKdm,0,0,2752,4368,4096,7387,4389
REFERENCE_ollama,WKdm,0,0,2753,4368,4096,7387,4381
REFERENCE_ollama,WKdm,0,0,2754,4368,4096,7395,4367
REFERENCE_ollama,WKdm,0,0,2755,4368,4096,7384,4369
REFERENCE_ollama,WKdm,0,0,2756,4368,4096,7403,4370
REFERENCE_ollama,WKdm,0,0,2757,4368,4096,7383,4367
REFERENCE_ollama,WKdm,0,0,2758,4368,4096,7402,4381
REFERENCE_ollama,WKdm,0,0,2759,4368,4096,10631,4006
REFERENCE_ollama,WKdm,0,0,2760,4368,4096,7905,4682
REFERENCE_ollama,WKdm,0,0,2761,4368,4096,7919,4686
REFERENCE_ollama,WKdm,0,0,2762,4368,4096,7927,4670
REFERENCE_ollama,WKdm,0,0,2763,4368,4096,7933,4683
REFERENCE_ollama,WKdm,0,0,2764,4368,4096,7935,4680
REFERENCE_ollama,WKdm,0,0,2765,852,4096,7037,5325
REFERENCE_ollama,WKdm,0,0,2766,4368,4096,7917,4686
REFERENCE_ollama,WKdm,0,0,2767,4368,4096,7909,4688
REFERENCE_ollama,WKdm,0,0,2768,4368,4096,7935,4681
REFERENCE_ollama,WKdm,0,0,2769,4368,4096,7939,4688
REFERENCE_ollama,WKdm,0,0,2770,4368,4096,7919,4690
REFERENCE_ollama,WKdm,0,0,2771,4368,4096,7936,4662
REFERENCE_ollama,WKdm,0,0,2772,4368,4096,7931,4945
REFERENCE_ollama,WKdm,0,0,2773,2320,4096,6683,4678
REFERENCE_ollama,WKdm,0,0,2774,4368,4096,7936,4700
REFERENCE_ollama,WKdm,0,0,2775,4368,4096,7904,4675
REFERENCE_ollama,WKdm,0,0,2776,4368,4096,7944,4699
REFERENCE_ollama,WKdm,0,0,2777,4368,4096,7923,4671
REFERENCE_ollama,WKdm,0,0,2778,4368,4096,7928,4677
REFERENCE_ollama,WKdm,0,0,2779,4368,4096,7917,4694
REFERENCE_ollama,WKdm,0,0,2780,4368,4096,7934,4686
REFERENCE_ollama,WKdm,0,0,2781,4368,4096,7916,4707
REFERENCE_ollama,WKdm,0,0,2782,4368,4096,7947,4672
REFERENCE_ollama,WKdm,0,0,2783,4368,4096,7918,4704
REFERENCE_ollama,WKdm,0,0,2784,4368,4096,7923,4692
REFERENCE_ollama,WKdm,0,0,2785,4368,4096,8140,4695
REFERENCE_ollama,WKdm,0,0,2786,4368,4096,7914,4678
REFERENCE_ollama,WKdm,0,0,2787,4368,4096,7384,4373
REFERENCE_ollama,WKdm,0,0,2788,4372,4096,7457,4453
REFERENCE_ollama,WKdm,0,0,2789,4368,4096,7384,4378
REFERENCE_ollama,WKdm,0,0,2790,4368,4096,7382,4396
REFERENCE_ollama,WKdm,0,0,2791,4368,4096,7397,4376
REFERENCE_ollama,WKdm,0,0,2792,4368,4096,7383,4375
REFERENCE_ollama,WKdm,0,0,2793,4176,4096,7331,4446
REFERENCE_ollama,WKdm,0,0,2794,4368,4096,7393,4398
REFERENCE_ollama,WKdm,0,0,2795,1348,4096,8836,6882
REFERENCE_ollama,WKdm,0,0,2796,4368,4096,7420,4384
REFERENCE_ollama,WKdm,0,0,2797,4368,4096,7389,4391
REFERENCE_ollama,WKdm,0,0,2798,708,4096,5582,4228
REFERENCE_ollama,WKdm,0,0,2799,864,4096,6944,5548
REFERENCE_ollama,WKdm,0,0,2800,856,4096,6720,5335
REFERENCE_ollama,WKdm,0,0,2801,4368,4096,7420,4381
REFERENCE_ollama,WKdm,0,0,2802,1560,4096,10273,6817
REFERENCE_ollama,WKdm,0,0,2803,1296,4096,8520,6722
REFERENCE_ollama,WKdm,0,0,2804,4368,4096,7381,4404
REFERENCE_ollama,WKdm,0,0,2805,1256,4096,6308,4839
REFERENCE_ollama,WKdm,0,0,2806,4368,4096,7415,4401
REFERENCE_ollama,WKdm,0,0,2807,4368,4096,7417,4388
REFERENCE_ollama,WKdm,0,0,2808,4368,4096,7402,4387
REFERENCE_ollama,WKdm,0,0,2809,3408,4096,6861,4384
REFERENCE_ollama,WKdm,0,0,2810,864,4096,6781,5444
REFERENCE_ollama,WKdm,0,0,2811,4368,4096,7761,7678
REFERENCE_ollama,WKdm,0,0,2812,2516,4096,9469,6692
REFERENCE_ollama,WKdm,0,0,2813,2016,4096,8650,6648
REFERENCE_ollama,WKdm,0,0,2814,1424,4096,10798,8155
REFERENCE_ollama,WKdm,0,0,2815,916,4096,7370,5943
REFERENCE_ollama,WKdm,0,0,2816,2516,4096,9198,6345
REFERENCE_ollama,WKdm,0,0,2817,884,4096,8195,6538
REFERENCE_ollama,WKdm,0,0,2818,4368,4096,7975,4696
REFERENCE_ollama,WKdm,0,0,2819,4368,4096,7946,4675
REFERENCE_ollama,WKdm,0,0,2820,4368,4096,7927,4708
REFERENCE_ollama,WKdm,0,0,2821,864,4096,7385,5928
REFERENCE_ollama,WKdm,0,0,2822,4368,4096,7911,4705
REFERENCE_ollama,WKdm,0,0,2823,4368,4096,8153,4687
REFERENCE_ollama,WKdm,0,0,2824,4368,4096,9914,4557
REFERENCE_ollama,WKdm,0,0,2825,4368,4096,7348,4380
REFERENCE_ollama,WKdm,0,0,2826,4368,4096,7383,4359
REFERENCE_ollama,WKdm,0,0,2827,4368,4096,7352,4369
REFERENCE_ollama,WKdm,0,0,2828,656,4096,6728,5570
REFERENCE_ollama,WKdm,0,0,2829,4368,4096,7364,4401
REFERENCE_ollama,WKdm,0,0,2830,4368,4096,7399,4383
REFERENCE_ollama,WKdm,0,0,2831,4368,4096,7379,4373
REFERENCE_ollama,WKdm,0,0,2832,4368,4096,7437,4373
REFERENCE_ollama,WKdm,0,0,2833,4368,4096,7393,4362
REFERENCE_ollama,WKdm,0,0,2834,928,4096,6778,5344
REFERENCE_ollama,WKdm,0,0,2835,4368,4096,7385,4385
REFERENCE_ollama,WKdm,0,0,2836,4368,4096,7385,4613
REFERENCE_ollama,WKdm,0,0,2837,4368,4096,7344,4387
REFERENCE_ollama,WKdm,0,0,2838,4368,4096,7366,4383
REFERENCE_ollama,WKdm,0,0,2839,4368,4096,7374,4378
REFERENCE_ollama,WKdm,0,0,2840,4368,4096,7379,4383
REFERENCE_ollama,WKdm,0,0,2841,2124,4096,8943,6584
REFERENCE_ollama,WKdm,0,0,2842,4368,4096,7426,4379
REFERENCE_ollama,WKdm,0,0,2843,4368,4096,7404,4381
REFERENCE_ollama,WKdm,0,0,2844,4368,4096,7412,4372
REFERENCE_ollama,WKdm,0,0,2845,4368,4096,7392,4375
REFERENCE_ollama,WKdm,0,0,2846,4372,4096,7485,4445
REFERENCE_ollama,WKdm,0,0,2847,1108,4096,6765,5288
REFERENCE_ollama,WKdm,0,0,2848,856,4096,7051,5589
REFERENCE_ollama,WKdm,0,0,2849,4368,4096,7430,4616
REFERENCE_ollama,WKdm,0,0,2850,4368,4096,7414,4381
REFERENCE_ollama,WKdm,0,0,2851,984,4096,6825,5397
REFERENCE_ollama,WKdm,0,0,2852,4368,4096,7414,4389
REFERENCE_ollama,WKdm,0,0,2853,4368,4096,7404,4374
REFERENCE_ollama,WKdm,0,0,2854,4368,4096,7410,4372
REFERENCE_ollama,WKdm,0,0,2855,2416,4096,7572,5173
REFERENCE_ollama,WKdm,0,0,2856,728,4096,7306,5805
REFERENCE_ollama,WKdm,0,0,2857,864,4096,6874,5527
REFERENCE_ollama,WKdm,0,0,2858,4368,4096,7401,4393
REFERENCE_ollama,WKdm,0,0,2859,4368,4096,7402,4388
REFERENCE_ollama,WKdm,0,0,2860,4368,4096,7377,4391
REFERENCE_ollama,WKdm,0,0,2861,1360,4096,5578,4261
REFERENCE_ollama,WKdm,0,0,2862,840,4096,6893,5473
REFERENCE_ollama,WKdm,0,0,2863,1044,4096,10906,6297
REFERENCE_ollama,WKdm,0,0,2864,4368,4096,7918,4719
REFERENCE_ollama,WKdm,0,0,2865,4368,4096,7895,4698
REFERENCE_ollama,WKdm,0,0,2866,4368,4096,7898,4692
REFERENCE_ollama,WKdm,0,0,2867,4368,4096,7917,4705
REFERENCE_ollama,WKdm,0,0,2868,648,4096,7369,6013
REFERENCE_ollama,WKdm,0,0,2869,3344,4096,7302,4680
REFERENCE_ollama,WKdm,0,0,2870,4368,4096,7886,4697
REFERENCE_ollama,WKdm,0,0,2871,584,4096,6890,5658
REFERENCE_ollama,WKdm,0,0,2872,4368,4096,7883,4706
REFERENCE_ollama,WKdm,0,0,2873,4368,4096,7890,4696
REFERENCE_ollama,WKdm,0,0,2874,4368,4096,7897,4699
REFERENCE_ollama,WKdm,0,0,2875,4368,4096,8010,4706
REFERENCE_ollama,WKdm,0,0,2876,1556,4096,9473,7299
REFERENCE_ollama,WKdm,0,0,2877,4368,4096,7909,4701
REFERENCE_ollama,WKdm,0,0,2878,932,4096,7538,6072
REFERENCE_ollama,WKdm,0,0,2879,4368,4096,7914,4705
REFERENCE_ollama,WKdm,0,0,2880,4368,4096,7895,4686
REFERENCE_ollama,WKdm,0,0,2881,4368,4096,7896,4681
REFERENCE_ollama,WKdm,0,0,2882,4368,4096,7905,4707
REFERENCE_ollama,WKdm,0,0,2883,852,4096,7155,5810
REFERENCE_ollama,WKdm,0,0,2884,4368,4096,7920,4706
REFERENCE_ollama,WKdm,0,0,2885,4368,4096,7932,4674
REFERENCE_ollama,WKdm,0,0,2886,1412,4096,9297,7036
REFERENCE_ollama,WKdm,0,0,2887,4368,4096,7945,4724
REFERENCE_ollama,WKdm,0,0,2888,4368,4096,7867,4727
REFERENCE_ollama,WKdm,0,0,2889,4368,4096,7933,4692
REFERENCE_ollama,WKdm,0,0,2890,4368,4096,7926,4697
REFERENCE_ollama,WKdm,0,0,2891,4368,4096,7876,4700
REFERENCE_ollama,WKdm,0,0,2892,4368,4096,7902,4705
REFERENCE_ollama,WKdm,0,0,2893,584,4096,6826,5604
REFERENCE_ollama,WKdm,0,0,2894,4368,4096,7913,4709
REFERENCE_ollama,WKdm,0,0,2895,816,4096,7831,6406
REFERENCE_ollama,WKdm,0,0,2896,4368,4096,7920,4690
REFERENCE_ollama,WKdm,0,0,2897,4368,4096,7913,4690
REFERENCE_ollama,WKdm,0,0,2898,4368,4096,7901,4673
REFERENCE_ollama,WKdm,0,0,2899,1180,4096,8042,6298
REFERENCE_ollama,WKdm,0,0,2900,4368,4096,7680,5255
REFERENCE_ollama,WKdm,0,0,2901,4368,4096,7920,4698
REFERENCE_ollama,WKdm,0,0,2902,4368,4096,7892,4698
REFERENCE_ollama,WKdm,0,0,2903,4368,4096,7905,4711
REFERENCE_ollama,WKdm,0,0,2904,4368,4096,7918,4688
REFERENCE_ollama,WKdm,0,0,2905,4368,4096,7883,4692
REFERENCE_ollama,WKdm,0,0,2906,4368,4096,7922,4710
REFERENCE_ollama,WKdm,0,0,2907,1060,4096,8173,6202
REFERENCE_ollama,WKdm,0,0,2908,4368,4096,7904,4720
REFERENCE_ollama,WKdm,0,0,2909,4368,4096,7902,4707
REFERENCE_ollama,WKdm,0,0,2910,4368,4096,7895,4706
REFERENCE_ollama,WKdm,0,0,2911,4368,4096,7898,4702
REFERENCE_ollama,WKdm,0,0,2912,4368,4096,7911,4690
REFERENCE_ollama,WKdm,0,0,2913,4368,4096,7935,4329
REFERENCE_ollama,WKdm,0,0,2914,4368,4096,7971,4692
REFERENCE_ollama,WKdm,0,0,2915,868,4096,7024,5638
REFERENCE_ollama,WKdm,0,0,2916,4368,4096,7905,4676
REFERENCE_ollama,WKdm,0,0,2917,1272,4096,8559,6628
REFERENCE_ollama,WKdm,0,0,2918,356,4096,5658,4792
REFERENCE_ollama,WKdm,0,0,2919,624,4096,6610,5457
REFERENCE_ollama,WKdm,0,0,2920,4368,4096,7901,4726
REFERENCE_ollama,WKdm,0,0,2921,4372,4096,7979,4739
REFERENCE_ollama,WKdm,0,0,2922,952,4096,7618,5896
REFERENCE_ollama,WKdm,0,0,2923,1488,4096,9856,7457
REFERENCE_ollama,WKdm,0,0,2924,4368,4096,7951,4697
REFERENCE_ollama,WKdm,0,0,2925,876,4096,7195,5973
REFERENCE_ollama,WKdm,0,0,2926,916,4096,7466,5888
REFERENCE_ollama,WKdm,0,0,2927,4368,4096,7931,4716
REFERENCE_ollama,WKdm,0,0,2928,4368,4096,7926,4672
REFERENCE_ollama,WKdm,0,0,2929,4368,4096,7917,4682
REFERENCE_ollama,WKdm,0,0,2930,4368,4096,7915,4661
REFERENCE_ollama,WKdm,0,0,2931,4368,4096,7916,4684
REFERENCE_ollama,WKdm,0,0,2932,4368,4096,7917,4681
REFERENCE_ollama,WKdm,0,0,2933,4368,4096,7926,4703
REFERENCE_ollama,WKdm,0,0,2934,892,4096,6807,5428
REFERENCE_ollama,WKdm,0,0,2935,4368,4096,7933,4701
REFERENCE_ollama,WKdm,0,0,2936,856,4096,7226,5841
REFERENCE_ollama,WKdm,0,0,2937,4368,4096,7943,4720
REFERENCE_ollama,WKdm,0,0,2938,828,4096,7399,6196
REFERENCE_ollama,WKdm,0,0,2939,4368,4096,7894,4722
REFERENCE_ollama,WKdm,0,0,2940,4368,4096,7906,4691
REFERENCE_ollama,WKdm,0,0,2941,4368,4096,7885,4688
REFERENCE_ollama,WKdm,0,0,2942,4368,4096,7910,4688
